sample_f1,sample_precision,sample_recall,event_detection_rate,detected_events,n_events,delay_mean_sec,normal_fa_cycle_rate,normal_fa_cycles,normal_cycles,normal_fa_episodes,idle_fa_cycle_rate,idle_fa_cycles,idle_cycles,idle_fa_episodes,model,quantile,variant,repeat,seed
0.7636363636363637,0.84,0.7,0.8095238095238095,17,21,0.9294117647058823,0.0273972602739726,14,511,22,0.0,0,88,0,mahalanobis,0.995,1.0s Window,0,0
0.8106255355612683,0.8342151675485009,0.7883333333333333,0.8571428571428571,18,21,0.5055555555555556,0.06457925636007827,33,511,49,0.0,0,88,0,mahalanobis,0.995,0.5s Window,0,0
0.565677966101695,0.7761627906976745,0.445,0.8571428571428571,18,21,0.49444444444444435,0.05283757338551859,27,511,39,0.0,0,88,0,mahalanobis,0.995,Sample-level,0,0
0.8003072196620584,0.7421652421652422,0.8683333333333333,1.0,21,21,0.3333333333333334,0.10371819960861056,53,511,81,0.0,0,88,0,mahalanobis,0.995,OR_3,0,0
0.8304093567251462,0.8324958123953099,0.8283333333333334,0.9523809523809523,20,21,0.44000000000000006,0.03131115459882583,16,511,25,0.0,0,88,0,mahalanobis,0.995,OR_3 + P2,0,0
0.6266266266266266,0.7844611528822055,0.5216666666666666,0.7142857142857143,15,21,1.1,0.03718199608610567,19,511,37,0.03409090909090909,3,88,3,iforest,0.995,1.0s Window,0,0
0.5693430656934306,0.7604456824512534,0.455,0.8571428571428571,18,21,0.6722222222222223,0.06457925636007827,33,511,57,0.0,0,88,0,iforest,0.995,0.5s Window,0,0
0.48743169398907105,0.707936507936508,0.37166666666666665,0.8571428571428571,18,21,0.6111111111111112,0.10176125244618395,52,511,71,0.0,0,88,0,iforest,0.995,Sample-level,0,0
0.652789342214821,0.6522462562396006,0.6533333333333333,1.0,21,21,0.5142857142857141,0.12720156555772993,65,511,121,0.03409090909090909,3,88,3,iforest,0.995,OR_3,0,0
0.6705314009661836,0.7977011494252874,0.5783333333333334,0.8571428571428571,18,21,0.688888888888889,0.043052837573385516,22,511,35,0.011363636363636364,1,88,1,iforest,0.995,OR_3 + P2,0,0
0.7716390423572744,0.8621399176954733,0.6983333333333334,0.8095238095238095,17,21,0.9352941176470588,0.033268101761252444,17,511,26,0.0,0,88,0,mahalanobis,0.995,1.0s Window,1,1
0.8205574912891986,0.8594890510948905,0.785,0.8571428571428571,18,21,0.5111111111111112,0.060665362035225046,31,511,41,0.0,0,88,0,mahalanobis,0.995,0.5s Window,1,1
0.5594111461619348,0.7578347578347578,0.44333333333333336,0.8571428571428571,18,21,0.49444444444444435,0.05870841487279843,30,511,44,0.0,0,88,0,mahalanobis,0.995,Sample-level,1,1
0.805877803557618,0.7518037518037518,0.8683333333333333,1.0,21,21,0.33809523809523817,0.11350293542074363,58,511,85,0.0,0,88,0,mahalanobis,0.995,OR_3,1,1
0.8385460693153001,0.8507718696397941,0.8266666666666667,0.9523809523809523,20,21,0.4550000000000002,0.0410958904109589,21,511,32,0.0,0,88,0,mahalanobis,0.995,OR_3 + P2,1,1
0.7080504364694471,0.8468677494199536,0.6083333333333333,0.7619047619047619,16,21,1.0375,0.04500978473581213,23,511,37,0.09090909090909091,8,88,9,iforest,0.995,1.0s Window,1,1
0.6179540709812108,0.8268156424581006,0.49333333333333335,0.7619047619047619,16,21,0.64375,0.0684931506849315,35,511,51,0.06818181818181818,6,88,6,iforest,0.995,0.5s Window,1,1
0.47058823529411764,0.7043189368770764,0.35333333333333333,0.8571428571428571,18,21,0.6111111111111112,0.10176125244618395,52,511,75,0.0,0,88,0,iforest,0.995,Sample-level,1,1
0.7089430894308943,0.692063492063492,0.7266666666666667,0.9523809523809523,20,21,0.5349999999999999,0.1487279843444227,76,511,132,0.13636363636363635,12,88,14,iforest,0.995,OR_3,1,1
0.7497639282341831,0.8649237472766884,0.6616666666666666,0.9047619047619048,19,21,0.7526315789473684,0.043052837573385516,22,511,27,0.022727272727272728,2,88,2,iforest,0.995,OR_3 + P2,1,1
0.7622504537205081,0.8366533864541833,0.7,0.8095238095238095,17,21,0.9294117647058823,0.029354207436399216,15,511,28,0.0,0,88,0,mahalanobis,0.995,1.0s Window,2,2
0.8225108225108225,0.8558558558558559,0.7916666666666666,0.8571428571428571,18,21,0.5111111111111112,0.0547945205479452,28,511,40,0.0,0,88,0,mahalanobis,0.995,0.5s Window,2,2
0.5610010427528676,0.7493036211699164,0.4483333333333333,0.8571428571428571,18,21,0.49444444444444435,0.05870841487279843,30,511,44,0.0,0,88,0,mahalanobis,0.995,Sample-level,2,2
0.799079754601227,0.7400568181818182,0.8683333333333333,1.0,21,21,0.3333333333333334,0.10567514677103718,54,511,77,0.0,0,88,0,mahalanobis,0.995,OR_3,2,2
0.8252911813643927,0.8239202657807309,0.8266666666666667,0.9523809523809523,20,21,0.4600000000000001,0.03913894324853229,20,511,32,0.0,0,88,0,mahalanobis,0.995,OR_3 + P2,2,2
0.6628352490421456,0.7792792792792793,0.5766666666666667,0.7619047619047619,16,21,1.10625,0.050880626223091974,26,511,43,0.0,0,88,0,iforest,0.995,1.0s Window,2,2
0.5954045954045954,0.743142144638404,0.49666666666666665,0.7619047619047619,16,21,0.65625,0.09393346379647749,48,511,83,0.0,0,88,0,iforest,0.995,0.5s Window,2,2
0.47005649717514125,0.7298245614035088,0.3466666666666667,0.8571428571428571,18,21,0.6111111111111112,0.09393346379647749,48,511,66,0.0,0,88,0,iforest,0.995,Sample-level,2,2
0.6730158730158731,0.6424242424242425,0.7066666666666667,0.9523809523809523,20,21,0.56,0.15264187866927592,78,511,149,0.0,0,88,0,iforest,0.995,OR_3,2,2
0.7134831460674157,0.8141025641025641,0.635,0.9047619047619048,19,21,0.7052631578947368,0.04500978473581213,23,511,34,0.0,0,88,0,iforest,0.995,OR_3 + P2,2,2
0.7551569506726458,0.8174757281553398,0.7016666666666667,0.8095238095238095,17,21,0.9294117647058823,0.0410958904109589,21,511,37,0.0,0,88,0,mahalanobis,0.995,1.0s Window,3,3
0.8078231292517006,0.8246527777777778,0.7916666666666666,0.8571428571428571,18,21,0.4833333333333334,0.0684931506849315,35,511,52,0.0,0,88,0,mahalanobis,0.995,0.5s Window,3,3
0.556935817805383,0.7349726775956285,0.4483333333333333,0.8571428571428571,18,21,0.47777777777777775,0.06262230919765166,32,511,49,0.0,0,88,0,mahalanobis,0.995,Sample-level,3,3
0.7796863330843914,0.706359945872801,0.87,1.0,21,21,0.3333333333333334,0.12133072407045009,62,511,97,0.0,0,88,0,mahalanobis,0.995,OR_3,3,3
0.8177339901477833,0.8058252427184466,0.83,0.9523809523809523,20,21,0.44000000000000006,0.04500978473581213,23,511,39,0.0,0,88,0,mahalanobis,0.995,OR_3 + P2,3,3
0.6539235412474849,0.8248730964467005,0.5416666666666666,0.7142857142857143,15,21,1.1333333333333333,0.050880626223091974,26,511,40,0.0,0,88,0,iforest,0.995,1.0s Window,3,3
0.5635245901639344,0.7313829787234043,0.4583333333333333,0.7142857142857143,15,21,0.5933333333333335,0.08806262230919765,45,511,81,0.0,0,88,0,iforest,0.995,0.5s Window,3,3
0.46651785714285715,0.706081081081081,0.34833333333333333,0.8571428571428571,18,21,0.6111111111111112,0.10763209393346379,55,511,74,0.0,0,88,0,iforest,0.995,Sample-level,3,3
0.6551724137931034,0.6456310679611651,0.665,0.9047619047619048,19,21,0.5157894736842105,0.14285714285714285,73,511,146,0.0,0,88,0,iforest,0.995,OR_3,3,3
0.7032755298651252,0.8333333333333334,0.6083333333333333,0.8571428571428571,18,21,0.6944444444444444,0.04500978473581213,23,511,33,0.0,0,88,0,iforest,0.995,OR_3 + P2,3,3
0.7603603603603604,0.8274509803921568,0.7033333333333334,0.8095238095238095,17,21,0.9294117647058823,0.04892367906066536,25,511,40,0.0,0,88,0,mahalanobis,0.995,1.0s Window,4,4
0.8113695090439277,0.839572192513369,0.785,0.8571428571428571,18,21,0.5166666666666667,0.06653620352250489,34,511,47,0.0,0,88,0,mahalanobis,0.995,0.5s Window,4,4
0.5541666666666667,0.7388888888888889,0.44333333333333336,0.8571428571428571,18,21,0.561111111111111,0.06457925636007827,33,511,50,0.0,0,88,0,mahalanobis,0.995,Sample-level,4,4
0.7864661654135339,0.7164383561643836,0.8716666666666667,1.0,21,21,0.3428571428571429,0.12133072407045009,62,511,101,0.0,0,88,0,mahalanobis,0.995,OR_3,4,4
0.8282157676348548,0.824793388429752,0.8316666666666667,0.9523809523809523,20,21,0.45000000000000007,0.046966731898238745,24,511,36,0.0,0,88,0,mahalanobis,0.995,OR_3 + P2,4,4
0.6719056974459725,0.8181818181818182,0.57,0.7619047619047619,16,21,1.08125,0.050880626223091974,26,511,38,0.045454545454545456,4,88,4,iforest,0.995,1.0s Window,4,4
0.5846477392218717,0.792022792022792,0.4633333333333333,0.7619047619047619,16,21,0.6312500000000001,0.0684931506849315,35,511,54,0.011363636363636364,1,88,1,iforest,0.995,0.5s Window,4,4
0.4708423326133909,0.6687116564417178,0.36333333333333334,0.8571428571428571,18,21,0.8277777777777777,0.10567514677103718,54,511,90,0.0,0,88,0,iforest,0.995,Sample-level,4,4
0.6746987951807228,0.6511627906976745,0.7,0.9523809523809523,20,21,0.5649999999999998,0.14090019569471623,72,511,139,0.045454545454545456,4,88,5,iforest,0.995,OR_3,4,4
0.7165575304022451,0.8166311300639659,0.6383333333333333,0.9047619047619048,19,21,0.7105263157894738,0.050880626223091974,26,511,38,0.022727272727272728,2,88,2,iforest,0.995,OR_3 + P2,4,4
