group_id,fault_onset_time,detected,alarm_window_start,alarm_window_end,detection_delay_sec,note,W_sec,fold,threshold,scale,system,threshold_mode,repeat
fault_12,2022-07-17 10:52:45.655,True,2022-07-17 10:52:45.655,2022-07-17 10:52:46.655,1.0,detected,1.0,0,66.58368980609313,1.0_0.1,1.0_0.1,normal_quantile,0
fault_14,2022-07-17 10:53:01.909,True,2022-07-17 10:53:01.909,2022-07-17 10:53:02.909,1.0,detected,1.0,0,66.58368980609313,1.0_0.1,1.0_0.1,normal_quantile,0
fault_18,2022-07-17 10:53:34.639,True,2022-07-17 10:53:34.639,2022-07-17 10:53:35.639,1.0,detected,1.0,0,66.58368980609313,1.0_0.1,1.0_0.1,normal_quantile,0
fault_6,2022-07-17 10:51:56.684,True,2022-07-17 10:51:56.684,2022-07-17 10:51:57.684,1.0,detected,1.0,0,66.58368980609313,1.0_0.1,1.0_0.1,normal_quantile,0
fault_11,2022-07-17 10:52:38.172,True,2022-07-17 10:52:38.172,2022-07-17 10:52:39.172,1.0,detected,1.0,1,59.041160372582276,1.0_0.1,1.0_0.1,normal_quantile,0
fault_17,2022-07-17 10:53:26.553,True,2022-07-17 10:53:26.553,2022-07-17 10:53:27.553,1.0,detected,1.0,1,59.041160372582276,1.0_0.1,1.0_0.1,normal_quantile,0
fault_2,2022-07-17 10:51:23.615,True,2022-07-17 10:51:23.615,2022-07-17 10:51:24.615,1.0,detected,1.0,1,59.041160372582276,1.0_0.1,1.0_0.1,normal_quantile,0
fault_20,2022-07-17 10:53:52.140,True,2022-07-17 10:53:52.140,2022-07-17 10:53:53.140,1.0,detected,1.0,1,59.041160372582276,1.0_0.1,1.0_0.1,normal_quantile,0
fault_13,2022-07-17 10:52:53.769,True,2022-07-17 10:52:53.769,2022-07-17 10:52:54.769,1.0,detected,1.0,2,28.504093204989427,1.0_0.1,1.0_0.1,normal_quantile,0
fault_15,2022-07-17 10:53:11.764,True,2022-07-17 10:53:12.264,2022-07-17 10:53:13.264,1.5,detected,1.0,2,28.504093204989427,1.0_0.1,1.0_0.1,normal_quantile,0
fault_16,2022-07-17 10:53:18.444,True,2022-07-17 10:53:18.444,2022-07-17 10:53:19.444,1.0,detected,1.0,2,28.504093204989427,1.0_0.1,1.0_0.1,normal_quantile,0
fault_7,2022-07-17 10:52:04.407,True,2022-07-17 10:52:04.407,2022-07-17 10:52:05.407,1.0,detected,1.0,2,28.504093204989427,1.0_0.1,1.0_0.1,normal_quantile,0
fault_3,2022-07-17 10:51:31.734,True,2022-07-17 10:51:31.734,2022-07-17 10:51:32.734,1.0,detected,1.0,3,51.7274542786629,1.0_0.1,1.0_0.1,normal_quantile,0
fault_8,2022-07-17 10:52:12.567,True,2022-07-17 10:52:12.567,2022-07-17 10:52:13.567,1.0,detected,1.0,3,51.7274542786629,1.0_0.1,1.0_0.1,normal_quantile,0
fault_1,2022-07-17 10:51:16.724,True,2022-07-17 10:51:16.724,2022-07-17 10:51:17.724,1.0,detected,1.0,4,27.78820955612613,1.0_0.1,1.0_0.1,normal_quantile,0
fault_4,2022-07-17 10:51:39.999,True,2022-07-17 10:51:39.999,2022-07-17 10:51:40.999,1.0,detected,1.0,4,27.78820955612613,1.0_0.1,1.0_0.1,normal_quantile,0
fault_12,2022-07-17 10:52:45.655,True,2022-07-17 10:52:45.655,2022-07-17 10:52:46.155,0.5,detected,0.5,0,66.31706274384062,0.5_0.1,0.5_0.1,normal_quantile,0
fault_14,2022-07-17 10:53:01.909,True,2022-07-17 10:53:01.909,2022-07-17 10:53:02.409,0.5,detected,0.5,0,66.31706274384062,0.5_0.1,0.5_0.1,normal_quantile,0
fault_18,2022-07-17 10:53:34.639,True,2022-07-17 10:53:35.139,2022-07-17 10:53:35.639,1.0,detected,0.5,0,66.31706274384062,0.5_0.1,0.5_0.1,normal_quantile,0
fault_6,2022-07-17 10:51:56.684,True,2022-07-17 10:51:56.684,2022-07-17 10:51:57.184,0.5,detected,0.5,0,66.31706274384062,0.5_0.1,0.5_0.1,normal_quantile,0
fault_11,2022-07-17 10:52:38.172,True,2022-07-17 10:52:38.172,2022-07-17 10:52:38.672,0.5,detected,0.5,1,55.91275599719871,0.5_0.1,0.5_0.1,normal_quantile,0
fault_17,2022-07-17 10:53:26.553,True,2022-07-17 10:53:26.553,2022-07-17 10:53:27.053,0.5,detected,0.5,1,55.91275599719871,0.5_0.1,0.5_0.1,normal_quantile,0
fault_2,2022-07-17 10:51:23.615,True,2022-07-17 10:51:23.615,2022-07-17 10:51:24.115,0.5,detected,0.5,1,55.91275599719871,0.5_0.1,0.5_0.1,normal_quantile,0
fault_20,2022-07-17 10:53:52.140,False,,,,not_detected,0.5,1,55.91275599719871,0.5_0.1,0.5_0.1,normal_quantile,0
fault_13,2022-07-17 10:52:53.769,True,2022-07-17 10:52:53.769,2022-07-17 10:52:54.269,0.5,detected,0.5,2,37.04930262567099,0.5_0.1,0.5_0.1,normal_quantile,0
fault_15,2022-07-17 10:53:11.764,True,2022-07-17 10:53:13.464,2022-07-17 10:53:13.964,2.2,detected,0.5,2,37.04930262567099,0.5_0.1,0.5_0.1,normal_quantile,0
fault_16,2022-07-17 10:53:18.444,True,2022-07-17 10:53:18.444,2022-07-17 10:53:18.944,0.5,detected,0.5,2,37.04930262567099,0.5_0.1,0.5_0.1,normal_quantile,0
fault_7,2022-07-17 10:52:04.407,True,2022-07-17 10:52:04.407,2022-07-17 10:52:04.907,0.5,detected,0.5,2,37.04930262567099,0.5_0.1,0.5_0.1,normal_quantile,0
fault_19,2022-07-17 10:53:42.668,False,,,,not_detected,0.5,3,53.6746244097973,0.5_0.1,0.5_0.1,normal_quantile,0
fault_3,2022-07-17 10:51:31.734,True,2022-07-17 10:51:32.234,2022-07-17 10:51:32.734,1.0,detected,0.5,3,53.6746244097973,0.5_0.1,0.5_0.1,normal_quantile,0
fault_8,2022-07-17 10:52:12.567,True,2022-07-17 10:52:12.567,2022-07-17 10:52:13.067,0.5,detected,0.5,3,53.6746244097973,0.5_0.1,0.5_0.1,normal_quantile,0
fault_1,2022-07-17 10:51:16.724,True,2022-07-17 10:51:16.724,2022-07-17 10:51:17.224,0.5,detected,0.5,4,32.11271486681877,0.5_0.1,0.5_0.1,normal_quantile,0
fault_4,2022-07-17 10:51:39.999,True,2022-07-17 10:51:39.999,2022-07-17 10:51:40.499,0.5,detected,0.5,4,32.11271486681877,0.5_0.1,0.5_0.1,normal_quantile,0
fault_9,2022-07-17 10:52:21.018,True,2022-07-17 10:52:21.018,2022-07-17 10:52:21.518,0.5,detected,0.5,4,32.11271486681877,0.5_0.1,0.5_0.1,normal_quantile,0
fault_12,2022-07-17 10:52:45.655,True,2022-07-17 10:52:45.655,2022-07-17 10:52:46.655,1.0,detected,1.0,0,66.58368980609313,1.0_0.1,MULTI[1.0_0.1+0.5_0.1],normal_quantile,0
fault_14,2022-07-17 10:53:01.909,True,2022-07-17 10:53:01.909,2022-07-17 10:53:02.909,1.0,detected,1.0,0,66.58368980609313,1.0_0.1,MULTI[1.0_0.1+0.5_0.1],normal_quantile,0
fault_18,2022-07-17 10:53:34.639,True,2022-07-17 10:53:34.639,2022-07-17 10:53:35.639,1.0,detected,1.0,0,66.58368980609313,1.0_0.1,MULTI[1.0_0.1+0.5_0.1],normal_quantile,0
fault_6,2022-07-17 10:51:56.684,True,2022-07-17 10:51:56.684,2022-07-17 10:51:57.684,1.0,detected,1.0,0,66.58368980609313,1.0_0.1,MULTI[1.0_0.1+0.5_0.1],normal_quantile,0
fault_11,2022-07-17 10:52:38.172,True,2022-07-17 10:52:38.172,2022-07-17 10:52:39.172,1.0,detected,1.0,1,59.041160372582276,1.0_0.1,MULTI[1.0_0.1+0.5_0.1],normal_quantile,0
fault_17,2022-07-17 10:53:26.553,True,2022-07-17 10:53:26.553,2022-07-17 10:53:27.553,1.0,detected,1.0,1,59.041160372582276,1.0_0.1,MULTI[1.0_0.1+0.5_0.1],normal_quantile,0
fault_2,2022-07-17 10:51:23.615,True,2022-07-17 10:51:23.615,2022-07-17 10:51:24.615,1.0,detected,1.0,1,59.041160372582276,1.0_0.1,MULTI[1.0_0.1+0.5_0.1],normal_quantile,0
fault_20,2022-07-17 10:53:52.140,True,2022-07-17 10:53:52.140,2022-07-17 10:53:53.140,1.0,detected,1.0,1,59.041160372582276,1.0_0.1,MULTI[1.0_0.1+0.5_0.1],normal_quantile,0
fault_13,2022-07-17 10:52:53.769,True,2022-07-17 10:52:53.769,2022-07-17 10:52:54.769,1.0,detected,1.0,2,28.504093204989427,1.0_0.1,MULTI[1.0_0.1+0.5_0.1],normal_quantile,0
fault_15,2022-07-17 10:53:11.764,True,2022-07-17 10:53:12.264,2022-07-17 10:53:13.264,1.5,detected,1.0,2,28.504093204989427,1.0_0.1,MULTI[1.0_0.1+0.5_0.1],normal_quantile,0
fault_16,2022-07-17 10:53:18.444,True,2022-07-17 10:53:18.444,2022-07-17 10:53:19.444,1.0,detected,1.0,2,28.504093204989427,1.0_0.1,MULTI[1.0_0.1+0.5_0.1],normal_quantile,0
fault_7,2022-07-17 10:52:04.407,True,2022-07-17 10:52:04.407,2022-07-17 10:52:05.407,1.0,detected,1.0,2,28.504093204989427,1.0_0.1,MULTI[1.0_0.1+0.5_0.1],normal_quantile,0
fault_3,2022-07-17 10:51:31.734,True,2022-07-17 10:51:31.734,2022-07-17 10:51:32.734,1.0,detected,1.0,3,51.7274542786629,1.0_0.1,MULTI[1.0_0.1+0.5_0.1],normal_quantile,0
fault_8,2022-07-17 10:52:12.567,True,2022-07-17 10:52:12.567,2022-07-17 10:52:13.567,1.0,detected,1.0,3,51.7274542786629,1.0_0.1,MULTI[1.0_0.1+0.5_0.1],normal_quantile,0
fault_19,2022-07-17 10:53:42.668,False,,,,not_detected,0.5,3,53.6746244097973,0.5_0.1,MULTI[1.0_0.1+0.5_0.1],normal_quantile,0
fault_1,2022-07-17 10:51:16.724,True,2022-07-17 10:51:16.724,2022-07-17 10:51:17.724,1.0,detected,1.0,4,27.78820955612613,1.0_0.1,MULTI[1.0_0.1+0.5_0.1],normal_quantile,0
fault_4,2022-07-17 10:51:39.999,True,2022-07-17 10:51:39.999,2022-07-17 10:51:40.999,1.0,detected,1.0,4,27.78820955612613,1.0_0.1,MULTI[1.0_0.1+0.5_0.1],normal_quantile,0
fault_9,2022-07-17 10:52:21.018,True,2022-07-17 10:52:21.018,2022-07-17 10:52:21.518,0.5,detected,0.5,4,32.11271486681877,0.5_0.1,MULTI[1.0_0.1+0.5_0.1],normal_quantile,0
fault_15,2022-07-17 10:53:11.764,True,2022-07-17 10:53:12.664,2022-07-17 10:53:13.664,1.9,detected,1.0,0,58.40583632885074,1.0_0.1,1.0_0.1,normal_quantile,1
fault_17,2022-07-17 10:53:26.553,True,2022-07-17 10:53:26.553,2022-07-17 10:53:27.553,1.0,detected,1.0,0,58.40583632885074,1.0_0.1,1.0_0.1,normal_quantile,1
fault_3,2022-07-17 10:51:31.734,True,2022-07-17 10:51:31.834,2022-07-17 10:51:32.834,1.1,detected,1.0,0,58.40583632885074,1.0_0.1,1.0_0.1,normal_quantile,1
fault_11,2022-07-17 10:52:38.172,True,2022-07-17 10:52:38.172,2022-07-17 10:52:39.172,1.0,detected,1.0,1,28.50362981021695,1.0_0.1,1.0_0.1,normal_quantile,1
fault_18,2022-07-17 10:53:34.639,True,2022-07-17 10:53:34.639,2022-07-17 10:53:35.639,1.0,detected,1.0,1,28.50362981021695,1.0_0.1,1.0_0.1,normal_quantile,1
fault_4,2022-07-17 10:51:39.999,True,2022-07-17 10:51:39.999,2022-07-17 10:51:40.999,1.0,detected,1.0,1,28.50362981021695,1.0_0.1,1.0_0.1,normal_quantile,1
fault_8,2022-07-17 10:52:12.567,True,2022-07-17 10:52:12.567,2022-07-17 10:52:13.567,1.0,detected,1.0,1,28.50362981021695,1.0_0.1,1.0_0.1,normal_quantile,1
fault_1,2022-07-17 10:51:16.724,True,2022-07-17 10:51:16.724,2022-07-17 10:51:17.724,1.0,detected,1.0,2,60.41245253964274,1.0_0.1,1.0_0.1,normal_quantile,1
fault_16,2022-07-17 10:53:18.444,True,2022-07-17 10:53:18.444,2022-07-17 10:53:19.444,1.0,detected,1.0,2,60.41245253964274,1.0_0.1,1.0_0.1,normal_quantile,1
fault_20,2022-07-17 10:53:52.140,True,2022-07-17 10:53:52.140,2022-07-17 10:53:53.140,1.0,detected,1.0,2,60.41245253964274,1.0_0.1,1.0_0.1,normal_quantile,1
fault_6,2022-07-17 10:51:56.684,True,2022-07-17 10:51:56.684,2022-07-17 10:51:57.684,1.0,detected,1.0,2,60.41245253964274,1.0_0.1,1.0_0.1,normal_quantile,1
fault_13,2022-07-17 10:52:53.769,True,2022-07-17 10:52:53.769,2022-07-17 10:52:54.769,1.0,detected,1.0,3,55.8241261966996,1.0_0.1,1.0_0.1,normal_quantile,1
fault_7,2022-07-17 10:52:04.407,True,2022-07-17 10:52:04.407,2022-07-17 10:52:05.407,1.0,detected,1.0,3,55.8241261966996,1.0_0.1,1.0_0.1,normal_quantile,1
fault_12,2022-07-17 10:52:45.655,True,2022-07-17 10:52:45.655,2022-07-17 10:52:46.655,1.0,detected,1.0,4,59.239715534224814,1.0_0.1,1.0_0.1,normal_quantile,1
fault_14,2022-07-17 10:53:01.909,True,2022-07-17 10:53:01.909,2022-07-17 10:53:02.909,1.0,detected,1.0,4,59.239715534224814,1.0_0.1,1.0_0.1,normal_quantile,1
fault_2,2022-07-17 10:51:23.615,True,2022-07-17 10:51:23.615,2022-07-17 10:51:24.615,1.0,detected,1.0,4,59.239715534224814,1.0_0.1,1.0_0.1,normal_quantile,1
fault_15,2022-07-17 10:53:11.764,True,2022-07-17 10:53:13.564,2022-07-17 10:53:14.064,2.3,detected,0.5,0,49.418111470483765,0.5_0.1,0.5_0.1,normal_quantile,1
fault_17,2022-07-17 10:53:26.553,True,2022-07-17 10:53:26.553,2022-07-17 10:53:27.053,0.5,detected,0.5,0,49.418111470483765,0.5_0.1,0.5_0.1,normal_quantile,1
fault_3,2022-07-17 10:51:31.734,True,2022-07-17 10:51:32.234,2022-07-17 10:51:32.734,1.0,detected,0.5,0,49.418111470483765,0.5_0.1,0.5_0.1,normal_quantile,1
fault_9,2022-07-17 10:52:21.018,True,2022-07-17 10:52:21.018,2022-07-17 10:52:21.518,0.5,detected,0.5,0,49.418111470483765,0.5_0.1,0.5_0.1,normal_quantile,1
fault_11,2022-07-17 10:52:38.172,True,2022-07-17 10:52:38.172,2022-07-17 10:52:38.672,0.5,detected,0.5,1,36.80309319122802,0.5_0.1,0.5_0.1,normal_quantile,1
fault_18,2022-07-17 10:53:34.639,True,2022-07-17 10:53:35.139,2022-07-17 10:53:35.639,1.0,detected,0.5,1,36.80309319122802,0.5_0.1,0.5_0.1,normal_quantile,1
fault_4,2022-07-17 10:51:39.999,True,2022-07-17 10:51:39.999,2022-07-17 10:51:40.499,0.5,detected,0.5,1,36.80309319122802,0.5_0.1,0.5_0.1,normal_quantile,1
fault_8,2022-07-17 10:52:12.567,True,2022-07-17 10:52:12.567,2022-07-17 10:52:13.067,0.5,detected,0.5,1,36.80309319122802,0.5_0.1,0.5_0.1,normal_quantile,1
fault_1,2022-07-17 10:51:16.724,True,2022-07-17 10:51:16.724,2022-07-17 10:51:17.224,0.5,detected,0.5,2,62.31263973532358,0.5_0.1,0.5_0.1,normal_quantile,1
fault_16,2022-07-17 10:53:18.444,True,2022-07-17 10:53:18.444,2022-07-17 10:53:18.944,0.5,detected,0.5,2,62.31263973532358,0.5_0.1,0.5_0.1,normal_quantile,1
fault_20,2022-07-17 10:53:52.140,False,,,,not_detected,0.5,2,62.31263973532358,0.5_0.1,0.5_0.1,normal_quantile,1
fault_6,2022-07-17 10:51:56.684,True,2022-07-17 10:51:56.684,2022-07-17 10:51:57.184,0.5,detected,0.5,2,62.31263973532358,0.5_0.1,0.5_0.1,normal_quantile,1
fault_13,2022-07-17 10:52:53.769,True,2022-07-17 10:52:53.769,2022-07-17 10:52:54.269,0.5,detected,0.5,3,57.57952120262333,0.5_0.1,0.5_0.1,normal_quantile,1
fault_19,2022-07-17 10:53:42.668,False,,,,not_detected,0.5,3,57.57952120262333,0.5_0.1,0.5_0.1,normal_quantile,1
fault_7,2022-07-17 10:52:04.407,True,2022-07-17 10:52:04.407,2022-07-17 10:52:04.907,0.5,detected,0.5,3,57.57952120262333,0.5_0.1,0.5_0.1,normal_quantile,1
fault_12,2022-07-17 10:52:45.655,True,2022-07-17 10:52:45.655,2022-07-17 10:52:46.155,0.5,detected,0.5,4,55.22947764887763,0.5_0.1,0.5_0.1,normal_quantile,1
fault_14,2022-07-17 10:53:01.909,True,2022-07-17 10:53:01.909,2022-07-17 10:53:02.409,0.5,detected,0.5,4,55.22947764887763,0.5_0.1,0.5_0.1,normal_quantile,1
fault_2,2022-07-17 10:51:23.615,True,2022-07-17 10:51:23.615,2022-07-17 10:51:24.115,0.5,detected,0.5,4,55.22947764887763,0.5_0.1,0.5_0.1,normal_quantile,1
fault_15,2022-07-17 10:53:11.764,True,2022-07-17 10:53:12.664,2022-07-17 10:53:13.664,1.9,detected,1.0,0,58.40583632885074,1.0_0.1,MULTI[1.0_0.1+0.5_0.1],normal_quantile,1
fault_17,2022-07-17 10:53:26.553,True,2022-07-17 10:53:26.553,2022-07-17 10:53:27.553,1.0,detected,1.0,0,58.40583632885074,1.0_0.1,MULTI[1.0_0.1+0.5_0.1],normal_quantile,1
fault_3,2022-07-17 10:51:31.734,True,2022-07-17 10:51:31.834,2022-07-17 10:51:32.834,1.1,detected,1.0,0,58.40583632885074,1.0_0.1,MULTI[1.0_0.1+0.5_0.1],normal_quantile,1
fault_9,2022-07-17 10:52:21.018,True,2022-07-17 10:52:21.018,2022-07-17 10:52:21.518,0.5,detected,0.5,0,49.418111470483765,0.5_0.1,MULTI[1.0_0.1+0.5_0.1],normal_quantile,1
fault_11,2022-07-17 10:52:38.172,True,2022-07-17 10:52:38.172,2022-07-17 10:52:39.172,1.0,detected,1.0,1,28.50362981021695,1.0_0.1,MULTI[1.0_0.1+0.5_0.1],normal_quantile,1
fault_18,2022-07-17 10:53:34.639,True,2022-07-17 10:53:34.639,2022-07-17 10:53:35.639,1.0,detected,1.0,1,28.50362981021695,1.0_0.1,MULTI[1.0_0.1+0.5_0.1],normal_quantile,1
fault_4,2022-07-17 10:51:39.999,True,2022-07-17 10:51:39.999,2022-07-17 10:51:40.999,1.0,detected,1.0,1,28.50362981021695,1.0_0.1,MULTI[1.0_0.1+0.5_0.1],normal_quantile,1
fault_8,2022-07-17 10:52:12.567,True,2022-07-17 10:52:12.567,2022-07-17 10:52:13.567,1.0,detected,1.0,1,28.50362981021695,1.0_0.1,MULTI[1.0_0.1+0.5_0.1],normal_quantile,1
fault_1,2022-07-17 10:51:16.724,True,2022-07-17 10:51:16.724,2022-07-17 10:51:17.724,1.0,detected,1.0,2,60.41245253964274,1.0_0.1,MULTI[1.0_0.1+0.5_0.1],normal_quantile,1
fault_16,2022-07-17 10:53:18.444,True,2022-07-17 10:53:18.444,2022-07-17 10:53:19.444,1.0,detected,1.0,2,60.41245253964274,1.0_0.1,MULTI[1.0_0.1+0.5_0.1],normal_quantile,1
fault_20,2022-07-17 10:53:52.140,True,2022-07-17 10:53:52.140,2022-07-17 10:53:53.140,1.0,detected,1.0,2,60.41245253964274,1.0_0.1,MULTI[1.0_0.1+0.5_0.1],normal_quantile,1
fault_6,2022-07-17 10:51:56.684,True,2022-07-17 10:51:56.684,2022-07-17 10:51:57.684,1.0,detected,1.0,2,60.41245253964274,1.0_0.1,MULTI[1.0_0.1+0.5_0.1],normal_quantile,1
fault_13,2022-07-17 10:52:53.769,True,2022-07-17 10:52:53.769,2022-07-17 10:52:54.769,1.0,detected,1.0,3,55.8241261966996,1.0_0.1,MULTI[1.0_0.1+0.5_0.1],normal_quantile,1
fault_7,2022-07-17 10:52:04.407,True,2022-07-17 10:52:04.407,2022-07-17 10:52:05.407,1.0,detected,1.0,3,55.8241261966996,1.0_0.1,MULTI[1.0_0.1+0.5_0.1],normal_quantile,1
fault_19,2022-07-17 10:53:42.668,False,,,,not_detected,0.5,3,57.57952120262333,0.5_0.1,MULTI[1.0_0.1+0.5_0.1],normal_quantile,1
fault_12,2022-07-17 10:52:45.655,True,2022-07-17 10:52:45.655,2022-07-17 10:52:46.655,1.0,detected,1.0,4,59.239715534224814,1.0_0.1,MULTI[1.0_0.1+0.5_0.1],normal_quantile,1
fault_14,2022-07-17 10:53:01.909,True,2022-07-17 10:53:01.909,2022-07-17 10:53:02.909,1.0,detected,1.0,4,59.239715534224814,1.0_0.1,MULTI[1.0_0.1+0.5_0.1],normal_quantile,1
fault_2,2022-07-17 10:51:23.615,True,2022-07-17 10:51:23.615,2022-07-17 10:51:24.615,1.0,detected,1.0,4,59.239715534224814,1.0_0.1,MULTI[1.0_0.1+0.5_0.1],normal_quantile,1
fault_14,2022-07-17 10:53:01.909,True,2022-07-17 10:53:01.909,2022-07-17 10:53:02.909,1.0,detected,1.0,0,27.083773341620372,1.0_0.1,1.0_0.1,normal_quantile,2
fault_16,2022-07-17 10:53:18.444,True,2022-07-17 10:53:18.444,2022-07-17 10:53:19.444,1.0,detected,1.0,0,27.083773341620372,1.0_0.1,1.0_0.1,normal_quantile,2
fault_20,2022-07-17 10:53:52.140,True,2022-07-17 10:53:52.140,2022-07-17 10:53:53.140,1.0,detected,1.0,0,27.083773341620372,1.0_0.1,1.0_0.1,normal_quantile,2
fault_1,2022-07-17 10:51:16.724,True,2022-07-17 10:51:16.724,2022-07-17 10:51:17.724,1.0,detected,1.0,1,54.45121751216954,1.0_0.1,1.0_0.1,normal_quantile,2
fault_18,2022-07-17 10:53:34.639,True,2022-07-17 10:53:34.639,2022-07-17 10:53:35.639,1.0,detected,1.0,1,54.45121751216954,1.0_0.1,1.0_0.1,normal_quantile,2
fault_3,2022-07-17 10:51:31.734,True,2022-07-17 10:51:31.734,2022-07-17 10:51:32.734,1.0,detected,1.0,1,54.45121751216954,1.0_0.1,1.0_0.1,normal_quantile,2
fault_8,2022-07-17 10:52:12.567,True,2022-07-17 10:52:12.567,2022-07-17 10:52:13.567,1.0,detected,1.0,1,54.45121751216954,1.0_0.1,1.0_0.1,normal_quantile,2
fault_11,2022-07-17 10:52:38.172,True,2022-07-17 10:52:38.172,2022-07-17 10:52:39.172,1.0,detected,1.0,2,58.5477582284653,1.0_0.1,1.0_0.1,normal_quantile,2
fault_15,2022-07-17 10:53:11.764,True,2022-07-17 10:53:12.664,2022-07-17 10:53:13.664,1.9,detected,1.0,2,58.5477582284653,1.0_0.1,1.0_0.1,normal_quantile,2
fault_17,2022-07-17 10:53:26.553,True,2022-07-17 10:53:26.553,2022-07-17 10:53:27.553,1.0,detected,1.0,2,58.5477582284653,1.0_0.1,1.0_0.1,normal_quantile,2
fault_7,2022-07-17 10:52:04.407,True,2022-07-17 10:52:04.407,2022-07-17 10:52:05.407,1.0,detected,1.0,2,58.5477582284653,1.0_0.1,1.0_0.1,normal_quantile,2
fault_2,2022-07-17 10:51:23.615,True,2022-07-17 10:51:23.615,2022-07-17 10:51:24.615,1.0,detected,1.0,3,57.50067218036828,1.0_0.1,1.0_0.1,normal_quantile,2
fault_4,2022-07-17 10:51:39.999,True,2022-07-17 10:51:39.999,2022-07-17 10:51:40.999,1.0,detected,1.0,3,57.50067218036828,1.0_0.1,1.0_0.1,normal_quantile,2
fault_12,2022-07-17 10:52:45.655,True,2022-07-17 10:52:45.655,2022-07-17 10:52:46.655,1.0,detected,1.0,4,63.43110310866719,1.0_0.1,1.0_0.1,normal_quantile,2
fault_13,2022-07-17 10:52:53.769,True,2022-07-17 10:52:53.769,2022-07-17 10:52:54.769,1.0,detected,1.0,4,63.43110310866719,1.0_0.1,1.0_0.1,normal_quantile,2
fault_6,2022-07-17 10:51:56.684,True,2022-07-17 10:51:56.684,2022-07-17 10:51:57.684,1.0,detected,1.0,4,63.43110310866719,1.0_0.1,1.0_0.1,normal_quantile,2
fault_14,2022-07-17 10:53:01.909,True,2022-07-17 10:53:01.909,2022-07-17 10:53:02.409,0.5,detected,0.5,0,32.763166189223185,0.5_0.1,0.5_0.1,normal_quantile,2
fault_16,2022-07-17 10:53:18.444,True,2022-07-17 10:53:18.444,2022-07-17 10:53:18.944,0.5,detected,0.5,0,32.763166189223185,0.5_0.1,0.5_0.1,normal_quantile,2
fault_19,2022-07-17 10:53:42.668,True,2022-07-17 10:53:42.668,2022-07-17 10:53:43.168,0.5,detected,0.5,0,32.763166189223185,0.5_0.1,0.5_0.1,normal_quantile,2
fault_20,2022-07-17 10:53:52.140,True,2022-07-17 10:53:52.140,2022-07-17 10:53:52.640,0.5,detected,0.5,0,32.763166189223185,0.5_0.1,0.5_0.1,normal_quantile,2
fault_1,2022-07-17 10:51:16.724,True,2022-07-17 10:51:16.724,2022-07-17 10:51:17.224,0.5,detected,0.5,1,48.53743915936812,0.5_0.1,0.5_0.1,normal_quantile,2
fault_18,2022-07-17 10:53:34.639,True,2022-07-17 10:53:35.139,2022-07-17 10:53:35.639,1.0,detected,0.5,1,48.53743915936812,0.5_0.1,0.5_0.1,normal_quantile,2
fault_3,2022-07-17 10:51:31.734,True,2022-07-17 10:51:32.234,2022-07-17 10:51:32.734,1.0,detected,0.5,1,48.53743915936812,0.5_0.1,0.5_0.1,normal_quantile,2
fault_8,2022-07-17 10:52:12.567,True,2022-07-17 10:52:12.567,2022-07-17 10:52:13.067,0.5,detected,0.5,1,48.53743915936812,0.5_0.1,0.5_0.1,normal_quantile,2
fault_11,2022-07-17 10:52:38.172,True,2022-07-17 10:52:38.172,2022-07-17 10:52:38.672,0.5,detected,0.5,2,57.59341673220762,0.5_0.1,0.5_0.1,normal_quantile,2
fault_15,2022-07-17 10:53:11.764,True,2022-07-17 10:53:13.564,2022-07-17 10:53:14.064,2.3,detected,0.5,2,57.59341673220762,0.5_0.1,0.5_0.1,normal_quantile,2
fault_17,2022-07-17 10:53:26.553,True,2022-07-17 10:53:26.553,2022-07-17 10:53:27.053,0.5,detected,0.5,2,57.59341673220762,0.5_0.1,0.5_0.1,normal_quantile,2
fault_7,2022-07-17 10:52:04.407,True,2022-07-17 10:52:04.407,2022-07-17 10:52:04.907,0.5,detected,0.5,2,57.59341673220762,0.5_0.1,0.5_0.1,normal_quantile,2
fault_2,2022-07-17 10:51:23.615,True,2022-07-17 10:51:23.615,2022-07-17 10:51:24.115,0.5,detected,0.5,3,55.0334652887615,0.5_0.1,0.5_0.1,normal_quantile,2
fault_4,2022-07-17 10:51:39.999,True,2022-07-17 10:51:39.999,2022-07-17 10:51:40.499,0.5,detected,0.5,3,55.0334652887615,0.5_0.1,0.5_0.1,normal_quantile,2
fault_9,2022-07-17 10:52:21.018,True,2022-07-17 10:52:21.018,2022-07-17 10:52:21.518,0.5,detected,0.5,3,55.0334652887615,0.5_0.1,0.5_0.1,normal_quantile,2
fault_12,2022-07-17 10:52:45.655,True,2022-07-17 10:52:45.655,2022-07-17 10:52:46.155,0.5,detected,0.5,4,65.43704771184478,0.5_0.1,0.5_0.1,normal_quantile,2
fault_13,2022-07-17 10:52:53.769,True,2022-07-17 10:52:53.769,2022-07-17 10:52:54.269,0.5,detected,0.5,4,65.43704771184478,0.5_0.1,0.5_0.1,normal_quantile,2
fault_6,2022-07-17 10:51:56.684,True,2022-07-17 10:51:56.684,2022-07-17 10:51:57.184,0.5,detected,0.5,4,65.43704771184478,0.5_0.1,0.5_0.1,normal_quantile,2
fault_14,2022-07-17 10:53:01.909,True,2022-07-17 10:53:01.909,2022-07-17 10:53:02.909,1.0,detected,1.0,0,27.083773341620372,1.0_0.1,MULTI[1.0_0.1+0.5_0.1],normal_quantile,2
fault_16,2022-07-17 10:53:18.444,True,2022-07-17 10:53:18.444,2022-07-17 10:53:19.444,1.0,detected,1.0,0,27.083773341620372,1.0_0.1,MULTI[1.0_0.1+0.5_0.1],normal_quantile,2
fault_20,2022-07-17 10:53:52.140,True,2022-07-17 10:53:52.140,2022-07-17 10:53:53.140,1.0,detected,1.0,0,27.083773341620372,1.0_0.1,MULTI[1.0_0.1+0.5_0.1],normal_quantile,2
fault_19,2022-07-17 10:53:42.668,True,2022-07-17 10:53:42.668,2022-07-17 10:53:43.168,0.5,detected,0.5,0,32.763166189223185,0.5_0.1,MULTI[1.0_0.1+0.5_0.1],normal_quantile,2
fault_1,2022-07-17 10:51:16.724,True,2022-07-17 10:51:16.724,2022-07-17 10:51:17.724,1.0,detected,1.0,1,54.45121751216954,1.0_0.1,MULTI[1.0_0.1+0.5_0.1],normal_quantile,2
fault_18,2022-07-17 10:53:34.639,True,2022-07-17 10:53:34.639,2022-07-17 10:53:35.639,1.0,detected,1.0,1,54.45121751216954,1.0_0.1,MULTI[1.0_0.1+0.5_0.1],normal_quantile,2
fault_3,2022-07-17 10:51:31.734,True,2022-07-17 10:51:31.734,2022-07-17 10:51:32.734,1.0,detected,1.0,1,54.45121751216954,1.0_0.1,MULTI[1.0_0.1+0.5_0.1],normal_quantile,2
fault_8,2022-07-17 10:52:12.567,True,2022-07-17 10:52:12.567,2022-07-17 10:52:13.567,1.0,detected,1.0,1,54.45121751216954,1.0_0.1,MULTI[1.0_0.1+0.5_0.1],normal_quantile,2
fault_11,2022-07-17 10:52:38.172,True,2022-07-17 10:52:38.172,2022-07-17 10:52:39.172,1.0,detected,1.0,2,58.5477582284653,1.0_0.1,MULTI[1.0_0.1+0.5_0.1],normal_quantile,2
fault_15,2022-07-17 10:53:11.764,True,2022-07-17 10:53:12.664,2022-07-17 10:53:13.664,1.9,detected,1.0,2,58.5477582284653,1.0_0.1,MULTI[1.0_0.1+0.5_0.1],normal_quantile,2
fault_17,2022-07-17 10:53:26.553,True,2022-07-17 10:53:26.553,2022-07-17 10:53:27.553,1.0,detected,1.0,2,58.5477582284653,1.0_0.1,MULTI[1.0_0.1+0.5_0.1],normal_quantile,2
fault_7,2022-07-17 10:52:04.407,True,2022-07-17 10:52:04.407,2022-07-17 10:52:05.407,1.0,detected,1.0,2,58.5477582284653,1.0_0.1,MULTI[1.0_0.1+0.5_0.1],normal_quantile,2
fault_2,2022-07-17 10:51:23.615,True,2022-07-17 10:51:23.615,2022-07-17 10:51:24.615,1.0,detected,1.0,3,57.50067218036828,1.0_0.1,MULTI[1.0_0.1+0.5_0.1],normal_quantile,2
fault_4,2022-07-17 10:51:39.999,True,2022-07-17 10:51:39.999,2022-07-17 10:51:40.999,1.0,detected,1.0,3,57.50067218036828,1.0_0.1,MULTI[1.0_0.1+0.5_0.1],normal_quantile,2
fault_9,2022-07-17 10:52:21.018,True,2022-07-17 10:52:21.018,2022-07-17 10:52:21.518,0.5,detected,0.5,3,55.0334652887615,0.5_0.1,MULTI[1.0_0.1+0.5_0.1],normal_quantile,2
fault_12,2022-07-17 10:52:45.655,True,2022-07-17 10:52:45.655,2022-07-17 10:52:46.655,1.0,detected,1.0,4,63.43110310866719,1.0_0.1,MULTI[1.0_0.1+0.5_0.1],normal_quantile,2
fault_13,2022-07-17 10:52:53.769,True,2022-07-17 10:52:53.769,2022-07-17 10:52:54.769,1.0,detected,1.0,4,63.43110310866719,1.0_0.1,MULTI[1.0_0.1+0.5_0.1],normal_quantile,2
fault_6,2022-07-17 10:51:56.684,True,2022-07-17 10:51:56.684,2022-07-17 10:51:57.684,1.0,detected,1.0,4,63.43110310866719,1.0_0.1,MULTI[1.0_0.1+0.5_0.1],normal_quantile,2
fault_12,2022-07-17 10:52:45.655,True,2022-07-17 10:52:45.655,2022-07-17 10:52:46.655,1.0,detected,1.0,0,29.80881102147094,1.0_0.1,1.0_0.1,normal_quantile,3
fault_14,2022-07-17 10:53:01.909,True,2022-07-17 10:53:01.909,2022-07-17 10:53:02.909,1.0,detected,1.0,0,29.80881102147094,1.0_0.1,1.0_0.1,normal_quantile,3
fault_4,2022-07-17 10:51:39.999,True,2022-07-17 10:51:39.999,2022-07-17 10:51:40.999,1.0,detected,1.0,0,29.80881102147094,1.0_0.1,1.0_0.1,normal_quantile,3
fault_7,2022-07-17 10:52:04.407,True,2022-07-17 10:52:04.407,2022-07-17 10:52:05.407,1.0,detected,1.0,0,29.80881102147094,1.0_0.1,1.0_0.1,normal_quantile,3
fault_17,2022-07-17 10:53:26.553,True,2022-07-17 10:53:26.553,2022-07-17 10:53:27.553,1.0,detected,1.0,1,67.11390027303459,1.0_0.1,1.0_0.1,normal_quantile,3
fault_20,2022-07-17 10:53:52.140,True,2022-07-17 10:53:52.140,2022-07-17 10:53:53.140,1.0,detected,1.0,1,67.11390027303459,1.0_0.1,1.0_0.1,normal_quantile,3
fault_3,2022-07-17 10:51:31.734,True,2022-07-17 10:51:31.934,2022-07-17 10:51:32.934,1.2,detected,1.0,1,67.11390027303459,1.0_0.1,1.0_0.1,normal_quantile,3
fault_6,2022-07-17 10:51:56.684,True,2022-07-17 10:51:56.684,2022-07-17 10:51:57.684,1.0,detected,1.0,1,67.11390027303459,1.0_0.1,1.0_0.1,normal_quantile,3
fault_15,2022-07-17 10:53:11.764,True,2022-07-17 10:53:12.964,2022-07-17 10:53:13.964,2.2,detected,1.0,2,62.27162969006014,1.0_0.1,1.0_0.1,normal_quantile,3
fault_2,2022-07-17 10:51:23.615,True,2022-07-17 10:51:23.615,2022-07-17 10:51:24.615,1.0,detected,1.0,2,62.27162969006014,1.0_0.1,1.0_0.1,normal_quantile,3
fault_8,2022-07-17 10:52:12.567,True,2022-07-17 10:52:12.567,2022-07-17 10:52:13.567,1.0,detected,1.0,2,62.27162969006014,1.0_0.1,1.0_0.1,normal_quantile,3
fault_1,2022-07-17 10:51:16.724,True,2022-07-17 10:51:16.724,2022-07-17 10:51:17.724,1.0,detected,1.0,3,33.02567069911869,1.0_0.1,1.0_0.1,normal_quantile,3
fault_16,2022-07-17 10:53:18.444,True,2022-07-17 10:53:18.444,2022-07-17 10:53:19.444,1.0,detected,1.0,3,33.02567069911869,1.0_0.1,1.0_0.1,normal_quantile,3
fault_18,2022-07-17 10:53:34.639,True,2022-07-17 10:53:34.639,2022-07-17 10:53:35.639,1.0,detected,1.0,3,33.02567069911869,1.0_0.1,1.0_0.1,normal_quantile,3
fault_11,2022-07-17 10:52:38.172,True,2022-07-17 10:52:38.172,2022-07-17 10:52:39.172,1.0,detected,1.0,4,24.379140523128775,1.0_0.1,1.0_0.1,normal_quantile,3
fault_13,2022-07-17 10:52:53.769,True,2022-07-17 10:52:53.769,2022-07-17 10:52:54.769,1.0,detected,1.0,4,24.379140523128775,1.0_0.1,1.0_0.1,normal_quantile,3
fault_12,2022-07-17 10:52:45.655,True,2022-07-17 10:52:45.655,2022-07-17 10:52:46.155,0.5,detected,0.5,0,42.95133403891828,0.5_0.1,0.5_0.1,normal_quantile,3
fault_14,2022-07-17 10:53:01.909,True,2022-07-17 10:53:01.909,2022-07-17 10:53:02.409,0.5,detected,0.5,0,42.95133403891828,0.5_0.1,0.5_0.1,normal_quantile,3
fault_4,2022-07-17 10:51:39.999,True,2022-07-17 10:51:39.999,2022-07-17 10:51:40.499,0.5,detected,0.5,0,42.95133403891828,0.5_0.1,0.5_0.1,normal_quantile,3
fault_7,2022-07-17 10:52:04.407,True,2022-07-17 10:52:04.407,2022-07-17 10:52:04.907,0.5,detected,0.5,0,42.95133403891828,0.5_0.1,0.5_0.1,normal_quantile,3
fault_17,2022-07-17 10:53:26.553,True,2022-07-17 10:53:26.553,2022-07-17 10:53:27.053,0.5,detected,0.5,1,66.44590289638727,0.5_0.1,0.5_0.1,normal_quantile,3
fault_20,2022-07-17 10:53:52.140,False,,,,not_detected,0.5,1,66.44590289638727,0.5_0.1,0.5_0.1,normal_quantile,3
fault_3,2022-07-17 10:51:31.734,False,,,,not_detected,0.5,1,66.44590289638727,0.5_0.1,0.5_0.1,normal_quantile,3
fault_6,2022-07-17 10:51:56.684,True,2022-07-17 10:51:56.684,2022-07-17 10:51:57.184,0.5,detected,0.5,1,66.44590289638727,0.5_0.1,0.5_0.1,normal_quantile,3
fault_15,2022-07-17 10:53:11.764,True,2022-07-17 10:53:13.564,2022-07-17 10:53:14.064,2.3,detected,0.5,2,51.27926217865712,0.5_0.1,0.5_0.1,normal_quantile,3
fault_2,2022-07-17 10:51:23.615,True,2022-07-17 10:51:23.615,2022-07-17 10:51:24.115,0.5,detected,0.5,2,51.27926217865712,0.5_0.1,0.5_0.1,normal_quantile,3
fault_8,2022-07-17 10:52:12.567,True,2022-07-17 10:52:12.567,2022-07-17 10:52:13.067,0.5,detected,0.5,2,51.27926217865712,0.5_0.1,0.5_0.1,normal_quantile,3
fault_9,2022-07-17 10:52:21.018,True,2022-07-17 10:52:21.018,2022-07-17 10:52:21.518,0.5,detected,0.5,2,51.27926217865712,0.5_0.1,0.5_0.1,normal_quantile,3
fault_1,2022-07-17 10:51:16.724,True,2022-07-17 10:51:16.724,2022-07-17 10:51:17.224,0.5,detected,0.5,3,32.745727753582784,0.5_0.1,0.5_0.1,normal_quantile,3
fault_16,2022-07-17 10:53:18.444,True,2022-07-17 10:53:18.444,2022-07-17 10:53:18.944,0.5,detected,0.5,3,32.745727753582784,0.5_0.1,0.5_0.1,normal_quantile,3
fault_18,2022-07-17 10:53:34.639,True,2022-07-17 10:53:35.139,2022-07-17 10:53:35.639,1.0,detected,0.5,3,32.745727753582784,0.5_0.1,0.5_0.1,normal_quantile,3
fault_11,2022-07-17 10:52:38.172,True,2022-07-17 10:52:38.172,2022-07-17 10:52:38.672,0.5,detected,0.5,4,36.07105879611668,0.5_0.1,0.5_0.1,normal_quantile,3
fault_13,2022-07-17 10:52:53.769,True,2022-07-17 10:52:53.769,2022-07-17 10:52:54.269,0.5,detected,0.5,4,36.07105879611668,0.5_0.1,0.5_0.1,normal_quantile,3
fault_19,2022-07-17 10:53:42.668,True,2022-07-17 10:53:42.768,2022-07-17 10:53:43.268,0.6,detected,0.5,4,36.07105879611668,0.5_0.1,0.5_0.1,normal_quantile,3
fault_12,2022-07-17 10:52:45.655,True,2022-07-17 10:52:45.655,2022-07-17 10:52:46.655,1.0,detected,1.0,0,29.80881102147094,1.0_0.1,MULTI[1.0_0.1+0.5_0.1],normal_quantile,3
fault_14,2022-07-17 10:53:01.909,True,2022-07-17 10:53:01.909,2022-07-17 10:53:02.909,1.0,detected,1.0,0,29.80881102147094,1.0_0.1,MULTI[1.0_0.1+0.5_0.1],normal_quantile,3
fault_4,2022-07-17 10:51:39.999,True,2022-07-17 10:51:39.999,2022-07-17 10:51:40.999,1.0,detected,1.0,0,29.80881102147094,1.0_0.1,MULTI[1.0_0.1+0.5_0.1],normal_quantile,3
fault_7,2022-07-17 10:52:04.407,True,2022-07-17 10:52:04.407,2022-07-17 10:52:05.407,1.0,detected,1.0,0,29.80881102147094,1.0_0.1,MULTI[1.0_0.1+0.5_0.1],normal_quantile,3
fault_17,2022-07-17 10:53:26.553,True,2022-07-17 10:53:26.553,2022-07-17 10:53:27.553,1.0,detected,1.0,1,67.11390027303459,1.0_0.1,MULTI[1.0_0.1+0.5_0.1],normal_quantile,3
fault_20,2022-07-17 10:53:52.140,True,2022-07-17 10:53:52.140,2022-07-17 10:53:53.140,1.0,detected,1.0,1,67.11390027303459,1.0_0.1,MULTI[1.0_0.1+0.5_0.1],normal_quantile,3
fault_3,2022-07-17 10:51:31.734,True,2022-07-17 10:51:31.934,2022-07-17 10:51:32.934,1.2,detected,1.0,1,67.11390027303459,1.0_0.1,MULTI[1.0_0.1+0.5_0.1],normal_quantile,3
fault_6,2022-07-17 10:51:56.684,True,2022-07-17 10:51:56.684,2022-07-17 10:51:57.684,1.0,detected,1.0,1,67.11390027303459,1.0_0.1,MULTI[1.0_0.1+0.5_0.1],normal_quantile,3
fault_15,2022-07-17 10:53:11.764,True,2022-07-17 10:53:12.964,2022-07-17 10:53:13.964,2.2,detected,1.0,2,62.27162969006014,1.0_0.1,MULTI[1.0_0.1+0.5_0.1],normal_quantile,3
fault_2,2022-07-17 10:51:23.615,True,2022-07-17 10:51:23.615,2022-07-17 10:51:24.615,1.0,detected,1.0,2,62.27162969006014,1.0_0.1,MULTI[1.0_0.1+0.5_0.1],normal_quantile,3
fault_8,2022-07-17 10:52:12.567,True,2022-07-17 10:52:12.567,2022-07-17 10:52:13.567,1.0,detected,1.0,2,62.27162969006014,1.0_0.1,MULTI[1.0_0.1+0.5_0.1],normal_quantile,3
fault_9,2022-07-17 10:52:21.018,True,2022-07-17 10:52:21.018,2022-07-17 10:52:21.518,0.5,detected,0.5,2,51.27926217865712,0.5_0.1,MULTI[1.0_0.1+0.5_0.1],normal_quantile,3
fault_1,2022-07-17 10:51:16.724,True,2022-07-17 10:51:16.724,2022-07-17 10:51:17.724,1.0,detected,1.0,3,33.02567069911869,1.0_0.1,MULTI[1.0_0.1+0.5_0.1],normal_quantile,3
fault_16,2022-07-17 10:53:18.444,True,2022-07-17 10:53:18.444,2022-07-17 10:53:19.444,1.0,detected,1.0,3,33.02567069911869,1.0_0.1,MULTI[1.0_0.1+0.5_0.1],normal_quantile,3
fault_18,2022-07-17 10:53:34.639,True,2022-07-17 10:53:34.639,2022-07-17 10:53:35.639,1.0,detected,1.0,3,33.02567069911869,1.0_0.1,MULTI[1.0_0.1+0.5_0.1],normal_quantile,3
fault_11,2022-07-17 10:52:38.172,True,2022-07-17 10:52:38.172,2022-07-17 10:52:39.172,1.0,detected,1.0,4,24.379140523128775,1.0_0.1,MULTI[1.0_0.1+0.5_0.1],normal_quantile,3
fault_13,2022-07-17 10:52:53.769,True,2022-07-17 10:52:53.769,2022-07-17 10:52:54.769,1.0,detected,1.0,4,24.379140523128775,1.0_0.1,MULTI[1.0_0.1+0.5_0.1],normal_quantile,3
fault_19,2022-07-17 10:53:42.668,True,2022-07-17 10:53:42.768,2022-07-17 10:53:43.268,0.6,detected,0.5,4,36.07105879611668,0.5_0.1,MULTI[1.0_0.1+0.5_0.1],normal_quantile,3
fault_1,2022-07-17 10:51:16.724,True,2022-07-17 10:51:16.724,2022-07-17 10:51:17.724,1.0,detected,1.0,0,55.87027708169153,1.0_0.1,1.0_0.1,normal_quantile,4
fault_13,2022-07-17 10:52:53.769,True,2022-07-17 10:52:53.769,2022-07-17 10:52:54.769,1.0,detected,1.0,0,55.87027708169153,1.0_0.1,1.0_0.1,normal_quantile,4
fault_18,2022-07-17 10:53:34.639,True,2022-07-17 10:53:34.639,2022-07-17 10:53:35.639,1.0,detected,1.0,0,55.87027708169153,1.0_0.1,1.0_0.1,normal_quantile,4
fault_4,2022-07-17 10:51:39.999,True,2022-07-17 10:51:39.999,2022-07-17 10:51:40.999,1.0,detected,1.0,0,55.87027708169153,1.0_0.1,1.0_0.1,normal_quantile,4
fault_11,2022-07-17 10:52:38.172,True,2022-07-17 10:52:38.172,2022-07-17 10:52:39.172,1.0,detected,1.0,1,53.94209225082345,1.0_0.1,1.0_0.1,normal_quantile,4
fault_17,2022-07-17 10:53:26.553,True,2022-07-17 10:53:26.553,2022-07-17 10:53:27.553,1.0,detected,1.0,1,53.94209225082345,1.0_0.1,1.0_0.1,normal_quantile,4
fault_20,2022-07-17 10:53:52.140,True,2022-07-17 10:53:52.140,2022-07-17 10:53:53.140,1.0,detected,1.0,1,53.94209225082345,1.0_0.1,1.0_0.1,normal_quantile,4
fault_3,2022-07-17 10:51:31.734,True,2022-07-17 10:51:31.734,2022-07-17 10:51:32.734,1.0,detected,1.0,1,53.94209225082345,1.0_0.1,1.0_0.1,normal_quantile,4
fault_2,2022-07-17 10:51:23.615,True,2022-07-17 10:51:23.615,2022-07-17 10:51:24.615,1.0,detected,1.0,2,63.00675831911062,1.0_0.1,1.0_0.1,normal_quantile,4
fault_6,2022-07-17 10:51:56.684,True,2022-07-17 10:51:56.684,2022-07-17 10:51:57.684,1.0,detected,1.0,2,63.00675831911062,1.0_0.1,1.0_0.1,normal_quantile,4
fault_7,2022-07-17 10:52:04.407,True,2022-07-17 10:52:04.407,2022-07-17 10:52:05.407,1.0,detected,1.0,2,63.00675831911062,1.0_0.1,1.0_0.1,normal_quantile,4
fault_16,2022-07-17 10:53:18.444,True,2022-07-17 10:53:18.444,2022-07-17 10:53:19.444,1.0,detected,1.0,3,28.371927201389134,1.0_0.1,1.0_0.1,normal_quantile,4
fault_8,2022-07-17 10:52:12.567,True,2022-07-17 10:52:12.567,2022-07-17 10:52:13.567,1.0,detected,1.0,3,28.371927201389134,1.0_0.1,1.0_0.1,normal_quantile,4
fault_12,2022-07-17 10:52:45.655,True,2022-07-17 10:52:45.655,2022-07-17 10:52:46.655,1.0,detected,1.0,4,59.19904737474551,1.0_0.1,1.0_0.1,normal_quantile,4
fault_14,2022-07-17 10:53:01.909,True,2022-07-17 10:53:01.909,2022-07-17 10:53:02.909,1.0,detected,1.0,4,59.19904737474551,1.0_0.1,1.0_0.1,normal_quantile,4
fault_15,2022-07-17 10:53:11.764,True,2022-07-17 10:53:12.664,2022-07-17 10:53:13.664,1.9,detected,1.0,4,59.19904737474551,1.0_0.1,1.0_0.1,normal_quantile,4
fault_1,2022-07-17 10:51:16.724,True,2022-07-17 10:51:16.724,2022-07-17 10:51:17.224,0.5,detected,0.5,0,56.04915816552895,0.5_0.1,0.5_0.1,normal_quantile,4
fault_13,2022-07-17 10:52:53.769,True,2022-07-17 10:52:53.769,2022-07-17 10:52:54.269,0.5,detected,0.5,0,56.04915816552895,0.5_0.1,0.5_0.1,normal_quantile,4
fault_18,2022-07-17 10:53:34.639,True,2022-07-17 10:53:35.139,2022-07-17 10:53:35.639,1.0,detected,0.5,0,56.04915816552895,0.5_0.1,0.5_0.1,normal_quantile,4
fault_4,2022-07-17 10:51:39.999,True,2022-07-17 10:51:39.999,2022-07-17 10:51:40.499,0.5,detected,0.5,0,56.04915816552895,0.5_0.1,0.5_0.1,normal_quantile,4
fault_11,2022-07-17 10:52:38.172,True,2022-07-17 10:52:38.172,2022-07-17 10:52:38.672,0.5,detected,0.5,1,52.88340552513936,0.5_0.1,0.5_0.1,normal_quantile,4
fault_17,2022-07-17 10:53:26.553,True,2022-07-17 10:53:26.553,2022-07-17 10:53:27.053,0.5,detected,0.5,1,52.88340552513936,0.5_0.1,0.5_0.1,normal_quantile,4
fault_20,2022-07-17 10:53:52.140,False,,,,not_detected,0.5,1,52.88340552513936,0.5_0.1,0.5_0.1,normal_quantile,4
fault_3,2022-07-17 10:51:31.734,True,2022-07-17 10:51:32.234,2022-07-17 10:51:32.734,1.0,detected,0.5,1,52.88340552513936,0.5_0.1,0.5_0.1,normal_quantile,4
fault_19,2022-07-17 10:53:42.668,False,,,,not_detected,0.5,2,64.55333174138069,0.5_0.1,0.5_0.1,normal_quantile,4
fault_2,2022-07-17 10:51:23.615,True,2022-07-17 10:51:23.615,2022-07-17 10:51:24.115,0.5,detected,0.5,2,64.55333174138069,0.5_0.1,0.5_0.1,normal_quantile,4
fault_6,2022-07-17 10:51:56.684,True,2022-07-17 10:51:56.684,2022-07-17 10:51:57.184,0.5,detected,0.5,2,64.55333174138069,0.5_0.1,0.5_0.1,normal_quantile,4
fault_7,2022-07-17 10:52:04.407,True,2022-07-17 10:52:04.407,2022-07-17 10:52:04.907,0.5,detected,0.5,2,64.55333174138069,0.5_0.1,0.5_0.1,normal_quantile,4
fault_16,2022-07-17 10:53:18.444,True,2022-07-17 10:53:18.444,2022-07-17 10:53:18.944,0.5,detected,0.5,3,32.78239982605541,0.5_0.1,0.5_0.1,normal_quantile,4
fault_8,2022-07-17 10:52:12.567,True,2022-07-17 10:52:12.567,2022-07-17 10:52:13.067,0.5,detected,0.5,3,32.78239982605541,0.5_0.1,0.5_0.1,normal_quantile,4
fault_9,2022-07-17 10:52:21.018,True,2022-07-17 10:52:21.018,2022-07-17 10:52:21.518,0.5,detected,0.5,3,32.78239982605541,0.5_0.1,0.5_0.1,normal_quantile,4
fault_12,2022-07-17 10:52:45.655,True,2022-07-17 10:52:45.655,2022-07-17 10:52:46.155,0.5,detected,0.5,4,50.290919195969636,0.5_0.1,0.5_0.1,normal_quantile,4
fault_14,2022-07-17 10:53:01.909,True,2022-07-17 10:53:01.909,2022-07-17 10:53:02.409,0.5,detected,0.5,4,50.290919195969636,0.5_0.1,0.5_0.1,normal_quantile,4
fault_15,2022-07-17 10:53:11.764,True,2022-07-17 10:53:13.564,2022-07-17 10:53:14.064,2.3,detected,0.5,4,50.290919195969636,0.5_0.1,0.5_0.1,normal_quantile,4
fault_1,2022-07-17 10:51:16.724,True,2022-07-17 10:51:16.724,2022-07-17 10:51:17.724,1.0,detected,1.0,0,55.87027708169153,1.0_0.1,MULTI[1.0_0.1+0.5_0.1],normal_quantile,4
fault_13,2022-07-17 10:52:53.769,True,2022-07-17 10:52:53.769,2022-07-17 10:52:54.769,1.0,detected,1.0,0,55.87027708169153,1.0_0.1,MULTI[1.0_0.1+0.5_0.1],normal_quantile,4
fault_18,2022-07-17 10:53:34.639,True,2022-07-17 10:53:34.639,2022-07-17 10:53:35.639,1.0,detected,1.0,0,55.87027708169153,1.0_0.1,MULTI[1.0_0.1+0.5_0.1],normal_quantile,4
fault_4,2022-07-17 10:51:39.999,True,2022-07-17 10:51:39.999,2022-07-17 10:51:40.999,1.0,detected,1.0,0,55.87027708169153,1.0_0.1,MULTI[1.0_0.1+0.5_0.1],normal_quantile,4
fault_11,2022-07-17 10:52:38.172,True,2022-07-17 10:52:38.172,2022-07-17 10:52:39.172,1.0,detected,1.0,1,53.94209225082345,1.0_0.1,MULTI[1.0_0.1+0.5_0.1],normal_quantile,4
fault_17,2022-07-17 10:53:26.553,True,2022-07-17 10:53:26.553,2022-07-17 10:53:27.553,1.0,detected,1.0,1,53.94209225082345,1.0_0.1,MULTI[1.0_0.1+0.5_0.1],normal_quantile,4
fault_20,2022-07-17 10:53:52.140,True,2022-07-17 10:53:52.140,2022-07-17 10:53:53.140,1.0,detected,1.0,1,53.94209225082345,1.0_0.1,MULTI[1.0_0.1+0.5_0.1],normal_quantile,4
fault_3,2022-07-17 10:51:31.734,True,2022-07-17 10:51:31.734,2022-07-17 10:51:32.734,1.0,detected,1.0,1,53.94209225082345,1.0_0.1,MULTI[1.0_0.1+0.5_0.1],normal_quantile,4
fault_2,2022-07-17 10:51:23.615,True,2022-07-17 10:51:23.615,2022-07-17 10:51:24.615,1.0,detected,1.0,2,63.00675831911062,1.0_0.1,MULTI[1.0_0.1+0.5_0.1],normal_quantile,4
fault_6,2022-07-17 10:51:56.684,True,2022-07-17 10:51:56.684,2022-07-17 10:51:57.684,1.0,detected,1.0,2,63.00675831911062,1.0_0.1,MULTI[1.0_0.1+0.5_0.1],normal_quantile,4
fault_7,2022-07-17 10:52:04.407,True,2022-07-17 10:52:04.407,2022-07-17 10:52:05.407,1.0,detected,1.0,2,63.00675831911062,1.0_0.1,MULTI[1.0_0.1+0.5_0.1],normal_quantile,4
fault_19,2022-07-17 10:53:42.668,False,,,,not_detected,0.5,2,64.55333174138069,0.5_0.1,MULTI[1.0_0.1+0.5_0.1],normal_quantile,4
fault_16,2022-07-17 10:53:18.444,True,2022-07-17 10:53:18.444,2022-07-17 10:53:19.444,1.0,detected,1.0,3,28.371927201389134,1.0_0.1,MULTI[1.0_0.1+0.5_0.1],normal_quantile,4
fault_8,2022-07-17 10:52:12.567,True,2022-07-17 10:52:12.567,2022-07-17 10:52:13.567,1.0,detected,1.0,3,28.371927201389134,1.0_0.1,MULTI[1.0_0.1+0.5_0.1],normal_quantile,4
fault_9,2022-07-17 10:52:21.018,True,2022-07-17 10:52:21.018,2022-07-17 10:52:21.518,0.5,detected,0.5,3,32.78239982605541,0.5_0.1,MULTI[1.0_0.1+0.5_0.1],normal_quantile,4
fault_12,2022-07-17 10:52:45.655,True,2022-07-17 10:52:45.655,2022-07-17 10:52:46.655,1.0,detected,1.0,4,59.19904737474551,1.0_0.1,MULTI[1.0_0.1+0.5_0.1],normal_quantile,4
fault_14,2022-07-17 10:53:01.909,True,2022-07-17 10:53:01.909,2022-07-17 10:53:02.909,1.0,detected,1.0,4,59.19904737474551,1.0_0.1,MULTI[1.0_0.1+0.5_0.1],normal_quantile,4
fault_15,2022-07-17 10:53:11.764,True,2022-07-17 10:53:12.664,2022-07-17 10:53:13.664,1.9,detected,1.0,4,59.19904737474551,1.0_0.1,MULTI[1.0_0.1+0.5_0.1],normal_quantile,4
