system,threshold_mode,group_id,detect_rate,delay_mean_sec,scale
1.0_0.1,f1,fault_1,1.0,1.0,1.0_0.1
1.0_0.1,f1,fault_12,1.0,1.0,1.0_0.1
1.0_0.1,f1,fault_6,1.0,1.0,1.0_0.1
1.0_0.1,f1,fault_7,1.0,1.0,1.0_0.1
1.0_0.1,f1,fault_14,1.0,1.0,1.0_0.1
1.0_0.1,f1,fault_18,1.0,1.0,1.0_0.1
1.0_0.1,f1,fault_3,0.8,1.175,1.0_0.1
1.0_0.1,f1,fault_4,1.0,1.0,1.0_0.1
1.0_0.1,f1,fault_11,1.0,1.0,1.0_0.1
1.0_0.1,f1,fault_13,1.0,1.0,1.0_0.1
1.0_0.1,f1,fault_16,1.0,1.0,1.0_0.1
1.0_0.1,f1,fault_17,1.0,1.0,1.0_0.1
1.0_0.1,f1,fault_15,1.0,1.8800000000000001,1.0_0.1
1.0_0.1,f1,fault_2,1.0,1.08,1.0_0.1
1.0_0.1,f1,fault_20,1.0,1.0,1.0_0.1
1.0_0.1,f1,fault_8,1.0,1.0,1.0_0.1
1.0_0.1,normal_quantile,fault_1,1.0,1.0,1.0_0.1
1.0_0.1,normal_quantile,fault_12,1.0,1.0,1.0_0.1
1.0_0.1,normal_quantile,fault_6,1.0,1.0,1.0_0.1
1.0_0.1,normal_quantile,fault_7,1.0,1.0,1.0_0.1
1.0_0.1,normal_quantile,fault_14,1.0,1.0,1.0_0.1
1.0_0.1,normal_quantile,fault_18,1.0,1.0,1.0_0.1
1.0_0.1,normal_quantile,fault_3,1.0,1.0,1.0_0.1
1.0_0.1,normal_quantile,fault_4,1.0,1.0,1.0_0.1
1.0_0.1,normal_quantile,fault_11,1.0,1.0,1.0_0.1
1.0_0.1,normal_quantile,fault_13,1.0,1.0,1.0_0.1
1.0_0.1,normal_quantile,fault_16,1.0,1.0,1.0_0.1
1.0_0.1,normal_quantile,fault_17,1.0,1.0,1.0_0.1
1.0_0.1,normal_quantile,fault_15,1.0,1.52,1.0_0.1
1.0_0.1,normal_quantile,fault_2,1.0,1.0,1.0_0.1
1.0_0.1,normal_quantile,fault_20,1.0,1.0,1.0_0.1
1.0_0.1,normal_quantile,fault_8,1.0,1.0,1.0_0.1
0.5_0.1,f1,fault_1,1.0,0.5,0.5_0.1
0.5_0.1,f1,fault_11,1.0,0.5,0.5_0.1
0.5_0.1,f1,fault_12,1.0,0.5,0.5_0.1
0.5_0.1,f1,fault_16,1.0,0.5,0.5_0.1
0.5_0.1,f1,fault_8,1.0,0.5,0.5_0.1
0.5_0.1,f1,fault_14,1.0,0.5,0.5_0.1
0.5_0.1,f1,fault_19,1.0,0.6599999999999999,0.5_0.1
0.5_0.1,f1,fault_2,1.0,0.5,0.5_0.1
0.5_0.1,f1,fault_4,1.0,0.5,0.5_0.1
0.5_0.1,f1,fault_7,1.0,0.5,0.5_0.1
0.5_0.1,f1,fault_13,1.0,0.5,0.5_0.1
0.5_0.1,f1,fault_17,1.0,0.5,0.5_0.1
0.5_0.1,f1,fault_6,1.0,0.5,0.5_0.1
0.5_0.1,f1,fault_9,1.0,0.5,0.5_0.1
0.5_0.1,f1,fault_15,1.0,2.2,0.5_0.1
0.5_0.1,f1,fault_18,1.0,0.9199999999999999,0.5_0.1
0.5_0.1,f1,fault_20,1.0,0.5,0.5_0.1
0.5_0.1,f1,fault_3,1.0,0.82,0.5_0.1
MULTI[1.0_0.1+0.5_0.1],f1,fault_1,1.0,1.0,1.0_0.1
MULTI[1.0_0.1+0.5_0.1],f1,fault_11,1.0,1.0,1.0_0.1
MULTI[1.0_0.1+0.5_0.1],f1,fault_12,1.0,1.0,1.0_0.1
MULTI[1.0_0.1+0.5_0.1],f1,fault_16,1.0,1.0,1.0_0.1
MULTI[1.0_0.1+0.5_0.1],f1,fault_8,1.0,1.0,1.0_0.1
MULTI[1.0_0.1+0.5_0.1],f1,fault_14,1.0,1.0,1.0_0.1
MULTI[1.0_0.1+0.5_0.1],f1,fault_2,1.0,1.08,1.0_0.1
MULTI[1.0_0.1+0.5_0.1],f1,fault_4,1.0,1.0,1.0_0.1
MULTI[1.0_0.1+0.5_0.1],f1,fault_7,1.0,1.0,1.0_0.1
MULTI[1.0_0.1+0.5_0.1],f1,fault_19,1.0,0.6599999999999999,0.5_0.1
MULTI[1.0_0.1+0.5_0.1],f1,fault_13,1.0,1.0,1.0_0.1
MULTI[1.0_0.1+0.5_0.1],f1,fault_17,1.0,1.0,1.0_0.1
MULTI[1.0_0.1+0.5_0.1],f1,fault_6,1.0,1.0,1.0_0.1
MULTI[1.0_0.1+0.5_0.1],f1,fault_9,1.0,0.5,0.5_0.1
MULTI[1.0_0.1+0.5_0.1],f1,fault_15,1.0,1.6600000000000001,1.0_0.1
MULTI[1.0_0.1+0.5_0.1],f1,fault_18,1.0,1.0,1.0_0.1
MULTI[1.0_0.1+0.5_0.1],f1,fault_20,1.0,1.0,1.0_0.1
MULTI[1.0_0.1+0.5_0.1],f1,fault_3,0.8,1.0,1.0_0.1
0.5_0.1,normal_quantile,fault_1,1.0,0.5,0.5_0.1
0.5_0.1,normal_quantile,fault_11,1.0,0.5,0.5_0.1
0.5_0.1,normal_quantile,fault_12,1.0,0.5,0.5_0.1
0.5_0.1,normal_quantile,fault_16,1.0,0.5,0.5_0.1
0.5_0.1,normal_quantile,fault_8,1.0,0.5,0.5_0.1
0.5_0.1,normal_quantile,fault_14,1.0,0.5,0.5_0.1
0.5_0.1,normal_quantile,fault_19,1.0,0.5,0.5_0.1
0.5_0.1,normal_quantile,fault_2,1.0,0.5,0.5_0.1
0.5_0.1,normal_quantile,fault_4,1.0,0.5,0.5_0.1
0.5_0.1,normal_quantile,fault_7,1.0,0.5,0.5_0.1
0.5_0.1,normal_quantile,fault_13,1.0,0.5,0.5_0.1
0.5_0.1,normal_quantile,fault_17,1.0,0.5,0.5_0.1
0.5_0.1,normal_quantile,fault_6,1.0,0.5,0.5_0.1
0.5_0.1,normal_quantile,fault_9,1.0,0.5,0.5_0.1
0.5_0.1,normal_quantile,fault_15,1.0,2.16,0.5_0.1
0.5_0.1,normal_quantile,fault_18,1.0,0.54,0.5_0.1
0.5_0.1,normal_quantile,fault_20,1.0,0.5,0.5_0.1
0.5_0.1,normal_quantile,fault_3,1.0,0.76,0.5_0.1
MULTI[1.0_0.1+0.5_0.1],normal_quantile,fault_1,1.0,1.0,1.0_0.1
MULTI[1.0_0.1+0.5_0.1],normal_quantile,fault_11,1.0,1.0,1.0_0.1
MULTI[1.0_0.1+0.5_0.1],normal_quantile,fault_12,1.0,1.0,1.0_0.1
MULTI[1.0_0.1+0.5_0.1],normal_quantile,fault_16,1.0,1.0,1.0_0.1
MULTI[1.0_0.1+0.5_0.1],normal_quantile,fault_8,1.0,1.0,1.0_0.1
MULTI[1.0_0.1+0.5_0.1],normal_quantile,fault_14,1.0,1.0,1.0_0.1
MULTI[1.0_0.1+0.5_0.1],normal_quantile,fault_2,1.0,1.0,1.0_0.1
MULTI[1.0_0.1+0.5_0.1],normal_quantile,fault_4,1.0,1.0,1.0_0.1
MULTI[1.0_0.1+0.5_0.1],normal_quantile,fault_7,1.0,1.0,1.0_0.1
MULTI[1.0_0.1+0.5_0.1],normal_quantile,fault_19,1.0,0.5,0.5_0.1
MULTI[1.0_0.1+0.5_0.1],normal_quantile,fault_13,1.0,1.0,1.0_0.1
MULTI[1.0_0.1+0.5_0.1],normal_quantile,fault_17,1.0,1.0,1.0_0.1
MULTI[1.0_0.1+0.5_0.1],normal_quantile,fault_6,1.0,1.0,1.0_0.1
MULTI[1.0_0.1+0.5_0.1],normal_quantile,fault_9,1.0,0.5,0.5_0.1
MULTI[1.0_0.1+0.5_0.1],normal_quantile,fault_15,1.0,1.46,1.0_0.1
MULTI[1.0_0.1+0.5_0.1],normal_quantile,fault_18,1.0,1.0,1.0_0.1
MULTI[1.0_0.1+0.5_0.1],normal_quantile,fault_20,1.0,1.0,1.0_0.1
MULTI[1.0_0.1+0.5_0.1],normal_quantile,fault_3,1.0,1.0,1.0_0.1
