group_id,fault_onset_time,fault_end_time,event_duration_sec,n_samples,detected,first_alarm_time,delay_sec,repeat_seed
fault_0,2022-07-17 10:51:07.943,2022-07-17 10:51:08.243,0.3,4,True,2022-07-17 10:51:08.243,0.3,0
fault_1,2022-07-17 10:51:16.724,2022-07-17 10:51:21.624,4.9,50,True,2022-07-17 10:51:17.024,0.3,0
fault_10,2022-07-17 10:52:29.326,2022-07-17 10:52:29.626,0.3,4,True,2022-07-17 10:52:29.626,0.3,0
fault_11,2022-07-17 10:52:38.172,2022-07-17 10:52:43.072,4.9,50,True,2022-07-17 10:52:38.472,0.3,0
fault_12,2022-07-17 10:52:45.655,2022-07-17 10:52:49.755,4.1,42,True,2022-07-17 10:52:45.955,0.3,0
fault_13,2022-07-17 10:52:53.769,2022-07-17 10:52:56.469,2.7,28,True,2022-07-17 10:52:54.069,0.3,0
fault_14,2022-07-17 10:53:01.909,2022-07-17 10:53:03.309,1.4,15,True,2022-07-17 10:53:02.209,0.3,0
fault_15,2022-07-17 10:53:11.764,2022-07-17 10:53:16.664,4.9,50,True,2022-07-17 10:53:13.464,1.7,0
fault_16,2022-07-17 10:53:18.444,2022-07-17 10:53:23.344,4.9,50,True,2022-07-17 10:53:18.744,0.3,0
fault_17,2022-07-17 10:53:26.553,2022-07-17 10:53:30.053,3.5,36,True,2022-07-17 10:53:26.853,0.3,0
fault_18,2022-07-17 10:53:34.639,2022-07-17 10:53:36.939,2.3,24,True,2022-07-17 10:53:35.639,1.0,0
fault_19,2022-07-17 10:53:42.668,2022-07-17 10:53:43.568,0.9,10,False,,,0
fault_2,2022-07-17 10:51:23.615,2022-07-17 10:51:28.215,4.6,47,True,2022-07-17 10:51:24.315,0.7,0
fault_20,2022-07-17 10:53:52.140,2022-07-17 10:53:53.540,1.4,15,True,2022-07-17 10:53:53.340,1.2,0
fault_3,2022-07-17 10:51:31.734,2022-07-17 10:51:34.734,3.0,31,True,2022-07-17 10:51:32.934,1.2,0
fault_4,2022-07-17 10:51:39.999,2022-07-17 10:51:41.699,1.7,18,True,2022-07-17 10:51:40.499,0.5,0
fault_5,2022-07-17 10:51:48.093,2022-07-17 10:51:48.293,0.2,3,False,,,0
fault_6,2022-07-17 10:51:56.684,2022-07-17 10:52:01.584,4.9,50,True,2022-07-17 10:51:56.984,0.3,0
fault_7,2022-07-17 10:52:04.407,2022-07-17 10:52:08.307,3.9,40,True,2022-07-17 10:52:04.707,0.3,0
fault_8,2022-07-17 10:52:12.567,2022-07-17 10:52:14.967,2.4,25,True,2022-07-17 10:52:13.267,0.7,0
fault_9,2022-07-17 10:52:21.018,2022-07-17 10:52:21.718,0.7,8,True,2022-07-17 10:52:21.318,0.3,0
fault_0,2022-07-17 10:51:07.943,2022-07-17 10:51:08.243,0.3,4,True,2022-07-17 10:51:08.243,0.3,1
fault_1,2022-07-17 10:51:16.724,2022-07-17 10:51:21.624,4.9,50,True,2022-07-17 10:51:17.024,0.3,1
fault_10,2022-07-17 10:52:29.326,2022-07-17 10:52:29.626,0.3,4,True,2022-07-17 10:52:29.626,0.3,1
fault_11,2022-07-17 10:52:38.172,2022-07-17 10:52:43.072,4.9,50,True,2022-07-17 10:52:38.472,0.3,1
fault_12,2022-07-17 10:52:45.655,2022-07-17 10:52:49.755,4.1,42,True,2022-07-17 10:52:45.955,0.3,1
fault_13,2022-07-17 10:52:53.769,2022-07-17 10:52:56.469,2.7,28,True,2022-07-17 10:52:54.069,0.3,1
fault_14,2022-07-17 10:53:01.909,2022-07-17 10:53:03.309,1.4,15,True,2022-07-17 10:53:02.209,0.3,1
fault_15,2022-07-17 10:53:11.764,2022-07-17 10:53:16.664,4.9,50,True,2022-07-17 10:53:14.264,2.5,1
fault_16,2022-07-17 10:53:18.444,2022-07-17 10:53:23.344,4.9,50,True,2022-07-17 10:53:18.744,0.3,1
fault_17,2022-07-17 10:53:26.553,2022-07-17 10:53:30.053,3.5,36,True,2022-07-17 10:53:26.853,0.3,1
fault_18,2022-07-17 10:53:34.639,2022-07-17 10:53:36.939,2.3,24,True,2022-07-17 10:53:35.639,1.0,1
fault_19,2022-07-17 10:53:42.668,2022-07-17 10:53:43.568,0.9,10,False,,,1
fault_2,2022-07-17 10:51:23.615,2022-07-17 10:51:28.215,4.6,47,True,2022-07-17 10:51:24.315,0.7,1
fault_20,2022-07-17 10:53:52.140,2022-07-17 10:53:53.540,1.4,15,True,2022-07-17 10:53:53.340,1.2,1
fault_3,2022-07-17 10:51:31.734,2022-07-17 10:51:34.734,3.0,31,True,2022-07-17 10:51:32.934,1.2,1
fault_4,2022-07-17 10:51:39.999,2022-07-17 10:51:41.699,1.7,18,True,2022-07-17 10:51:40.399,0.4,1
fault_5,2022-07-17 10:51:48.093,2022-07-17 10:51:48.293,0.2,3,False,,,1
fault_6,2022-07-17 10:51:56.684,2022-07-17 10:52:01.584,4.9,50,True,2022-07-17 10:51:56.984,0.3,1
fault_7,2022-07-17 10:52:04.407,2022-07-17 10:52:08.307,3.9,40,True,2022-07-17 10:52:04.707,0.3,1
fault_8,2022-07-17 10:52:12.567,2022-07-17 10:52:14.967,2.4,25,True,2022-07-17 10:52:13.267,0.7,1
fault_9,2022-07-17 10:52:21.018,2022-07-17 10:52:21.718,0.7,8,True,2022-07-17 10:52:21.318,0.3,1
fault_0,2022-07-17 10:51:07.943,2022-07-17 10:51:08.243,0.3,4,True,2022-07-17 10:51:08.243,0.3,2
fault_1,2022-07-17 10:51:16.724,2022-07-17 10:51:21.624,4.9,50,True,2022-07-17 10:51:17.024,0.3,2
fault_10,2022-07-17 10:52:29.326,2022-07-17 10:52:29.626,0.3,4,True,2022-07-17 10:52:29.626,0.3,2
fault_11,2022-07-17 10:52:38.172,2022-07-17 10:52:43.072,4.9,50,True,2022-07-17 10:52:38.472,0.3,2
fault_12,2022-07-17 10:52:45.655,2022-07-17 10:52:49.755,4.1,42,True,2022-07-17 10:52:45.955,0.3,2
fault_13,2022-07-17 10:52:53.769,2022-07-17 10:52:56.469,2.7,28,True,2022-07-17 10:52:54.069,0.3,2
fault_14,2022-07-17 10:53:01.909,2022-07-17 10:53:03.309,1.4,15,True,2022-07-17 10:53:02.209,0.3,2
fault_15,2022-07-17 10:53:11.764,2022-07-17 10:53:16.664,4.9,50,True,2022-07-17 10:53:14.164,2.4,2
fault_16,2022-07-17 10:53:18.444,2022-07-17 10:53:23.344,4.9,50,True,2022-07-17 10:53:18.744,0.3,2
fault_17,2022-07-17 10:53:26.553,2022-07-17 10:53:30.053,3.5,36,True,2022-07-17 10:53:26.853,0.3,2
fault_18,2022-07-17 10:53:34.639,2022-07-17 10:53:36.939,2.3,24,True,2022-07-17 10:53:35.639,1.0,2
fault_19,2022-07-17 10:53:42.668,2022-07-17 10:53:43.568,0.9,10,False,,,2
fault_2,2022-07-17 10:51:23.615,2022-07-17 10:51:28.215,4.6,47,True,2022-07-17 10:51:24.315,0.7,2
fault_20,2022-07-17 10:53:52.140,2022-07-17 10:53:53.540,1.4,15,True,2022-07-17 10:53:52.840,0.7,2
fault_3,2022-07-17 10:51:31.734,2022-07-17 10:51:34.734,3.0,31,True,2022-07-17 10:51:32.934,1.2,2
fault_4,2022-07-17 10:51:39.999,2022-07-17 10:51:41.699,1.7,18,True,2022-07-17 10:51:40.499,0.5,2
fault_5,2022-07-17 10:51:48.093,2022-07-17 10:51:48.293,0.2,3,False,,,2
fault_6,2022-07-17 10:51:56.684,2022-07-17 10:52:01.584,4.9,50,True,2022-07-17 10:51:56.984,0.3,2
fault_7,2022-07-17 10:52:04.407,2022-07-17 10:52:08.307,3.9,40,True,2022-07-17 10:52:04.707,0.3,2
fault_8,2022-07-17 10:52:12.567,2022-07-17 10:52:14.967,2.4,25,True,2022-07-17 10:52:13.267,0.7,2
fault_9,2022-07-17 10:52:21.018,2022-07-17 10:52:21.718,0.7,8,True,2022-07-17 10:52:21.318,0.3,2
fault_0,2022-07-17 10:51:07.943,2022-07-17 10:51:08.243,0.3,4,True,2022-07-17 10:51:08.243,0.3,3
fault_1,2022-07-17 10:51:16.724,2022-07-17 10:51:21.624,4.9,50,True,2022-07-17 10:51:17.024,0.3,3
fault_10,2022-07-17 10:52:29.326,2022-07-17 10:52:29.626,0.3,4,True,2022-07-17 10:52:29.626,0.3,3
fault_11,2022-07-17 10:52:38.172,2022-07-17 10:52:43.072,4.9,50,True,2022-07-17 10:52:38.472,0.3,3
fault_12,2022-07-17 10:52:45.655,2022-07-17 10:52:49.755,4.1,42,True,2022-07-17 10:52:45.955,0.3,3
fault_13,2022-07-17 10:52:53.769,2022-07-17 10:52:56.469,2.7,28,True,2022-07-17 10:52:54.069,0.3,3
fault_14,2022-07-17 10:53:01.909,2022-07-17 10:53:03.309,1.4,15,True,2022-07-17 10:53:02.209,0.3,3
fault_15,2022-07-17 10:53:11.764,2022-07-17 10:53:16.664,4.9,50,True,2022-07-17 10:53:13.464,1.7,3
fault_16,2022-07-17 10:53:18.444,2022-07-17 10:53:23.344,4.9,50,True,2022-07-17 10:53:18.744,0.3,3
fault_17,2022-07-17 10:53:26.553,2022-07-17 10:53:30.053,3.5,36,True,2022-07-17 10:53:26.853,0.3,3
fault_18,2022-07-17 10:53:34.639,2022-07-17 10:53:36.939,2.3,24,True,2022-07-17 10:53:35.639,1.0,3
fault_19,2022-07-17 10:53:42.668,2022-07-17 10:53:43.568,0.9,10,True,2022-07-17 10:53:43.368,0.7,3
fault_2,2022-07-17 10:51:23.615,2022-07-17 10:51:28.215,4.6,47,True,2022-07-17 10:51:24.315,0.7,3
fault_20,2022-07-17 10:53:52.140,2022-07-17 10:53:53.540,1.4,15,True,2022-07-17 10:53:53.340,1.2,3
fault_3,2022-07-17 10:51:31.734,2022-07-17 10:51:34.734,3.0,31,True,2022-07-17 10:51:32.934,1.2,3
fault_4,2022-07-17 10:51:39.999,2022-07-17 10:51:41.699,1.7,18,True,2022-07-17 10:51:40.499,0.5,3
fault_5,2022-07-17 10:51:48.093,2022-07-17 10:51:48.293,0.2,3,False,,,3
fault_6,2022-07-17 10:51:56.684,2022-07-17 10:52:01.584,4.9,50,True,2022-07-17 10:51:56.984,0.3,3
fault_7,2022-07-17 10:52:04.407,2022-07-17 10:52:08.307,3.9,40,True,2022-07-17 10:52:04.707,0.3,3
fault_8,2022-07-17 10:52:12.567,2022-07-17 10:52:14.967,2.4,25,True,2022-07-17 10:52:13.267,0.7,3
fault_9,2022-07-17 10:52:21.018,2022-07-17 10:52:21.718,0.7,8,True,2022-07-17 10:52:21.318,0.3,3
fault_0,2022-07-17 10:51:07.943,2022-07-17 10:51:08.243,0.3,4,True,2022-07-17 10:51:08.243,0.3,4
fault_1,2022-07-17 10:51:16.724,2022-07-17 10:51:21.624,4.9,50,True,2022-07-17 10:51:17.024,0.3,4
fault_10,2022-07-17 10:52:29.326,2022-07-17 10:52:29.626,0.3,4,True,2022-07-17 10:52:29.626,0.3,4
fault_11,2022-07-17 10:52:38.172,2022-07-17 10:52:43.072,4.9,50,True,2022-07-17 10:52:38.472,0.3,4
fault_12,2022-07-17 10:52:45.655,2022-07-17 10:52:49.755,4.1,42,True,2022-07-17 10:52:45.955,0.3,4
fault_13,2022-07-17 10:52:53.769,2022-07-17 10:52:56.469,2.7,28,True,2022-07-17 10:52:54.069,0.3,4
fault_14,2022-07-17 10:53:01.909,2022-07-17 10:53:03.309,1.4,15,True,2022-07-17 10:53:02.209,0.3,4
fault_15,2022-07-17 10:53:11.764,2022-07-17 10:53:16.664,4.9,50,True,2022-07-17 10:53:13.464,1.7,4
fault_16,2022-07-17 10:53:18.444,2022-07-17 10:53:23.344,4.9,50,True,2022-07-17 10:53:18.744,0.3,4
fault_17,2022-07-17 10:53:26.553,2022-07-17 10:53:30.053,3.5,36,True,2022-07-17 10:53:26.853,0.3,4
fault_18,2022-07-17 10:53:34.639,2022-07-17 10:53:36.939,2.3,24,True,2022-07-17 10:53:35.639,1.0,4
fault_19,2022-07-17 10:53:42.668,2022-07-17 10:53:43.568,0.9,10,False,,,4
fault_2,2022-07-17 10:51:23.615,2022-07-17 10:51:28.215,4.6,47,True,2022-07-17 10:51:24.315,0.7,4
fault_20,2022-07-17 10:53:52.140,2022-07-17 10:53:53.540,1.4,15,True,2022-07-17 10:53:53.340,1.2,4
fault_3,2022-07-17 10:51:31.734,2022-07-17 10:51:34.734,3.0,31,True,2022-07-17 10:51:33.134,1.4,4
fault_4,2022-07-17 10:51:39.999,2022-07-17 10:51:41.699,1.7,18,True,2022-07-17 10:51:40.499,0.5,4
fault_5,2022-07-17 10:51:48.093,2022-07-17 10:51:48.293,0.2,3,False,,,4
fault_6,2022-07-17 10:51:56.684,2022-07-17 10:52:01.584,4.9,50,True,2022-07-17 10:51:56.984,0.3,4
fault_7,2022-07-17 10:52:04.407,2022-07-17 10:52:08.307,3.9,40,True,2022-07-17 10:52:04.707,0.3,4
fault_8,2022-07-17 10:52:12.567,2022-07-17 10:52:14.967,2.4,25,True,2022-07-17 10:52:13.267,0.7,4
fault_9,2022-07-17 10:52:21.018,2022-07-17 10:52:21.718,0.7,8,True,2022-07-17 10:52:21.318,0.3,4
