group_id,total_repeats,detected_count,event_duration_sec,n_samples,delay_mean_sec,delay_median_sec,missed_count,detection_rate_pct,duration_bin,n_windows_1p0s,n_windows_0p5s
fault_5,5,0,0.2,3,,,5,0.0,<0.5s,0,0
fault_19,5,1,0.9,10,0.7,0.7,4,20.0,0.5-<1.0s,0,25
fault_0,5,5,0.3,4,0.3,0.3,0,100.0,<0.5s,0,0
fault_10,5,5,0.3,4,0.3,0.3,0,100.0,<0.5s,0,0
fault_9,5,5,0.7,8,0.3,0.3,0,100.0,0.5-<1.0s,0,15
fault_14,5,5,1.4,15,0.3,0.3,0,100.0,>=1.0s,25,50
fault_20,5,5,1.4,15,1.1,1.2,0,100.0,>=1.0s,25,50
fault_4,5,5,1.7,18,0.48,0.5,0,100.0,>=1.0s,40,65
fault_18,5,5,2.3,24,1.0,1.0,0,100.0,>=1.0s,70,95
fault_8,5,5,2.4,25,0.7,0.7,0,100.0,>=1.0s,75,100
fault_13,5,5,2.7,28,0.3,0.3,0,100.0,>=1.0s,90,115
fault_3,5,5,3.0,31,1.2399999999999998,1.2,0,100.0,>=1.0s,105,130
fault_17,5,5,3.5,36,0.3,0.3,0,100.0,>=1.0s,130,155
fault_7,5,5,3.9,40,0.3,0.3,0,100.0,>=1.0s,150,175
fault_12,5,5,4.1,42,0.3,0.3,0,100.0,>=1.0s,160,185
fault_2,5,5,4.6,47,0.7,0.7,0,100.0,>=1.0s,185,210
fault_1,5,5,4.9,50,0.3,0.3,0,100.0,>=1.0s,200,225
fault_11,5,5,4.9,50,0.3,0.3,0,100.0,>=1.0s,200,225
fault_15,5,5,4.9,50,2.0,1.7,0,100.0,>=1.0s,200,225
fault_16,5,5,4.9,50,0.3,0.3,0,100.0,>=1.0s,200,225
fault_6,5,5,4.9,50,0.3,0.3,0,100.0,>=1.0s,200,225
