feature,normal_count,fp_count,normal_median,normal_q25,normal_q75,normal_iqr,fp_median,fp_q25,fp_q75,median_delta,delta_pct_of_abs_normal,robust_effect,direction,abs_robust_effect
AI0_Vibration_mean,14341,132,-0.0005052,-0.0106896,0.0090753999999999,0.0197649999999999,0.0386392,0.013880299999999976,0.06089145,0.039144399999999996,7748.29770387965,2.6716820440172153,↑,2.6716820440172153
AI0_Vibration_rms,14341,132,0.0635409421939901,0.0461186549814714,0.0828420766084482,0.036723421626976796,0.11017385138776215,0.08948596111962087,0.134734181721592,0.04663290919377204,73.3903331987147,1.713015610075582,↑,1.713015610075582
AI0_Vibration_std,14341,132,0.0630220205660952,0.0458210379120042,0.0841595469529947,0.038338509040990496,0.1051272461694901,0.08094992811600853,0.1268624511930014,0.0421052256033949,66.81033902941348,1.4815377738933653,↑,1.4815377738933653
AI0_Vibration_ptp,14341,132,0.196593,0.140474,0.262249,0.12177500000000002,0.317563,0.252519,0.381175,0.12097,61.53321837501844,1.3400823650174498,↑,1.3400823650174498
AI1_Vibration_mean,14341,132,0.0006542999999999,-0.0099955,0.0097848,0.0197803,0.01607759999999995,-0.004791699999999925,0.0306115499999999,0.01542330000000005,2357.2214580471355,1.0518562256386437,↑,1.0518562256386437
AI1_Vibration_ptp,14341,132,0.25706,0.160615,0.45589,0.295275,0.47485049999999995,0.37138525,0.537044,0.21779049999999994,84.72360538395702,0.9950025721784774,↑,0.9950025721784774
AI0_AI1_corr,14341,132,0.2713859120722629,-0.0393671752861038,0.513849222243185,0.5532163975292888,-0.1271169941307711,-0.37538465547473865,0.2571519538321915,-0.398502906203034,-146.839938433106,-0.9717362371556095,↓,0.9717362371556095
AI1_Vibration_rms,14341,132,0.0868826202620524,0.0505129687753551,0.1573962587407972,0.10688328996544211,0.15406832507421775,0.11726360515466883,0.18135473629457458,0.06718570481216535,77.32928013625983,0.8479671220909742,↑,0.8479671220909742
AI1_Vibration_std,14341,132,0.0900299532772905,0.0518374360605666,0.164394534533238,0.1125570984726714,0.1579702512109785,0.12101638984764176,0.18784904302158428,0.06794029793368798,75.46410440137983,0.8142663870710727,↑,0.8142663870710727
AI2_Current_ptp,14341,132,243.559984,209.02218,364.8458,155.82362,329.719105,278.03320125,357.7190475,86.15912100000003,35.3749083018498,0.745898819633378,↑,0.745898819633378
AI2_Current_std,14341,132,93.35088712540151,75.34388842782626,127.84519417995855,52.501305752132296,117.06081557558738,92.73648414418005,137.35547494360478,23.70992845018587,25.398717870067475,0.6092171046241399,↑,0.6092171046241399
AI2_Current_rms,14341,132,100.97733583012018,85.43641211674674,152.28111699179706,66.84470487505033,126.03514698777238,118.05687474714601,133.72398099000387,25.057811157652196,24.815282510333162,0.5056943151272663,↑,0.5056943151272663
AI0_Vibration_slope,14341,132,0.0008959393939394,-0.029893696969697,0.031892909090909,0.061786606060606,0.0138277272727272,-0.12359928787878782,0.14124303030303026,0.0129317878787878,1443.3775282418808,0.2823424518798313,↑,0.2823424518798313
AI1_Vibration_slope,14341,132,-0.0017684848484848,-0.0599529696969696,0.0605707878787878,0.1205237575757574,-0.019852666666666602,-0.15707609090909083,0.13352810606060606,-0.0180841818181818,-1022.5805346127755,-0.2024128832640567,↓,0.2024128832640567
AI2_Current_slope,14341,132,1.632986727272777,-267.83052163636364,269.65554084848475,537.4860624848484,32.70046021212123,-301.9642892424242,338.70319042424245,31.067473484848453,1902.4939373961543,0.07797415534331552,↑,0.07797415534331552
AI2_Current_mean,14341,132,0.0542871999999903,-51.9570773,53.0225213,104.9795986,1.2375539000000004,-63.35249985,70.05436682499999,1.18326670000001,2179.6421624254367,0.015205114132528353,↑,0.015205114132528353
