window_start,window_end,fault_onset_time,sample_count,actual_duration_sec,max_gap_sec,idle_ratio,idle_majority,fault_ratio,label,AI0_Vibration_mean,AI0_Vibration_std,AI0_Vibration_rms,AI0_Vibration_ptp,AI0_Vibration_slope,AI1_Vibration_mean,AI1_Vibration_std,AI1_Vibration_rms,AI1_Vibration_ptp,AI1_Vibration_slope,AI2_Current_mean,AI2_Current_std,AI2_Current_rms,AI2_Current_ptp,AI2_Current_slope,AI0_AI1_corr,source,segment_id,group_id,split,is_idle,score,alarm_immediate,alarm_k_consecutive,repeat_seed,fold,scale,window_sec,threshold,source_detector_alarm,final_or3p2_overlap,fp_context,source_detector_fp
2022-07-12 00:22:29.176,2022-07-12 00:22:30.176,,10,0.9,0.1,0.0,0,0.0,0,0.0713312,0.184859551360726,0.1893248225928127,0.588644,0.2358551515151515,0.0613746999999999,0.1453292888940682,0.1509151940312836,0.383548,-0.1661199393939392,75.7116411,96.98024271416443,119.15075881950408,289.24826,236.61728684848487,0.1393157646113171,normal,178,normal_178,test,False,52.82880307179212,True,True,0,4,1.0_0.1,1.0,35.584225234404094,True,True,True,True
2022-07-12 00:22:29.276,2022-07-12 00:22:30.276,,10,0.9,0.1,0.0,0,0.0,0,0.075692,0.1847992407494023,0.1909580118963328,0.588644,0.2330665454545454,0.0425998,0.1718360163119348,0.1684921298215438,0.482185,-0.4103632727272726,87.3945578,78.02081310935291,114.52655274423331,233.605176,81.70950993939401,0.0886294608960434,normal,178,normal_178,test,False,67.1972107653223,True,True,0,4,1.0_0.1,1.0,35.584225234404094,True,True,True,True
2022-07-12 00:22:29.376,2022-07-12 00:22:30.376,,10,0.9,0.1,0.0,0,0.0,0,0.0625335,0.1906995207086268,0.1914160784806229,0.588644,0.1412262424242424,0.0163089999999999,0.1580413013599785,0.150815553319278,0.452519,-0.3159528484848485,87.03673920000001,78.72100008671734,114.68517881468588,237.183362,-85.58995369696959,0.1290383911092927,normal,178,normal_178,test,False,50.39852967865857,True,True,0,4,1.0_0.1,1.0,35.584225234404094,True,True,True,True
2022-07-12 00:22:29.476,2022-07-12 00:22:30.476,,10,0.9,0.1,0.0,0,0.0,0,0.0509487,0.1955365742077425,0.1923716889235523,0.588644,0.0532624848484847,0.0194277,0.1624011958385433,0.1552873758426614,0.478438,-0.0716035757575758,75.4195895,97.72969889303543,119.51610402577364,291.36924,-243.0733426060605,0.0328352778347341,normal,178,normal_178,test,False,38.37711227303177,True,True,0,4,1.0_0.1,1.0,35.584225234404094,True,True,True,True
2022-07-12 00:22:29.576,2022-07-12 00:22:30.576,,10,0.9,0.1,0.0,0,0.0,0,0.0330412,0.1878022488605146,0.181202751377566,0.588644,0.1435710303030303,0.0367642,0.1872119494285673,0.1813700333836877,0.5833200000000001,0.2013098181818181,52.5422153,122.0081679757638,127.11442929956272,339.93177000000003,-370.2708473333333,-0.0569435727945493,normal,178,normal_178,test,False,47.614945368053064,True,True,0,4,1.0_0.1,1.0,35.584225234404094,True,True,True,True
2022-07-12 00:22:29.676,2022-07-12 00:22:30.676,,10,0.9,0.1,0.0,0,0.0,0,0.0453311,0.1748017266431694,0.1719156418156882,0.588644,-0.0656491515151513,0.0430073,0.1857060493324807,0.1813496372648702,0.5833200000000001,0.1522452727272727,21.7879433,140.01015937372958,134.60042618177496,370.21165,-453.9284343636363,-0.1155868973258598,normal,178,normal_178,test,False,47.98387421865047,True,True,0,4,1.0_0.1,1.0,35.584225234404094,True,True,True,True
2022-07-12 00:22:29.776,2022-07-12 00:22:30.776,,10,0.9,0.1,0.0,0,0.0,0,0.0771475,0.1439467896992573,0.1568449782253164,0.425452,-0.234258,0.0350520999999999,0.1946403727062068,0.1879495595443096,0.5833200000000001,-0.0807507272727272,-12.164690699999998,141.58180400158187,134.8660305700986,370.21165,-461.03827230303017,-0.3325717264541989,normal,178,normal_178,test,False,52.837025473014364,True,True,0,4,1.0_0.1,1.0,35.584225234404094,True,True,True,True
2022-07-12 00:22:29.876,2022-07-12 00:22:30.876,,10,0.9,0.1,0.0,0,0.0,0,0.0855898,0.1430270311210048,0.1604265325069391,0.425452,-0.2513115151515151,-0.0059502999999999,0.1970669742093056,0.187048814916588,0.5833200000000001,-0.0933954545454545,-44.400614700000006,127.83782749496592,129.1498111129368,346.3705,-398.3826447878788,-0.3113200188579902,normal,178,normal_178,test,False,54.2366398371028,True,True,0,4,1.0_0.1,1.0,35.584225234404094,True,True,True,True
2022-07-12 00:22:29.976,2022-07-12 00:22:30.976,,10,0.9,0.1,0.0,0,0.0,0,0.0778083,0.1409135616681769,0.1546774069626847,0.425452,-0.2092467272727271,-0.0246820999999999,0.1903791871972295,0.182288281264869,0.5833200000000001,-0.0179430909090909,-69.15640520000001,105.76038541318589,121.8578745533404,308.63897000000003,-284.75080545454546,-0.3740755345701253,normal,178,normal_178,test,False,51.32458770975671,True,True,0,4,1.0_0.1,1.0,35.584225234404094,True,True,True,True
2022-07-12 00:22:30.076,2022-07-12 00:22:31.076,,10,0.9,0.1,0.0,0,0.0,0,0.0742332,0.133448398070232,0.1467589705435412,0.389701,0.1032414545454544,0.0005982,0.2098688116455399,0.1990999350441883,0.5833200000000001,0.1503665454545454,-84.4199287,83.64660146992506,115.86113630305334,254.620108,-135.07113339393948,-0.1194512179709096,normal,178,normal_178,test,False,38.223742750276486,True,True,0,4,1.0_0.1,1.0,35.584225234404094,True,True,True,True
2022-07-12 00:22:30.176,2022-07-12 00:22:31.176,,10,0.9,0.1,0.0,0,0.0,0,0.0482036,0.1185300008288572,0.1223438271421979,0.389701,0.1820143030303029,0.0289803,0.2072027660594273,0.198694603410611,0.5833200000000001,0.1289971515151516,-88.0262485,76.79404150777934,114.26378584211376,218.55691,31.217118242424228,-0.032008405807673,normal,178,normal_178,test,False,36.65178531610245,True,True,0,4,1.0_0.1,1.0,35.584225234404094,True,True,True,True
2022-07-12 00:22:30.276,2022-07-12 00:22:31.276,,10,0.9,0.1,0.0,0,0.0,0,0.0241358,0.1320804987395523,0.1276059135549759,0.463611,0.1050522424242424,0.0300725,0.2056303653253413,0.1973824148339968,0.572398,-0.1951887878787877,-79.9847704,91.29325584211526,117.89222282224236,278.207338,196.52822969696965,0.231558274341442,normal,178,normal_178,test,False,31.761942500644366,True,True,2,4,1.0_0.1,1.0,31.146002212870304,True,True,True,True
2022-07-12 00:22:30.376,2022-07-12 00:22:31.376,,10,0.9,0.1,0.0,0,0.0,0,0.0316733,0.1280453769559404,0.1255358699205132,0.463611,0.0290946060606061,0.0111682,0.2193941600913246,0.2084349932837574,0.572398,-0.3639801212121212,-60.48309420000002,115.43215595173317,125.10127516897978,328.04505,336.1001221818181,0.2292110481834721,normal,178,normal_178,test,False,33.78863115000957,True,True,2,4,1.0_0.1,1.0,31.146002212870304,True,True,True,True
2022-07-12 00:22:30.776,2022-07-12 00:22:31.776,,10,0.9,0.1,0.0,0,0.0,0,0.0330504,0.1609434933165467,0.156220536988579,0.559785,-0.2281559999999999,0.0105268,0.2036218336681997,0.1934592451913322,0.5154270000000001,0.161429696969697,63.8579688,114.47117041102626,125.98064989912126,320.64036,329.7230776969697,0.6081732280060288,normal,178,normal_178,test,False,47.68871511176612,True,True,0,4,1.0_0.1,1.0,35.584225234404094,True,True,True,True
2022-07-12 00:22:30.876,2022-07-12 00:22:31.876,,10,0.9,0.1,0.0,0,0.0,0,0.0108832,0.1644693663295522,0.1564084372947956,0.559785,-0.2563884848484847,0.0055677,0.209851545271122,0.1991604961600065,0.533445,-0.1218863636363635,82.62069019999998,90.64834866151548,119.25430496497005,269.680175,187.6659837575758,0.7479865138088692,normal,178,normal_178,test,False,45.182765372012106,True,True,0,4,1.0_0.1,1.0,35.584225234404094,True,True,True,True
2022-07-12 00:22:30.976,2022-07-12 00:22:31.976,,10,0.9,0.1,0.0,0,0.0,0,-0.0026441999999999,0.1639441003816714,0.1555535053883389,0.559785,-0.2494327272727274,-0.003642,0.2143737859995428,0.2034054381657482,0.533445,-0.2355086060606061,90.24456619999998,76.99254512614999,116.09973528448803,212.489035,23.87877987878796,0.7729714275051147,normal,178,normal_178,test,False,49.90673650137546,True,True,0,4,1.0_0.1,1.0,35.584225234404094,True,True,True,True
2022-07-12 00:06:37.231,2022-07-12 00:06:38.231,,10,0.9,0.1,0.0,0,0.0,0,-0.0024791999999999,0.0768988475290032,0.0729947663110171,0.252519,0.1875193939393938,-0.0295191,0.132792568573404,0.1293903277154053,0.424499,-0.2408039393939393,75.6622286,92.76611280104376,116.05933548195524,277.510791,-219.855718060606,-0.5321405491892119,normal,52,normal_52,test,False,35.8791559996288,True,True,3,3,1.0_0.1,1.0,30.90566984282148,True,True,True,True
2022-07-12 00:06:37.931,2022-07-12 00:06:38.931,,10,0.9,0.1,0.0,0,0.0,0,0.0266053999999999,0.1120088043694185,0.1095409619265779,0.339894,-0.1164635151515151,0.0353434,0.1716110014345752,0.1665966931112379,0.471263,0.4041159999999999,-86.27489560000001,73.98539977468901,111.21966126827304,200.709481,9.330809333333272,-0.0393615527413103,normal,52,normal_52,test,False,37.81583258932028,True,True,0,4,1.0_0.1,1.0,35.584225234404094,True,True,True,True
2022-07-12 00:06:38.231,2022-07-12 00:06:39.231,,10,0.9,0.1,0.0,0,0.0,0,0.0574523,0.1358697818051861,0.141121595166367,0.380948,0.2057663636363635,0.0431466,0.1683262823785334,0.1654146084751888,0.5253950000000001,-0.4173528484848483,-34.49114899999999,131.89393590955012,129.79232895699755,355.35196,420.0460944242423,-0.2451892444135457,normal,52,normal_52,test,False,47.97343590334219,True,True,3,3,1.0_0.1,1.0,30.90566984282148,True,True,True,True
2022-07-12 00:06:38.331,2022-07-12 00:06:39.331,,10,0.9,0.1,0.0,0,0.0,0,0.0557674999999999,0.1348927626872134,0.1395939315984043,0.380948,0.2914113333333332,0.0261031,0.1610686675368614,0.155016695634696,0.5253950000000001,-0.3408441818181817,-1.7085069999999944,140.5052248960457,133.30590908488858,356.30635,459.0751950303031,-0.3251161978688012,normal,52,normal_52,test,False,56.78856775388518,True,True,0,4,1.0_0.1,1.0,35.584225234404094,True,True,True,True
2022-07-12 00:06:38.431,2022-07-12 00:06:39.431,,10,0.9,0.1,0.0,0,0.0,0,0.0520936,0.1353706910426987,0.1385873181607898,0.380948,0.2722343030303031,0.0180707,0.1512088504663151,0.1445830384654438,0.504676,-0.1317592121212121,31.445734000000005,133.1301215421377,130.15414139565698,345.86302,425.8735362424241,-0.3725951443680428,normal,52,normal_52,test,False,46.03673446089376,True,True,0,4,1.0_0.1,1.0,35.584225234404094,True,True,True,True
2022-07-12 00:06:38.531,2022-07-12 00:06:39.531,,10,0.9,0.1,0.0,0,0.0,0,0.0593516999999999,0.1291550855230081,0.1361453517300535,0.380948,0.148671696969697,0.0345284,0.1652656669084995,0.1605418232094054,0.520877,0.0156807272727272,59.29359900000001,114.65330407527742,123.88128593219004,316.83472,336.19963139393934,-0.398684398608907,normal,52,normal_52,test,False,31.283034721453255,True,True,3,3,1.0_0.1,1.0,30.90566984282148,True,True,True,True
2022-07-12 00:06:38.831,2022-07-12 00:06:39.831,,10,0.9,0.1,0.0,0,0.0,0,0.0829382,0.0994351971764078,0.1256079918357108,0.277043,-0.2935824242424243,0.0004571999999999,0.1715157728761086,0.1627147914069277,0.520877,-0.0086112727272728,84.9214413,81.43018372856895,114.80173575486997,242.474463,-121.0190163030302,-0.2762864144873406,normal,52,normal_52,test,False,46.31373951182304,True,True,0,4,1.0_0.1,1.0,35.584225234404094,True,True,True,True
2022-07-12 00:06:38.931,2022-07-12 00:06:39.931,,10,0.9,0.1,0.0,0,0.0,0,0.0634662,0.0953583367593579,0.1105072381927989,0.277043,-0.2713366060606061,-0.0268349999999999,0.1546400900873451,0.1491385897110469,0.520877,0.1013922424242422,70.81277019999999,102.86468827415108,120.57146473259108,296.68358,-273.740156,-0.4904317368125609,normal,52,normal_52,test,False,46.51473730521255,True,True,0,4,1.0_0.1,1.0,35.584225234404094,True,True,True,True
2022-07-12 00:06:39.031,2022-07-12 00:06:40.031,,10,0.9,0.1,0.0,0,0.0,0,0.0511127,0.0777716538707316,0.0897557532000038,0.213476,-0.1368977575757575,-0.0120757,0.1620948652994768,0.1542501000041815,0.520877,0.1886538787878788,45.9250382,126.99509101807622,128.93442892451952,344.37148,-395.3029853333331,-0.5077821935794815,normal,52,normal_52,test,False,31.543516989982137,True,True,3,3,1.0_0.1,1.0,30.90566984282148,True,True,True,True
2022-07-12 01:12:43.612,2022-07-12 01:12:44.612,,10,0.9,0.1,0.0,0,0.0,0,0.0699317,0.1297152146811964,0.1415410749312721,0.388622,0.2982441818181818,0.0396347,0.1625228686616474,0.1591955526963615,0.537044,-0.2028599393939392,-4.425788900000003,140.9768289170602,133.8155718507619,358.77924,460.7066976363636,-0.3590329122703519,normal,569,normal_569,test,False,52.719109640715004,True,True,0,2,1.0_0.1,1.0,31.378922309843684,True,True,True,True
2022-07-12 01:12:43.712,2022-07-12 01:12:44.712,,10,0.9,0.1,0.0,0,0.0,0,0.0752427,0.1268492511229591,0.1419264709724722,0.388622,0.2227263636363637,0.0482541,0.1572993395489772,0.1568350476363622,0.537044,-0.308579212121212,29.068354099999983,134.3282104514217,130.70818842312937,349.64089,430.8985308484848,-0.4350347660173551,normal,569,normal_569,test,False,51.331940223613316,True,True,0,2,1.0_0.1,1.0,31.378922309843684,True,True,True,True
2022-07-12 01:12:43.812,2022-07-12 01:12:44.812,,10,0.9,0.1,0.0,0,0.0,0,0.0895501,0.1150854464758444,0.1412069913336446,0.388622,0.1142228484848484,0.0461867,0.1564346944092006,0.1554279367111974,0.537044,-0.237008787878788,57.46906509999999,116.2251558027369,124.33885796765811,321.01039000000003,343.7858343636363,-0.418594129354029,normal,569,normal_569,test,False,40.79841559263085,True,True,0,2,1.0_0.1,1.0,31.378922309843684,True,True,True,True
2022-07-12 01:12:43.912,2022-07-12 01:12:44.912,,10,0.9,0.1,0.0,0,0.0,0,0.0769593,0.1245657235652908,0.1410237263551775,0.388622,0.0157977575757576,0.0216523,0.120957026862206,0.1167748440714009,0.439372,-0.0182166666666667,77.7047729,92.92253526767158,117.5124229005388,273.489986,212.41528890909092,-0.5208524737787801,normal,569,normal_569,test,False,31.77544680192948,True,True,2,4,1.0_0.1,1.0,31.146002212870304,True,True,True,True
2022-07-12 01:12:44.012,2022-07-12 01:12:45.012,,10,0.9,0.1,0.0,0,0.0,0,0.0814427,0.1186248657829003,0.1389157524800553,0.361295,-0.1599731515151514,0.0147097,0.108410483512179,0.1038938155806205,0.369946,0.2078790909090908,87.656306,76.2742779413622,113.66449273847216,220.227984,58.02160412121218,-0.4509981259913972,normal,569,normal_569,test,False,41.95738208254211,True,True,2,4,1.0_0.1,1.0,31.146002212870304,True,True,True,True
2022-07-12 01:12:44.112,2022-07-12 01:12:45.112,,10,0.9,0.1,0.0,0,0.0,0,0.0871773,0.1127644316056461,0.1380004237931898,0.361295,-0.2889549696969697,0.0179034,0.1110810068565579,0.1068907049625925,0.369946,0.3079893333333332,85.8342752,79.8289188526247,114.46795820564977,238.448292,-108.09398206060594,-0.4511634453495753,normal,569,normal_569,test,False,59.60670686815029,True,True,0,2,1.0_0.1,1.0,31.378922309843684,True,True,True,True
2022-07-12 01:12:44.212,2022-07-12 01:12:45.212,,10,0.9,0.1,0.0,0,0.0,0,0.0705301,0.1053470172688023,0.1223220734319853,0.361295,-0.2359461212121211,0.0142532999999999,0.1142109785918148,0.1092835277098062,0.369946,0.2026137575757577,72.67321050000001,100.48739542362313,119.87218401071428,292.95603,-262.4774721818181,-0.3507880429820743,normal,569,normal_569,test,False,41.34985537137804,True,True,0,2,1.0_0.1,1.0,31.378922309843684,True,True,True,True
2022-07-12 01:12:44.312,2022-07-12 01:12:45.312,,10,0.9,0.1,0.0,0,0.0,0,0.0694504,0.1049074750701779,0.1213605312826208,0.361295,-0.1892585454545454,0.0162106,0.1102305450400306,0.1058228675958084,0.350373,-0.046349212121212,48.3559551,125.0493183306012,128.10892711706882,342.62244,-386.7352610303029,-0.3364261988076077,normal,569,normal_569,test,False,31.19033663996757,True,True,2,4,1.0_0.1,1.0,31.146002212870304,True,True,True,True
2022-07-12 00:08:26.724,2022-07-12 00:08:27.724,,10,0.9,0.1,0.0,0,0.0,0,0.0608008,0.1188859375926728,0.1281296875130818,0.338304,0.2940387878787877,0.0540507,0.158933961634699,0.1601732871464527,0.510557,-0.1941623636363635,89.31788030000001,79.96993312506919,117.18939766425274,238.544013,-84.72825060606057,-0.5659585895975169,normal,67,normal_67,test,False,55.612890629814636,True,True,0,2,1.0_0.1,1.0,31.378922309843684,True,True,True,True
2022-07-12 00:08:26.824,2022-07-12 00:08:27.824,,10,0.9,0.1,0.0,0,0.0,0,0.0583065,0.1191236003898191,0.1271653918922125,0.338304,0.281668909090909,0.0507628,0.1598743610539225,0.1599396512876028,0.510557,-0.2438996363636362,77.55345990000001,99.46751379778938,122.14314067299476,296.40797,-246.939824060606,-0.5535782271872047,normal,67,normal_67,test,False,53.81404106446665,True,True,0,2,1.0_0.1,1.0,31.378922309843684,True,True,True,True
2022-07-12 00:08:26.924,2022-07-12 00:08:27.924,,10,0.9,0.1,0.0,0,0.0,0,0.0583802999999999,0.119084695877486,0.1271664568237237,0.338304,0.2131738787878787,0.0445628,0.1612261259162284,0.1593120223147016,0.510557,-0.2820860606060605,54.29225550000001,124.47281701941996,129.96839218191585,345.90916,-378.2477097575756,-0.5289752939725718,normal,67,normal_67,test,False,44.78255521755553,True,True,0,2,1.0_0.1,1.0,31.378922309843684,True,True,True,True
2022-07-12 00:08:27.324,2022-07-12 00:08:28.324,,10,0.9,0.1,0.0,0,0.0,0,0.0689523,0.1218210486036793,0.1345761894612119,0.361772,-0.2200319393939392,0.0091452999999999,0.1218808654575351,0.1159874447528696,0.407072,0.2811233333333334,-70.2175703,108.27276865287712,124.42347193121944,314.17063,-293.7408553333334,-0.0829326431774613,normal,67,normal_67,test,False,39.63558244014339,True,True,0,2,1.0_0.1,1.0,31.378922309843684,True,True,True,True
2022-07-12 00:08:28.324,2022-07-12 00:08:29.324,,10,0.9,0.1,0.0,0,0.0,0,0.0324404,0.0890964978999985,0.0905358873397726,0.310172,-0.2284593939393939,0.0147479,0.1239499500232519,0.1185104706517529,0.375702,0.2714430909090909,91.30136960000002,77.29087758639635,117.1000933949396,217.155247,34.18380218181824,-0.3701463128918668,normal,67,normal_67,test,False,39.31835709754253,True,True,0,2,1.0_0.1,1.0,31.378922309843684,True,True,True,True
2022-07-12 00:08:28.424,2022-07-12 00:08:29.424,,10,0.9,0.1,0.0,0,0.0,0,0.0139891,0.0909672189362129,0.0874255474543911,0.310172,-0.2384172727272727,0.0349079,0.1111635524385878,0.1110862877861169,0.371865,0.1901050303030303,87.84037780000001,83.97581666678693,118.58615424414084,251.765165,-135.7188398787878,-0.2863864134938375,normal,67,normal_67,test,False,35.342625381213296,True,True,0,2,1.0_0.1,1.0,31.378922309843684,True,True,True,True
