group_id,detected,delay_sec,n_samples,repeat,seed,fold
fault_16,True,0.3,50,0,0,0
fault_18,True,0.5,24,0,0,0
fault_2,True,0.5,47,0,0,0
fault_4,True,0.4,18,0,0,0
fault_9,True,0.3,8,0,0,0
fault_0,True,0.3,4,0,0,1
fault_13,True,0.3,28,0,0,1
fault_14,True,0.3,15,0,0,1
fault_7,True,0.3,40,0,0,1
fault_3,True,0.7,31,0,0,2
fault_5,False,,3,0,0,2
fault_6,True,0.3,50,0,0,2
fault_8,True,0.5,25,0,0,2
fault_11,True,0.3,50,0,0,3
fault_12,True,0.3,42,0,0,3
fault_17,True,0.3,36,0,0,3
fault_20,True,0.5,15,0,0,3
fault_1,True,0.3,50,0,0,4
fault_10,True,0.3,4,0,0,4
fault_15,True,1.5,50,0,0,4
fault_19,True,0.5,10,0,0,4
fault_0,True,0.3,4,1,1,0
fault_1,True,0.3,50,1,1,0
fault_18,True,0.5,24,1,1,0
fault_2,True,0.5,47,1,1,0
fault_8,True,0.5,25,1,1,0
fault_11,True,0.3,50,1,1,1
fault_17,True,0.3,36,1,1,1
fault_19,True,0.5,10,1,1,1
fault_7,True,0.3,40,1,1,1
fault_12,True,0.3,42,1,1,2
fault_3,True,0.7,31,1,1,2
fault_6,True,0.3,50,1,1,2
fault_9,True,0.3,8,1,1,2
fault_13,True,0.3,28,1,1,3
fault_20,True,0.5,15,1,1,3
fault_4,True,0.4,18,1,1,3
fault_5,False,,3,1,1,3
fault_10,True,0.3,4,1,1,4
fault_14,True,0.3,15,1,1,4
fault_15,True,1.5,50,1,1,4
fault_16,True,0.3,50,1,1,4
fault_1,True,0.3,50,2,2,0
fault_15,True,1.5,50,2,2,0
fault_17,True,0.3,36,2,2,0
fault_18,True,0.5,24,2,2,0
fault_8,True,0.5,25,2,2,0
fault_0,True,0.3,4,2,2,1
fault_13,True,0.3,28,2,2,1
fault_14,True,0.3,15,2,2,1
fault_3,True,0.7,31,2,2,1
fault_11,True,0.3,50,2,2,2
fault_20,True,0.5,15,2,2,2
fault_5,False,,3,2,2,2
fault_7,True,0.3,40,2,2,2
fault_12,True,0.3,42,2,2,3
fault_19,True,0.5,10,2,2,3
fault_4,True,0.4,18,2,2,3
fault_9,True,0.3,8,2,2,3
fault_10,True,0.3,4,2,2,4
fault_16,True,0.3,50,2,2,4
fault_2,True,0.5,47,2,2,4
fault_6,True,0.3,50,2,2,4
fault_0,True,0.3,4,3,3,0
fault_1,True,0.3,50,3,3,0
fault_6,True,0.3,50,3,3,0
fault_8,True,0.5,25,3,3,0
fault_9,True,0.3,8,3,3,0
fault_16,True,0.3,50,3,3,1
fault_18,True,0.5,24,3,3,1
fault_3,True,0.7,31,3,3,1
fault_4,True,0.4,18,3,3,1
fault_10,True,0.3,4,3,3,2
fault_12,True,0.3,42,3,3,2
fault_17,True,0.3,36,3,3,2
fault_20,True,0.5,15,3,3,2
fault_15,True,1.5,50,3,3,3
fault_19,True,0.5,10,3,3,3
fault_2,True,0.5,47,3,3,3
fault_5,False,,3,3,3,3
fault_11,True,0.3,50,3,3,4
fault_13,True,0.3,28,3,3,4
fault_14,True,0.3,15,3,3,4
fault_7,True,0.3,40,3,3,4
fault_0,True,0.3,4,4,4,0
fault_13,True,0.3,28,4,4,0
fault_3,True,0.7,31,4,4,0
fault_6,True,0.3,50,4,4,0
fault_7,True,0.3,40,4,4,0
fault_10,True,0.3,4,4,4,1
fault_20,True,0.5,15,4,4,1
fault_4,True,0.4,18,4,4,1
fault_9,True,0.3,8,4,4,1
fault_12,True,0.3,42,4,4,2
fault_16,True,0.3,50,4,4,2
fault_17,True,0.3,36,4,4,2
fault_5,False,,3,4,4,2
fault_11,True,0.3,50,4,4,3
fault_14,True,0.3,15,4,4,3
fault_18,True,0.5,24,4,4,3
fault_8,True,0.5,25,4,4,3
fault_1,True,0.3,50,4,4,4
fault_15,True,1.5,50,4,4,4
fault_19,True,0.5,10,4,4,4
fault_2,True,0.5,47,4,4,4
