repeat,seed,fold,train_rows,calibration_rows,test_rows,train_segments,calibration_segments,test_segments,sample_f1,sample_precision,sample_recall,event_detection_rate,detected_events,n_events,delay_mean_sec,normal_fa_cycle_rate,normal_fa_cycles,normal_cycles,normal_fa_episodes,idle_fa_cycle_rate,idle_fa_cycles,idle_cycles,idle_fa_episodes
0,0,0,10018,3368,4321,306,102,126,0.8754448398576512,0.917910447761194,0.8367346938775511,1.0,5,5,0.41999999999999993,0.02912621359223301,3,103,4,0.0,0,18,0
0,0,1,10337,3246,4221,307,102,124,0.8571428571428571,0.9324324324324325,0.7931034482758621,1.0,4,4,0.3,0.029411764705882353,3,102,4,0.0,0,18,0
0,0,2,10488,3217,3973,307,102,124,0.7679324894514767,0.7109375,0.8348623853211009,0.75,3,4,0.5,0.0392156862745098,4,102,6,0.0,0,18,0
0,0,3,10179,3555,3964,307,102,123,0.9230769230769231,0.9692307692307692,0.8811188811188811,1.0,4,4,0.35,0.00980392156862745,1,102,1,0.0,0,17,0
0,0,4,9831,3565,4121,306,103,123,0.7183673469387755,0.6717557251908397,0.7719298245614035,1.0,4,4,0.65,0.049019607843137254,5,102,10,0.0,0,17,0
1,1,0,10181,3523,4070,306,102,126,0.8389261744966443,0.8445945945945946,0.8333333333333334,1.0,5,5,0.44000000000000006,0.038834951456310676,4,103,6,0.0,0,18,0
1,1,1,10144,3284,4288,307,102,124,0.8695652173913043,0.8571428571428571,0.8823529411764706,1.0,4,4,0.35000000000000003,0.0392156862745098,4,102,6,0.0,0,18,0
1,1,2,10128,3539,3994,307,102,124,0.8846153846153846,0.8914728682170543,0.8778625954198473,1.0,4,4,0.4,0.049019607843137254,5,102,8,0.0,0,18,0
1,1,3,10054,3358,4190,307,102,123,0.765625,0.765625,0.765625,0.75,3,4,0.4000000000000001,0.029411764705882353,3,102,7,0.0,0,17,0
1,1,4,10346,3247,4058,306,103,123,0.7873303167420814,0.8529411764705882,0.7310924369747899,1.0,4,4,0.6749999999999999,0.049019607843137254,5,102,5,0.0,0,17,0
2,2,0,10331,3257,4167,306,102,126,0.863768115942029,0.93125,0.8054054054054054,1.0,5,5,0.72,0.038834951456310676,4,103,6,0.0,0,18,0
2,2,1,10550,3144,4036,307,102,124,0.7388535031847133,0.7341772151898734,0.7435897435897436,1.0,4,4,0.39999999999999997,0.0392156862745098,4,102,5,0.0,0,18,0
2,2,2,10275,3532,3707,307,102,124,0.8401826484018264,0.8288288288288288,0.8518518518518519,0.75,3,4,0.3666666666666667,0.029411764705882353,3,102,6,0.0,0,18,0
2,2,3,9764,3655,4202,307,102,123,0.8571428571428571,0.967741935483871,0.7692307692307693,1.0,4,4,0.37500000000000006,0.0196078431372549,2,102,2,0.0,0,17,0
2,2,4,9933,3363,4488,306,103,123,0.8035190615835777,0.7210526315789474,0.9072847682119205,1.0,4,4,0.35000000000000003,0.06862745098039216,7,102,13,0.0,0,17,0
3,3,0,9953,3567,4176,306,102,126,0.8108108108108109,0.7547169811320755,0.8759124087591241,1.0,5,5,0.33999999999999997,0.06796116504854369,7,103,11,0.0,0,18,0
3,3,1,10125,3259,4259,307,102,124,0.8064516129032258,0.8,0.8130081300813008,1.0,4,4,0.5,0.0392156862745098,4,102,7,0.0,0,18,0
3,3,2,10227,3465,4050,307,102,124,0.8783068783068783,0.9021739130434783,0.8556701030927835,1.0,4,4,0.35,0.0392156862745098,4,102,5,0.0,0,18,0
3,3,3,10257,3229,4121,307,102,123,0.6919831223628692,0.6456692913385826,0.7454545454545455,0.75,3,4,0.8333333333333334,0.06862745098039216,7,102,15,0.0,0,17,0
3,3,4,10291,3431,3994,306,103,123,0.9112903225806451,0.9826086956521739,0.849624060150376,1.0,4,4,0.3,0.00980392156862745,1,102,1,0.0,0,17,0
4,4,0,10210,3553,3911,306,102,126,0.903448275862069,0.9562043795620438,0.8562091503267973,1.0,5,5,0.44000000000000006,0.04854368932038835,5,103,5,0.0,0,18,0
4,4,1,10078,3320,4125,307,102,124,0.6060606060606061,0.5555555555555556,0.6666666666666666,1.0,4,4,0.37500000000000006,0.029411764705882353,3,102,6,0.0,0,18,0
4,4,2,10256,3375,4144,307,102,124,0.7752442996742671,0.6761363636363636,0.9083969465648855,0.75,3,4,0.3,0.08823529411764706,9,102,14,0.0,0,18,0
4,4,3,10061,3515,4163,307,102,123,0.8695652173913043,0.967741935483871,0.7894736842105263,1.0,4,4,0.4,0.0196078431372549,2,102,3,0.0,0,17,0
4,4,4,10248,3188,4257,306,103,123,0.8543046357615894,0.8896551724137931,0.821656050955414,1.0,4,4,0.7,0.049019607843137254,5,102,8,0.0,0,17,0
