group_id,n_windows,AI0_Vibration_mean,AI0_Vibration_std,AI0_Vibration_rms,AI0_Vibration_ptp,AI0_Vibration_slope,AI1_Vibration_mean,AI1_Vibration_std,AI1_Vibration_rms,AI1_Vibration_ptp,AI1_Vibration_slope,AI2_Current_mean,AI2_Current_std,AI2_Current_rms,AI2_Current_ptp,AI2_Current_slope,AI0_AI1_corr,event_status
fault_1,45,0.0574011239999999,0.1311981164271747,0.1715611948703586,0.3540295599999999,0.0623530899999993,-0.0202155579999999,0.1173224126133532,0.2264027950480049,0.286634724,0.01329821,66.7572102,51.218400778201136,91.69047820420484,126.3618582,-3.576278000000039,-0.4722288854679217,stable_detected
fault_11,45,0.0625778971399999,0.0340486741034318,0.0870406548274296,0.084561337,-0.03891963,-0.154507734,0.0394633227740812,0.1616604536248552,0.09815671,0.0144787099999999,-1.9073489999999995,59.47696077062321,59.40882699301272,140.666978,21.457673600000007,-0.4574944016405585,stable_detected
fault_12,37,-0.0609472242,0.0761530133244183,0.1578812965574478,0.181606539,-0.035155705,-0.0265973079999999,0.0704813230086279,0.1595390653379957,0.157691918,-0.0060414759999998,29.325488640000003,47.10200948287358,68.23730637140802,113.248843,51.25999940000004,-0.5239036260466642,stable_detected
fault_13,23,0.1017756815999999,0.679659529044675,0.7703860439754521,1.5923162,1.1300269240000014,-0.0626355528,0.2652185830973684,0.3154493878399099,0.66862531,-0.234726588,105.3810242,45.40920061471076,110.26055012896062,116.825117,-1.1921000000001067,-0.5609714891512305,stable_detected
fault_14,10,-0.02019419935999995,0.09104660748097651,0.08611013629325179,0.220658629,-0.10611835279999995,-0.0465307234,0.040013969363420845,0.0549089631537982,0.09670999250000001,0.1961861077,43.1537678,50.75868713404448,65.41737381626493,127.5539535,-27.418142000000056,-0.41973029218647895,stable_detected
fault_15,45,-0.049165371,0.0530333529686704,0.1086709071655875,0.132487896,0.029040712,0.0358174432,0.046658118310227,0.1255848323103135,0.1050430689999999,0.0238071399999999,88.93013880000001,52.93080843488229,101.7701200875028,133.514415,48.87581599999991,0.081921063609863,stable_detected
fault_16,45,0.0052889971999999,0.0490218459271281,0.0450174486609933,0.105389855,-0.0220316467,0.0521641637999999,0.0301381356813273,0.0834252700313219,0.0768610671,0.0090506499999998,194.788004,70.28801049696435,204.454208062303,177.62186,85.83071000000008,0.0345817795232227,stable_detected
fault_17,31,0.0618692638,0.2142079238161547,0.203622430629673,0.516087981,0.0061922699999998,0.0861422853999999,0.0626527960198949,0.1198971412152165,0.150527786,0.0104163299999998,214.576746,49.53716814367896,214.78724584724023,123.97767600000002,-47.68372000000021,-0.3773211034149171,stable_detected
fault_18,19,-0.0545408278,0.5436752242333996,0.5181795155613846,1.35898603,0.0651898410000001,0.047655043,0.1047808502075351,0.2183661560814696,0.294933073,-0.0719306500000002,239.849116,53.29602348878724,249.04361397831548,132.32232299999998,59.6046409999999,0.0523089750021419,stable_detected
fault_19,5,-0.012058164,0.0274373196202467,0.0311023392502158,0.065366434,-0.1007649749999999,0.00026066456,0.0524506791855816,0.0469140378099762,0.134613924,-0.2336039402,204.563162,51.975804484249394,206.3085649169589,127.55396,190.73489999999973,0.5965223373905052,any_miss
fault_2,42,0.06290461859999999,0.42049130346899705,0.5966624963632834,0.95249337,-0.29434211749999994,-0.128443719,0.2054988440166895,0.29645398222072655,0.47991582999999993,0.15861782450000006,-41.12720949,55.05397920489053,103.32435257297561,148.41558400000002,-6.5565126999999634,-0.5667087606403874,stable_detected
fault_20,10,-0.03424323638999995,0.023757787651867653,0.04129818562683795,0.05656923005,-0.0139519044999999,0.005740820210000001,0.0255456383875752,0.024821764436985902,0.060067601,0.0037325249999999484,183.58232800000002,45.42220911230446,184.62476916597484,101.92395000000002,-16.689300000000024,0.5014631795650009,stable_detected
fault_3,26,0.038249265569999996,0.02038122940574765,0.0410510561031441,0.0471704586,-0.009900995049999951,-0.0949702084,0.0212086794504889,0.09920636599160745,0.049153581,-0.03017267649999995,69.14139552,60.513590937680355,86.78824504546255,151.9918589,-1.6000000344629228e-06,0.3224462986724608,stable_detected
fault_4,13,-0.16368136122,0.6032046985336875,0.7213399679889356,1.50652968,-1.7248813479999998,-0.010593168,0.2579305264514909,0.2808186454128769,0.62230728,0.234900192,-122.7855828,70.01453816163374,143.2040676516964,170.46930500000002,-65.56510999999976,-0.4034831243131628,stable_detected
fault_6,45,-0.0039563467599999,0.1318933754995144,0.2712855512786287,0.286146483,0.2171265100000002,0.0194128539999999,0.1410569203022346,0.1918694358142606,0.345359773,-0.0335290599999998,-9.29832576,58.79206431136034,72.14083903312844,150.203726,22.649767600000025,-0.2003212899080407,stable_detected
fault_7,35,0.028753362,0.131297714212209,0.1797376764354408,0.31346528,0.0152433379999999,0.041967718,0.0368200885301144,0.2273311854374543,0.0941753499999999,-0.0020716899999998,-25.510791,62.31694008290828,76.17651728081626,137.09070000000006,21.457674999999988,-0.3253682375680201,stable_detected
fault_8,20,0.09324669859999996,0.0366739718486878,0.10489982603802775,0.08699519799999995,0.0656865354999999,-0.15217562699999995,0.016305376911759803,0.1553114475937637,0.03808911,0.03483111000000005,-1.7881394900000005,76.28462771462875,88.18620045979114,195.50325809999998,-28.0141869999999,0.34162149752239923,stable_detected
fault_9,3,0.354695884,0.392693177345561,0.4991748344553672,1.00046408,0.2192568179999993,-0.15723913,0.4799370601455352,0.4323722285965231,1.13341428,2.70142171,-129.69972360000003,50.60010296604291,137.36926380401007,125.16977199999998,-175.237674,-0.1118005578500314,stable_detected
