feature,normal_fault_normal_median,normal_fault_fault_median,normal_fault_delta,normal_fault_effect,normal_fault_direction,normal_fp_normal_median,normal_fp_fp_median,normal_fp_delta,normal_fp_effect,normal_fp_direction,detected_missed_detected_median,detected_missed_missed_median,detected_missed_delta,detected_missed_effect,detected_missed_direction,max_abs_effect
AI1_Vibration_slope,-0.0011459999999999,0.016029595,0.0171755949999999,0.03540832131272782,↑,-0.0015616363636362,-0.019852666666666602,-0.018291030303030403,-0.16533137084065996,↓,0.0104163299999998,-0.2336039402,-0.2440202701999998,-8.053890803478913,↓,8.053890803478913
AI2_Current_slope,4.301427999999984,7.152555999999972,2.8511279999999886,0.005072685134450868,↑,3.691976545454605,32.70046021212123,29.008483666666624,0.07045147200773007,↑,-1.1921000000001067,190.73489999999973,191.92699999999982,5.171167022319609,↑,5.171167022319609
AI0_AI1_corr,0.3857894588653264,-0.2901380372046417,-0.6759274960699682,-1.432145127265196,↓,0.3413975166314672,-0.1271169941307711,-0.4685145107622383,-1.3314851817945268,↓,-0.3253682375680201,0.5965223373905052,0.9218905749585253,2.439431440821269,↑,2.439431440821269
AI0_Vibration_rms,0.0669543013315798,0.1297327847989861,0.06277848346740629,2.2983333722378863,↑,0.0689534850076484,0.11017385138776215,0.04122036638011374,1.7381042100723727,↑,0.1715611948703586,0.0311023392502158,-0.1404588556201428,-0.4597507452612365,↓,2.2983333722378863
AI0_Vibration_mean,-0.0006665999999999,0.01273957844,0.013406178439999899,0.5449468977105176,↑,-0.0007421999999999,0.0386392,0.0393813999999999,2.1778908215847954,↑,0.028753362,-0.012058164,-0.040811526,-0.5686232598892408,↓,2.1778908215847954
AI2_Current_rms,110.53441628158184,103.43356613019432,-7.100850151387519,-0.14378955534728982,↓,115.69372422474508,126.03514698777238,10.341422763027296,0.19468403703512221,↑,101.7701200875028,206.3085649169589,104.53844482945608,2.103946232476413,↑,2.103946232476413
AI2_Current_mean,1.616645200000005,46.96846564,45.35182043999999,0.33206744698029633,↑,0.611031100000001,1.2375539000000004,0.6265227999999994,0.0077550268989805765,↑,43.1537678,204.563162,161.4093942,1.8986964335928644,↑,1.8986964335928644
AI1_Vibration_rms,0.1072504905862905,0.1628503018477697,0.055599811261479185,0.6954098661593656,↑,0.1077276128190911,0.15406832507421775,0.04634071225512665,0.5732332790213122,↑,0.1616604536248552,0.0469140378099762,-0.114746415814879,-1.4408180949985234,↓,1.4408180949985234
AI0_Vibration_slope,0.006392,-0.0117001727,-0.0180921727,-0.06900616221084671,↓,0.001295515151515,0.0138277272727272,0.0125322121212122,0.23084375267661014,↑,0.0061922699999998,-0.1007649749999999,-0.1069572449999997,-1.43788468204657,↓,1.43788468204657
AI0_Vibration_std,0.0683037987025612,0.0914635998056567,0.023159801103095498,0.7440265196727811,↑,0.0685354276415571,0.1051272461694901,0.036591818527933,1.4184455973295904,↑,0.1311981164271747,0.0274373196202467,-0.10376079680692799,-0.40728830745012895,↓,1.4184455973295904
AI0_Vibration_ptp,0.167199,0.218738035,0.05153903500000001,0.6696765881015793,↑,0.213521,0.317563,0.104042,1.2782806426346565,↑,0.286146483,0.065366434,-0.220780049,-0.35158900987561126,↓,1.2782806426346565
AI1_Vibration_mean,0.0005897999999999,-0.010593168,-0.0111829679999999,-0.5324207970523434,↓,0.0008226999999999,0.01607759999999995,0.015254900000000049,0.8679913660022148,↑,-0.0202155579999999,0.00026066456,0.0204762225599999,0.21120055215854844,↑,0.8679913660022148
AI1_Vibration_ptp,0.277769,0.162934815,-0.11483418499999998,-0.5460035759564497,↓,0.314735,0.47485049999999995,0.16011549999999997,0.7202068951145018,↑,0.150527786,0.134613924,-0.015913862,-0.08546628641060275,↓,0.7202068951145018
AI1_Vibration_std,0.1176483331615879,0.0696395748458876,-0.0480087583157003,-0.5316095244341548,↓,0.1122225956097473,0.1579702512109785,0.04574765560123119,0.5370406276711377,↑,0.0626527960198949,0.0524506791855816,-0.010202116834313303,-0.132032558698409,↓,0.5370406276711377
AI2_Current_std,61.938287159700536,55.25322412107536,-6.685063038625174,-0.19340912821057515,↓,99.97379722902548,117.06081557558738,17.087018346561905,0.3957882643800092,↑,53.29602348878724,51.975804484249394,-1.3202190045378472,-0.1796517474189648,↓,0.3957882643800092
AI2_Current_ptp,151.279944,137.090699,-14.189245,-0.16544722831104444,↓,279.671818,329.719105,50.04728700000004,0.3930204977877323,↑,133.514415,127.55396,-5.96045500000001,-0.32118992449215217,↓,0.3930204977877323
