Model,Quantile,Event Detection,Delay (s),Sample F1,Normal FA Cycle,Idle FA Cycle,Normal FA Episodes/repeat
Ledoit-Wolf Mahalanobis,0.99,95.24 ± 0.00%,0.435 ± 0.000,0.7836 ± 0.0069,7.83 ± 0.50%,0.00 ± 0.00%,62.4
Ledoit-Wolf Mahalanobis,0.995,95.24 ± 0.00%,0.449 ± 0.009,0.8280 ± 0.0076,4.07 ± 0.61%,0.00 ± 0.00%,32.8
Ledoit-Wolf Mahalanobis,0.999,95.24 ± 0.00%,0.495 ± 0.027,0.8507 ± 0.0056,1.64 ± 0.41%,0.00 ± 0.00%,15.4
Ledoit-Wolf Mahalanobis,0.9995,94.29 ± 2.13%,0.506 ± 0.017,0.8570 ± 0.0068,1.14 ± 0.16%,0.00 ± 0.00%,11.0
Ledoit-Wolf Mahalanobis,0.9999,94.29 ± 2.13%,0.524 ± 0.017,0.8521 ± 0.0077,0.90 ± 0.11%,0.00 ± 0.00%,9.4
Isolation Forest,0.99,89.52 ± 2.13%,0.615 ± 0.046,0.7035 ± 0.0207,8.34 ± 1.05%,3.18 ± 4.36%,68.0
Isolation Forest,0.995,88.57 ± 2.61%,0.710 ± 0.025,0.7107 ± 0.0284,4.54 ± 0.32%,1.14 ± 1.14%,33.4
Isolation Forest,0.999,80.95 ± 3.37%,0.740 ± 0.067,0.6689 ± 0.0237,1.33 ± 0.38%,0.23 ± 0.51%,9.2
Isolation Forest,0.9995,79.05 ± 4.26%,0.773 ± 0.081,0.6555 ± 0.0210,0.86 ± 0.22%,0.23 ± 0.51%,5.8
Isolation Forest,0.9999,76.19 ± 3.37%,0.816 ± 0.040,0.6344 ± 0.0248,0.51 ± 0.36%,0.00 ± 0.00%,3.4
