model,quantile,repeat,seed,fold,detector,threshold
mahalanobis,0.99,0,0,0,sample,11.368926310270203
mahalanobis,0.99,0,0,0,win05,26.4841945634758
mahalanobis,0.99,0,0,0,win1,24.782206787081915
mahalanobis,0.995,0,0,0,sample,11.792961327609104
mahalanobis,0.995,0,0,0,win05,29.209856385350726
mahalanobis,0.995,0,0,0,win1,27.491844466335007
mahalanobis,0.999,0,0,0,sample,14.060640041406081
mahalanobis,0.999,0,0,0,win05,32.6169132669962
mahalanobis,0.999,0,0,0,win1,32.68677795353095
mahalanobis,0.9995,0,0,0,sample,14.670672002274951
mahalanobis,0.9995,0,0,0,win05,33.47402455387074
mahalanobis,0.9995,0,0,0,win1,33.27322104266276
mahalanobis,0.9999,0,0,0,sample,15.870837307125974
mahalanobis,0.9999,0,0,0,win05,34.941412467109544
mahalanobis,0.9999,0,0,0,win1,33.937169991268156
iforest,0.99,0,0,0,sample,0.5768290316929958
iforest,0.99,0,0,0,win05,0.5952002945713021
iforest,0.99,0,0,0,win1,0.5750024332646907
iforest,0.995,0,0,0,sample,0.5843810387416762
iforest,0.995,0,0,0,win05,0.6039178683898712
iforest,0.995,0,0,0,win1,0.5877811268860356
iforest,0.999,0,0,0,sample,0.5998618142188644
iforest,0.999,0,0,0,win05,0.6227081403617543
iforest,0.999,0,0,0,win1,0.6164440574875498
iforest,0.9995,0,0,0,sample,0.6066779041178545
iforest,0.9995,0,0,0,win05,0.6298936651215955
iforest,0.9995,0,0,0,win1,0.6172650608330248
iforest,0.9999,0,0,0,sample,0.6177036307768614
iforest,0.9999,0,0,0,win05,0.6351051068764998
iforest,0.9999,0,0,0,win1,0.638514950500979
mahalanobis,0.99,0,0,1,sample,11.090033458725784
mahalanobis,0.99,0,0,1,win05,29.940792885016087
mahalanobis,0.99,0,0,1,win1,28.124816062995063
mahalanobis,0.995,0,0,1,sample,12.216870523502012
mahalanobis,0.995,0,0,1,win05,36.64089322998421
mahalanobis,0.995,0,0,1,win1,39.139423007735296
mahalanobis,0.999,0,0,1,sample,14.544161792804056
mahalanobis,0.999,0,0,1,win05,48.26445706117233
mahalanobis,0.999,0,0,1,win1,53.31620443941168
mahalanobis,0.9995,0,0,1,sample,14.820935051641541
mahalanobis,0.9995,0,0,1,win05,52.71263246955753
mahalanobis,0.9995,0,0,1,win1,55.62012367906364
mahalanobis,0.9999,0,0,1,sample,15.23084498847261
mahalanobis,0.9999,0,0,1,win05,56.191535344987564
mahalanobis,0.9999,0,0,1,win1,58.21733099478119
iforest,0.99,0,0,1,sample,0.5711140329769258
iforest,0.99,0,0,1,win05,0.573742411184685
iforest,0.99,0,0,1,win1,0.572884203752348
iforest,0.995,0,0,1,sample,0.5771768007989633
iforest,0.995,0,0,1,win05,0.5897004782611687
iforest,0.995,0,0,1,win1,0.5856706361582684
iforest,0.999,0,0,1,sample,0.5873019121135018
iforest,0.999,0,0,1,win05,0.6101199537308853
iforest,0.999,0,0,1,win1,0.6125548574879931
iforest,0.9995,0,0,1,sample,0.5999755534659167
iforest,0.9995,0,0,1,win05,0.6149189104072033
iforest,0.9995,0,0,1,win1,0.6167686077082737
iforest,0.9999,0,0,1,sample,0.6077619436849182
iforest,0.9999,0,0,1,win05,0.6317331017200276
iforest,0.9999,0,0,1,win1,0.6297838338154518
mahalanobis,0.99,0,0,2,sample,11.23437855688878
mahalanobis,0.99,0,0,2,win05,24.260796298804784
mahalanobis,0.99,0,0,2,win1,24.064048873989716
mahalanobis,0.995,0,0,2,sample,12.66983086376416
mahalanobis,0.995,0,0,2,win05,28.222471807562236
mahalanobis,0.995,0,0,2,win1,25.930546681183273
mahalanobis,0.999,0,0,2,sample,14.35714006019642
mahalanobis,0.999,0,0,2,win05,35.368088494518446
mahalanobis,0.999,0,0,2,win1,29.43111569327187
mahalanobis,0.9995,0,0,2,sample,14.669289889811552
mahalanobis,0.9995,0,0,2,win05,41.25357134204453
mahalanobis,0.9995,0,0,2,win1,30.364864055770585
mahalanobis,0.9999,0,0,2,sample,15.943656159753884
mahalanobis,0.9999,0,0,2,win05,45.070662858851875
mahalanobis,0.9999,0,0,2,win1,31.577044237876294
iforest,0.99,0,0,2,sample,0.5772042673040702
iforest,0.99,0,0,2,win05,0.5651962260474618
iforest,0.99,0,0,2,win1,0.5647818568192251
iforest,0.995,0,0,2,sample,0.5825662515304714
iforest,0.995,0,0,2,win05,0.5765467611636222
iforest,0.995,0,0,2,win1,0.576541907574909
iforest,0.999,0,0,2,sample,0.6014948318365677
iforest,0.999,0,0,2,win05,0.5929910044801483
iforest,0.999,0,0,2,win1,0.6042100631488393
iforest,0.9995,0,0,2,sample,0.604286082256911
iforest,0.9995,0,0,2,win05,0.5985771456814234
iforest,0.9995,0,0,2,win1,0.6203941722297521
iforest,0.9999,0,0,2,sample,0.6099534179817409
iforest,0.9999,0,0,2,win05,0.6101381546184003
iforest,0.9999,0,0,2,win1,0.633696351676198
mahalanobis,0.99,0,0,3,sample,11.710560098824782
mahalanobis,0.99,0,0,3,win05,29.63790553501783
mahalanobis,0.99,0,0,3,win1,32.499190791750365
mahalanobis,0.995,0,0,3,sample,13.518141174126095
mahalanobis,0.995,0,0,3,win05,35.013007708414754
mahalanobis,0.995,0,0,3,win1,46.52009865395374
mahalanobis,0.999,0,0,3,sample,17.251918847265227
mahalanobis,0.999,0,0,3,win05,53.289699521672595
mahalanobis,0.999,0,0,3,win1,53.35611420971382
mahalanobis,0.9995,0,0,3,sample,18.374025078987664
mahalanobis,0.9995,0,0,3,win05,59.09435415164367
mahalanobis,0.9995,0,0,3,win1,54.94643543536243
mahalanobis,0.9999,0,0,3,sample,20.53218280993744
mahalanobis,0.9999,0,0,3,win05,65.95672885248392
mahalanobis,0.9999,0,0,3,win1,63.86642901063424
iforest,0.99,0,0,3,sample,0.572915159240242
iforest,0.99,0,0,3,win05,0.5810299035406189
iforest,0.99,0,0,3,win1,0.5891413116927962
iforest,0.995,0,0,3,sample,0.5799235694383306
iforest,0.995,0,0,3,win05,0.5956725818549159
iforest,0.995,0,0,3,win1,0.6074000933896131
iforest,0.999,0,0,3,sample,0.596593845591511
iforest,0.999,0,0,3,win05,0.6145234316052892
iforest,0.999,0,0,3,win1,0.6423708578664993
iforest,0.9995,0,0,3,sample,0.6043172246179784
iforest,0.9995,0,0,3,win05,0.626379330339212
iforest,0.9995,0,0,3,win1,0.6503260659881
iforest,0.9999,0,0,3,sample,0.618936436009261
iforest,0.9999,0,0,3,win05,0.6446771880509882
iforest,0.9999,0,0,3,win1,0.6562512606514153
mahalanobis,0.99,0,0,4,sample,10.659959692643534
mahalanobis,0.99,0,0,4,win05,24.60210116039675
mahalanobis,0.99,0,0,4,win1,24.313649015009464
mahalanobis,0.995,0,0,4,sample,11.245611563727193
mahalanobis,0.995,0,0,4,win05,27.098278169526463
mahalanobis,0.995,0,0,4,win1,27.315469542675025
mahalanobis,0.999,0,0,4,sample,13.215572721961362
mahalanobis,0.999,0,0,4,win05,33.39380279652837
mahalanobis,0.999,0,0,4,win1,32.68251279623445
mahalanobis,0.9995,0,0,4,sample,13.685768630443995
mahalanobis,0.9995,0,0,4,win05,33.88500767667718
mahalanobis,0.9995,0,0,4,win1,35.56915265190157
mahalanobis,0.9999,0,0,4,sample,14.659010765653004
mahalanobis,0.9999,0,0,4,win05,36.70558014974782
mahalanobis,0.9999,0,0,4,win1,35.865004283245575
iforest,0.99,0,0,4,sample,0.5675521808114024
iforest,0.99,0,0,4,win05,0.5670220538257192
iforest,0.99,0,0,4,win1,0.5616040806729229
iforest,0.995,0,0,4,sample,0.5744942862549792
iforest,0.995,0,0,4,win05,0.5782471426084267
iforest,0.995,0,0,4,win1,0.5744651265979167
iforest,0.999,0,0,4,sample,0.5860905852208683
iforest,0.999,0,0,4,win05,0.6001463137617044
iforest,0.999,0,0,4,win1,0.6073411927504452
iforest,0.9995,0,0,4,sample,0.5870818220742535
iforest,0.9995,0,0,4,win05,0.607533805621541
iforest,0.9995,0,0,4,win1,0.614507449614378
iforest,0.9999,0,0,4,sample,0.5882444711300562
iforest,0.9999,0,0,4,win05,0.6263243831003255
iforest,0.9999,0,0,4,win1,0.6165272301697531
mahalanobis,0.99,1,1,0,sample,11.13979188351916
mahalanobis,0.99,1,1,0,win05,25.94162337783252
mahalanobis,0.99,1,1,0,win1,25.261047095047047
mahalanobis,0.995,1,1,0,sample,12.033543464210954
mahalanobis,0.995,1,1,0,win05,29.436907428855505
mahalanobis,0.995,1,1,0,win1,27.826481528604393
mahalanobis,0.999,1,1,0,sample,14.405218820590685
mahalanobis,0.999,1,1,0,win05,39.33696367788348
mahalanobis,0.999,1,1,0,win1,48.284102028326814
mahalanobis,0.9995,1,1,0,sample,14.86876155647179
mahalanobis,0.9995,1,1,0,win05,40.934343323887994
mahalanobis,0.9995,1,1,0,win1,53.29753361439
mahalanobis,0.9999,1,1,0,sample,15.68135393564351
mahalanobis,0.9999,1,1,0,win05,49.04967046757572
mahalanobis,0.9999,1,1,0,win1,57.11830662530842
iforest,0.99,1,1,0,sample,0.5688610609836058
iforest,0.99,1,1,0,win05,0.5691251427002816
iforest,0.99,1,1,0,win1,0.561054586427573
iforest,0.995,1,1,0,sample,0.5768999683169804
iforest,0.995,1,1,0,win05,0.5831597387555983
iforest,0.995,1,1,0,win1,0.5756743079671528
iforest,0.999,1,1,0,sample,0.5918636649486189
iforest,0.999,1,1,0,win05,0.5948522127475027
iforest,0.999,1,1,0,win1,0.6039838880630626
iforest,0.9995,1,1,0,sample,0.5971667790423574
iforest,0.9995,1,1,0,win05,0.6008105984164248
iforest,0.9995,1,1,0,win1,0.6054781263413856
iforest,0.9999,1,1,0,sample,0.602825974093233
iforest,0.9999,1,1,0,win05,0.6080030593910433
iforest,0.9999,1,1,0,win1,0.6091668066205262
mahalanobis,0.99,1,1,1,sample,11.348935308671889
mahalanobis,0.99,1,1,1,win05,24.556374244054535
mahalanobis,0.99,1,1,1,win1,23.347240165147507
mahalanobis,0.995,1,1,1,sample,12.30290391594113
mahalanobis,0.995,1,1,1,win05,29.764154080090254
mahalanobis,0.995,1,1,1,win1,25.530421426387015
mahalanobis,0.999,1,1,1,sample,14.002493712258568
mahalanobis,0.999,1,1,1,win05,36.70779806879026
mahalanobis,0.999,1,1,1,win1,29.05787021116578
mahalanobis,0.9995,1,1,1,sample,14.533570712377792
mahalanobis,0.9995,1,1,1,win05,41.00701972821938
mahalanobis,0.9995,1,1,1,win1,29.582621854139024
mahalanobis,0.9999,1,1,1,sample,15.835755942884706
mahalanobis,0.9999,1,1,1,win05,43.84521186873598
mahalanobis,0.9999,1,1,1,win1,30.89013354036992
iforest,0.99,1,1,1,sample,0.5724821006781458
iforest,0.99,1,1,1,win05,0.5657628157635104
iforest,0.99,1,1,1,win1,0.5583541104790298
iforest,0.995,1,1,1,sample,0.5799425804731824
iforest,0.995,1,1,1,win05,0.5751165305443385
iforest,0.995,1,1,1,win1,0.5694316780024453
iforest,0.999,1,1,1,sample,0.5944163154362256
iforest,0.999,1,1,1,win05,0.5935485735207953
iforest,0.999,1,1,1,win1,0.596310088298829
iforest,0.9995,1,1,1,sample,0.6040871229193556
iforest,0.9995,1,1,1,win05,0.5985791479460167
iforest,0.9995,1,1,1,win1,0.6011098899388351
iforest,0.9999,1,1,1,sample,0.6176621433710313
iforest,0.9999,1,1,1,win05,0.6021919208235069
iforest,0.9999,1,1,1,win1,0.6132409978959321
mahalanobis,0.99,1,1,2,sample,11.059247028275813
mahalanobis,0.99,1,1,2,win05,27.26781945407423
mahalanobis,0.99,1,1,2,win1,28.70561161289552
mahalanobis,0.995,1,1,2,sample,11.738401720018208
mahalanobis,0.995,1,1,2,win05,32.612329098568814
mahalanobis,0.995,1,1,2,win1,32.876021562491744
mahalanobis,0.999,1,1,2,sample,14.797557702069533
mahalanobis,0.999,1,1,2,win05,44.613383136189405
mahalanobis,0.999,1,1,2,win1,46.15635030221625
mahalanobis,0.9995,1,1,2,sample,16.74958390915307
mahalanobis,0.9995,1,1,2,win05,45.82473093535923
mahalanobis,0.9995,1,1,2,win1,46.89850054979867
mahalanobis,0.9999,1,1,2,sample,16.998985337185736
mahalanobis,0.9999,1,1,2,win05,55.392454152589686
mahalanobis,0.9999,1,1,2,win1,52.77458055684365
iforest,0.99,1,1,2,sample,0.568510787265922
iforest,0.99,1,1,2,win05,0.5652577463177116
iforest,0.99,1,1,2,win1,0.5766579132204445
iforest,0.995,1,1,2,sample,0.5740798721855266
iforest,0.995,1,1,2,win05,0.577627455249157
iforest,0.995,1,1,2,win1,0.5903086150891349
iforest,0.999,1,1,2,sample,0.5968509833046317
iforest,0.999,1,1,2,win05,0.5948059532740305
iforest,0.999,1,1,2,win1,0.6184324762112937
iforest,0.9995,1,1,2,sample,0.6029072166138434
iforest,0.9995,1,1,2,win05,0.6007477406706934
iforest,0.9995,1,1,2,win1,0.6260587243673158
iforest,0.9999,1,1,2,sample,0.6099119788331587
iforest,0.9999,1,1,2,win05,0.6185054646854061
iforest,0.9999,1,1,2,win1,0.6350333273977508
mahalanobis,0.99,1,1,3,sample,11.438276227297774
mahalanobis,0.99,1,1,3,win05,28.414109831407284
mahalanobis,0.99,1,1,3,win1,25.968330456443383
mahalanobis,0.995,1,1,3,sample,12.40920912502145
mahalanobis,0.995,1,1,3,win05,32.21544772719473
mahalanobis,0.995,1,1,3,win1,32.852788742615246
mahalanobis,0.999,1,1,3,sample,14.310525563721638
mahalanobis,0.999,1,1,3,win05,43.70270402685947
mahalanobis,0.999,1,1,3,win1,43.22689966328281
mahalanobis,0.9995,1,1,3,sample,14.548592641300804
mahalanobis,0.9995,1,1,3,win05,49.584013612016314
mahalanobis,0.9995,1,1,3,win1,52.42698805807299
mahalanobis,0.9999,1,1,3,sample,14.929467187534554
mahalanobis,0.9999,1,1,3,win05,55.417741021484005
mahalanobis,0.9999,1,1,3,win1,56.19404515200639
iforest,0.99,1,1,3,sample,0.5730133588295885
iforest,0.99,1,1,3,win05,0.5752022967974094
iforest,0.99,1,1,3,win1,0.5648972148471108
iforest,0.995,1,1,3,sample,0.5793725036268146
iforest,0.995,1,1,3,win05,0.5836087303276123
iforest,0.995,1,1,3,win1,0.5797218738128885
iforest,0.999,1,1,3,sample,0.5971734248278827
iforest,0.999,1,1,3,win05,0.5999605130530474
iforest,0.999,1,1,3,win1,0.6008764296288924
iforest,0.9995,1,1,3,sample,0.6022083647273784
iforest,0.9995,1,1,3,win05,0.6080766634020451
iforest,0.9995,1,1,3,win1,0.6065421793732707
iforest,0.9999,1,1,3,sample,0.6141259083446076
iforest,0.9999,1,1,3,win05,0.6095066793738617
iforest,0.9999,1,1,3,win1,0.6110471089233933
mahalanobis,0.99,1,1,4,sample,11.126836363153346
mahalanobis,0.99,1,1,4,win05,26.629249198623842
mahalanobis,0.99,1,1,4,win1,27.0761427469693
mahalanobis,0.995,1,1,4,sample,12.429339883308263
mahalanobis,0.995,1,1,4,win05,31.182909902518762
mahalanobis,0.995,1,1,4,win1,37.81283715917606
mahalanobis,0.999,1,1,4,sample,16.581514459021086
mahalanobis,0.999,1,1,4,win05,53.061457031128796
mahalanobis,0.999,1,1,4,win1,52.7063578710604
mahalanobis,0.9995,1,1,4,sample,18.03137892156582
mahalanobis,0.9995,1,1,4,win05,56.729952243769624
mahalanobis,0.9995,1,1,4,win1,53.31654957425315
mahalanobis,0.9999,1,1,4,sample,20.244393720397703
mahalanobis,0.9999,1,1,4,win05,65.54004072980104
mahalanobis,0.9999,1,1,4,win1,64.02119622115337
iforest,0.99,1,1,4,sample,0.5709754116939312
iforest,0.99,1,1,4,win05,0.567983362168996
iforest,0.99,1,1,4,win1,0.5702927915765478
iforest,0.995,1,1,4,sample,0.5774533154672212
iforest,0.995,1,1,4,win05,0.5811509598883445
iforest,0.995,1,1,4,win1,0.5853169920736959
iforest,0.999,1,1,4,sample,0.5886939127735401
iforest,0.999,1,1,4,win05,0.5942776431855229
iforest,0.999,1,1,4,win1,0.6036582818677649
iforest,0.9995,1,1,4,sample,0.5948681931381263
iforest,0.9995,1,1,4,win05,0.6069227450722103
iforest,0.9995,1,1,4,win1,0.6044377359165961
iforest,0.9999,1,1,4,sample,0.5973082882360377
iforest,0.9999,1,1,4,win05,0.6268056255605585
iforest,0.9999,1,1,4,win1,0.6144772517758834
mahalanobis,0.99,2,2,0,sample,11.420355740962929
mahalanobis,0.99,2,2,0,win05,26.035290229138205
mahalanobis,0.99,2,2,0,win1,24.839416373407698
mahalanobis,0.995,2,2,0,sample,11.865507858127115
mahalanobis,0.995,2,2,0,win05,32.782187723596195
mahalanobis,0.995,2,2,0,win1,28.85407771580627
mahalanobis,0.999,2,2,0,sample,13.328023193170964
mahalanobis,0.999,2,2,0,win05,43.66076845012705
mahalanobis,0.999,2,2,0,win1,42.855592001700046
mahalanobis,0.9995,2,2,0,sample,14.294228340553605
mahalanobis,0.9995,2,2,0,win05,49.192364930390774
mahalanobis,0.9995,2,2,0,win1,52.12659178657916
mahalanobis,0.9999,2,2,0,sample,14.940422567146236
mahalanobis,0.9999,2,2,0,win05,54.568267668911986
mahalanobis,0.9999,2,2,0,win1,55.54484312052133
iforest,0.99,2,2,0,sample,0.5777675880065448
iforest,0.99,2,2,0,win05,0.5751914228797733
iforest,0.99,2,2,0,win1,0.5712530633018322
iforest,0.995,2,2,0,sample,0.584718907913317
iforest,0.995,2,2,0,win05,0.5858190116329502
iforest,0.995,2,2,0,win1,0.5906939934108604
iforest,0.999,2,2,0,sample,0.6018918572946617
iforest,0.999,2,2,0,win05,0.5998662923329725
iforest,0.999,2,2,0,win1,0.6086199591953019
iforest,0.9995,2,2,0,sample,0.6114360888801825
iforest,0.9995,2,2,0,win05,0.6025446092260485
iforest,0.9995,2,2,0,win1,0.6103305582953724
iforest,0.9999,2,2,0,sample,0.619237573431919
iforest,0.9999,2,2,0,win05,0.6032201160710405
iforest,0.9999,2,2,0,win1,0.6207271468393895
mahalanobis,0.99,2,2,1,sample,10.667657353103994
mahalanobis,0.99,2,2,1,win05,24.632565383192173
mahalanobis,0.99,2,2,1,win1,24.90032436719769
mahalanobis,0.995,2,2,1,sample,11.371738044388026
mahalanobis,0.995,2,2,1,win05,29.325176721295314
mahalanobis,0.995,2,2,1,win1,32.08682601014153
mahalanobis,0.999,2,2,1,sample,13.541569407721365
mahalanobis,0.999,2,2,1,win05,45.28489752092025
mahalanobis,0.999,2,2,1,win1,45.546417587135934
mahalanobis,0.9995,2,2,1,sample,15.347520623773228
mahalanobis,0.9995,2,2,1,win05,45.85422178908071
mahalanobis,0.9995,2,2,1,win1,48.24325819718147
mahalanobis,0.9999,2,2,1,sample,16.833182875537254
mahalanobis,0.9999,2,2,1,win05,56.025592730808675
mahalanobis,0.9999,2,2,1,win1,54.758186374624806
iforest,0.99,2,2,1,sample,0.566740641336507
iforest,0.99,2,2,1,win05,0.5644594537783878
iforest,0.99,2,2,1,win1,0.5624277383184446
iforest,0.995,2,2,1,sample,0.5761833469619773
iforest,0.995,2,2,1,win05,0.5736487444086797
iforest,0.995,2,2,1,win1,0.5734676809148868
iforest,0.999,2,2,1,sample,0.585397489468603
iforest,0.999,2,2,1,win05,0.5908206913630072
iforest,0.999,2,2,1,win1,0.5958858857992636
iforest,0.9995,2,2,1,sample,0.5879611669030026
iforest,0.9995,2,2,1,win05,0.59986197394367
iforest,0.9995,2,2,1,win1,0.600059185892267
iforest,0.9999,2,2,1,sample,0.5893876889517903
iforest,0.9999,2,2,1,win05,0.6041852403493088
iforest,0.9999,2,2,1,win1,0.6056734863207986
mahalanobis,0.99,2,2,2,sample,10.996030680320166
mahalanobis,0.99,2,2,2,win05,25.85635837213554
mahalanobis,0.99,2,2,2,win1,24.587385081811664
mahalanobis,0.995,2,2,2,sample,11.821767473574818
mahalanobis,0.995,2,2,2,win05,28.81018341905279
mahalanobis,0.995,2,2,2,win1,26.114215965924334
mahalanobis,0.999,2,2,2,sample,13.96995052568852
mahalanobis,0.999,2,2,2,win05,32.593880734357214
mahalanobis,0.999,2,2,2,win1,32.621235739505266
mahalanobis,0.9995,2,2,2,sample,14.498176526451719
mahalanobis,0.9995,2,2,2,win05,33.52467681670164
mahalanobis,0.9995,2,2,2,win1,32.8584999804832
mahalanobis,0.9999,2,2,2,sample,15.323526489416619
mahalanobis,0.9999,2,2,2,win05,36.742408509284466
mahalanobis,0.9999,2,2,2,win1,33.641776519906905
iforest,0.99,2,2,2,sample,0.5727480935182505
iforest,0.99,2,2,2,win05,0.5631585110515585
iforest,0.99,2,2,2,win1,0.5742233472648804
iforest,0.995,2,2,2,sample,0.5831519028939687
iforest,0.995,2,2,2,win05,0.5733684248160671
iforest,0.995,2,2,2,win1,0.5838097558147664
iforest,0.999,2,2,2,sample,0.5990990602341727
iforest,0.999,2,2,2,win05,0.597325811868768
iforest,0.999,2,2,2,win1,0.6059114996765824
iforest,0.9995,2,2,2,sample,0.6010559231922421
iforest,0.9995,2,2,2,win05,0.6092860612121778
iforest,0.9995,2,2,2,win1,0.6169406181446997
iforest,0.9999,2,2,2,sample,0.606902928244527
iforest,0.9999,2,2,2,win05,0.6119210972795993
iforest,0.9999,2,2,2,win1,0.6195306312357345
mahalanobis,0.99,2,2,3,sample,12.177658681347651
mahalanobis,0.99,2,2,3,win05,30.433961412683505
mahalanobis,0.99,2,2,3,win1,30.605414252980047
mahalanobis,0.995,2,2,3,sample,13.65925596858645
mahalanobis,0.995,2,2,3,win05,34.979022323187245
mahalanobis,0.995,2,2,3,win1,44.37418733952263
mahalanobis,0.999,2,2,3,sample,16.732514129651815
mahalanobis,0.999,2,2,3,win05,51.89734116564462
mahalanobis,0.999,2,2,3,win1,52.240316089165965
mahalanobis,0.9995,2,2,3,sample,18.138946849499224
mahalanobis,0.9995,2,2,3,win05,55.203619346505846
mahalanobis,0.9995,2,2,3,win1,56.72889474811655
mahalanobis,0.9999,2,2,3,sample,20.270757558811933
mahalanobis,0.9999,2,2,3,win05,64.10244300667776
mahalanobis,0.9999,2,2,3,win1,63.825694593878055
iforest,0.99,2,2,3,sample,0.582971721157975
iforest,0.99,2,2,3,win05,0.5857137653645123
iforest,0.99,2,2,3,win1,0.5978875506349506
iforest,0.995,2,2,3,sample,0.5911718629710878
iforest,0.995,2,2,3,win05,0.5997634956505508
iforest,0.995,2,2,3,win1,0.6098351587736276
iforest,0.999,2,2,3,sample,0.6097798304339074
iforest,0.999,2,2,3,win05,0.6132150665360979
iforest,0.999,2,2,3,win1,0.6396009437202109
iforest,0.9995,2,2,3,sample,0.6108397939161166
iforest,0.9995,2,2,3,win05,0.6162687448830296
iforest,0.9995,2,2,3,win1,0.6407642320286125
iforest,0.9999,2,2,3,sample,0.6175573508948867
iforest,0.9999,2,2,3,win05,0.6226437103932225
iforest,0.9999,2,2,3,win1,0.6462292321039057
mahalanobis,0.99,2,2,4,sample,11.167435626983282
mahalanobis,0.99,2,2,4,win05,25.381439259889113
mahalanobis,0.99,2,2,4,win1,25.29787725094836
mahalanobis,0.995,2,2,4,sample,11.847865991648307
mahalanobis,0.995,2,2,4,win05,29.114669583009167
mahalanobis,0.995,2,2,4,win1,27.222443490845922
mahalanobis,0.999,2,2,4,sample,14.114706386045633
mahalanobis,0.999,2,2,4,win05,36.78508450530598
mahalanobis,0.999,2,2,4,win1,30.381403676081728
mahalanobis,0.9995,2,2,4,sample,14.474565035229688
mahalanobis,0.9995,2,2,4,win05,41.40220481520083
mahalanobis,0.9995,2,2,4,win1,30.8705229080377
mahalanobis,0.9999,2,2,4,sample,14.564700387854579
mahalanobis,0.9999,2,2,4,win05,45.21993440729918
mahalanobis,0.9999,2,2,4,win1,31.2638455714571
iforest,0.99,2,2,4,sample,0.573143265809278
iforest,0.99,2,2,4,win05,0.5692649526107483
iforest,0.99,2,2,4,win1,0.566340145863266
iforest,0.995,2,2,4,sample,0.5791379582218057
iforest,0.995,2,2,4,win05,0.582875359897156
iforest,0.995,2,2,4,win1,0.5743711509261359
iforest,0.999,2,2,4,sample,0.5915799479863803
iforest,0.999,2,2,4,win05,0.6064535526801689
iforest,0.999,2,2,4,win1,0.6002126624928419
iforest,0.9995,2,2,4,sample,0.5986644853138515
iforest,0.9995,2,2,4,win05,0.6105252611105161
iforest,0.9995,2,2,4,win1,0.608231562221269
iforest,0.9999,2,2,4,sample,0.6005231520438873
iforest,0.9999,2,2,4,win05,0.6216653343163765
iforest,0.9999,2,2,4,win1,0.6107235838906481
mahalanobis,0.99,3,3,0,sample,10.539258471663087
mahalanobis,0.99,3,3,0,win05,26.85964580845929
mahalanobis,0.99,3,3,0,win1,27.113855829613403
mahalanobis,0.995,3,3,0,sample,11.180871817076602
mahalanobis,0.995,3,3,0,win05,31.496359944146384
mahalanobis,0.995,3,3,0,win1,32.6661300078935
mahalanobis,0.999,3,3,0,sample,12.932763823754897
mahalanobis,0.999,3,3,0,win05,43.3211119147276
mahalanobis,0.999,3,3,0,win1,43.03396803520197
mahalanobis,0.9995,3,3,0,sample,13.603725080174264
mahalanobis,0.9995,3,3,0,win05,49.60269459145611
mahalanobis,0.9995,3,3,0,win1,52.955310593828045
mahalanobis,0.9999,3,3,0,sample,14.580654971183796
mahalanobis,0.9999,3,3,0,win05,55.411817206178405
mahalanobis,0.9999,3,3,0,win1,57.57559525669379
iforest,0.99,3,3,0,sample,0.5681543913209042
iforest,0.99,3,3,0,win05,0.5670169335459116
iforest,0.99,3,3,0,win1,0.5691961358191354
iforest,0.995,3,3,0,sample,0.5765690813534791
iforest,0.995,3,3,0,win05,0.576373376382998
iforest,0.995,3,3,0,win1,0.5794656962035063
iforest,0.999,3,3,0,sample,0.5938488657874328
iforest,0.999,3,3,0,win05,0.5950333976937627
iforest,0.999,3,3,0,win1,0.6062704448829282
iforest,0.9995,3,3,0,sample,0.6009907886103691
iforest,0.9995,3,3,0,win05,0.5996185064931028
iforest,0.9995,3,3,0,win1,0.6238573893647898
iforest,0.9999,3,3,0,sample,0.6059899952081277
iforest,0.9999,3,3,0,win05,0.603588597837618
iforest,0.9999,3,3,0,win1,0.6320027669738372
mahalanobis,0.99,3,3,1,sample,11.139254209181706
mahalanobis,0.99,3,3,1,win05,25.536423255468804
mahalanobis,0.99,3,3,1,win1,23.085713133168962
mahalanobis,0.995,3,3,1,sample,12.146395575407594
mahalanobis,0.995,3,3,1,win05,29.807270608199502
mahalanobis,0.995,3,3,1,win1,25.16268099031426
mahalanobis,0.999,3,3,1,sample,13.545222953302952
mahalanobis,0.999,3,3,1,win05,34.14501438819023
mahalanobis,0.999,3,3,1,win1,28.580788382540764
mahalanobis,0.9995,3,3,1,sample,15.315258703180751
mahalanobis,0.9995,3,3,1,win05,35.18423625609973
mahalanobis,0.9995,3,3,1,win1,31.177776651538494
mahalanobis,0.9999,3,3,1,sample,16.099941002380238
mahalanobis,0.9999,3,3,1,win05,38.068554474163356
mahalanobis,0.9999,3,3,1,win1,33.80451643821945
iforest,0.99,3,3,1,sample,0.5803603585409071
iforest,0.99,3,3,1,win05,0.5845415231658198
iforest,0.99,3,3,1,win1,0.5731239523808632
iforest,0.995,3,3,1,sample,0.5888297534384949
iforest,0.995,3,3,1,win05,0.5921016657035829
iforest,0.995,3,3,1,win1,0.5885423390768441
iforest,0.999,3,3,1,sample,0.6131229449654436
iforest,0.999,3,3,1,win05,0.6066699108069947
iforest,0.999,3,3,1,win1,0.6176761416338192
iforest,0.9995,3,3,1,sample,0.6173051091665406
iforest,0.9995,3,3,1,win05,0.6116722413951002
iforest,0.9995,3,3,1,win1,0.6224060118698459
iforest,0.9999,3,3,1,sample,0.6258228316820692
iforest,0.9999,3,3,1,win05,0.6210672285262195
iforest,0.9999,3,3,1,win1,0.6283243889051217
mahalanobis,0.99,3,3,2,sample,11.999040727746497
mahalanobis,0.99,3,3,2,win05,27.80001412499196
mahalanobis,0.99,3,3,2,win1,25.848545240427583
mahalanobis,0.995,3,3,2,sample,12.969545428407168
mahalanobis,0.995,3,3,2,win05,31.51358901488717
mahalanobis,0.995,3,3,2,win1,31.465590792297874
mahalanobis,0.999,3,3,2,sample,15.207706094808355
mahalanobis,0.999,3,3,2,win05,45.10733696467904
mahalanobis,0.999,3,3,2,win1,45.35010094999859
mahalanobis,0.9995,3,3,2,sample,16.437556466144414
mahalanobis,0.9995,3,3,2,win05,45.73256612635694
mahalanobis,0.9995,3,3,2,win1,47.078687446542695
mahalanobis,0.9999,3,3,2,sample,16.845597167479987
mahalanobis,0.9999,3,3,2,win05,55.1600739021858
mahalanobis,0.9999,3,3,2,win1,53.33913968953939
iforest,0.99,3,3,2,sample,0.5839901078992096
iforest,0.99,3,3,2,win05,0.5854363411964022
iforest,0.99,3,3,2,win1,0.5891813209524421
iforest,0.995,3,3,2,sample,0.5892252814292461
iforest,0.995,3,3,2,win05,0.5979244000727978
iforest,0.995,3,3,2,win1,0.6023736582422207
iforest,0.999,3,3,2,sample,0.6046927610737761
iforest,0.999,3,3,2,win05,0.614737582979975
iforest,0.999,3,3,2,win1,0.6336544877975729
iforest,0.9995,3,3,2,sample,0.6098777263412245
iforest,0.9995,3,3,2,win05,0.6173067200937086
iforest,0.9995,3,3,2,win1,0.6360016435255226
iforest,0.9999,3,3,2,sample,0.6192194498561965
iforest,0.9999,3,3,2,win05,0.6231111490645788
iforest,0.9999,3,3,2,win1,0.6427708582708169
mahalanobis,0.99,3,3,3,sample,11.009473694644683
mahalanobis,0.99,3,3,3,win05,24.429313839988115
mahalanobis,0.99,3,3,3,win1,23.89802849097641
mahalanobis,0.995,3,3,3,sample,11.597720920188479
mahalanobis,0.995,3,3,3,win05,25.871822521956126
mahalanobis,0.995,3,3,3,win1,25.553870323136483
mahalanobis,0.999,3,3,3,sample,12.531830414135008
mahalanobis,0.999,3,3,3,win05,31.463762002497646
mahalanobis,0.999,3,3,3,win1,29.44207793542675
mahalanobis,0.9995,3,3,3,sample,14.404125323529431
mahalanobis,0.9995,3,3,3,win05,32.44322842430049
mahalanobis,0.9995,3,3,3,win1,30.096536639816378
mahalanobis,0.9999,3,3,3,sample,15.409154748957471
mahalanobis,0.9999,3,3,3,win05,34.778489669612604
mahalanobis,0.9999,3,3,3,win1,31.06832683363147
iforest,0.99,3,3,3,sample,0.5795913160177376
iforest,0.99,3,3,3,win05,0.5830918904062503
iforest,0.99,3,3,3,win1,0.5871046524509103
iforest,0.995,3,3,3,sample,0.5854796808448625
iforest,0.995,3,3,3,win05,0.5901782881086428
iforest,0.995,3,3,3,win1,0.6014773476351095
iforest,0.999,3,3,3,sample,0.5976259465565553
iforest,0.999,3,3,3,win05,0.6131992095696537
iforest,0.999,3,3,3,win1,0.6219166344075701
iforest,0.9995,3,3,3,sample,0.5989678309679878
iforest,0.9995,3,3,3,win05,0.618217645444542
iforest,0.9995,3,3,3,win1,0.624094902392809
iforest,0.9999,3,3,3,sample,0.5997064469258936
iforest,0.9999,3,3,3,win05,0.6248959734428369
iforest,0.9999,3,3,3,win1,0.6343805745999032
mahalanobis,0.99,3,3,4,sample,11.756247683926393
mahalanobis,0.99,3,3,4,win05,29.606049477121154
mahalanobis,0.99,3,3,4,win1,32.86349769259284
mahalanobis,0.995,3,3,4,sample,13.195927248811024
mahalanobis,0.995,3,3,4,win05,36.28310521597099
mahalanobis,0.995,3,3,4,win1,45.883463246434474
mahalanobis,0.999,3,3,4,sample,16.6255628678444
mahalanobis,0.999,3,3,4,win05,53.13979389345184
mahalanobis,0.999,3,3,4,win1,53.716262195802194
mahalanobis,0.9995,3,3,4,sample,18.45802341796879
mahalanobis,0.9995,3,3,4,win05,56.118886040624936
mahalanobis,0.9995,3,3,4,win1,58.46282093177604
mahalanobis,0.9999,3,3,4,sample,20.68681788501347
mahalanobis,0.9999,3,3,4,win05,64.58717056077064
mahalanobis,0.9999,3,3,4,win1,65.6959668332536
iforest,0.99,3,3,4,sample,0.578065105412805
iforest,0.99,3,3,4,win05,0.5909798005789364
iforest,0.99,3,3,4,win1,0.5942966106656415
iforest,0.995,3,3,4,sample,0.5885526865769571
iforest,0.995,3,3,4,win05,0.6034730973195507
iforest,0.995,3,3,4,win1,0.6075925950146691
iforest,0.999,3,3,4,sample,0.6000064373168005
iforest,0.999,3,3,4,win05,0.61698258989224
iforest,0.999,3,3,4,win1,0.6262158715370817
iforest,0.9995,3,3,4,sample,0.6020500270462732
iforest,0.9995,3,3,4,win05,0.6198675773665479
iforest,0.9995,3,3,4,win1,0.6347768672202695
iforest,0.9999,3,3,4,sample,0.6120511856352628
iforest,0.9999,3,3,4,win05,0.6238368082884387
iforest,0.9999,3,3,4,win1,0.6421587916372612
mahalanobis,0.99,4,4,0,sample,11.033868924685171
mahalanobis,0.99,4,4,0,win05,27.978194647999434
mahalanobis,0.99,4,4,0,win1,32.48093665446232
mahalanobis,0.995,4,4,0,sample,12.603472760668812
mahalanobis,0.995,4,4,0,win05,35.53687060086365
mahalanobis,0.995,4,4,0,win1,43.58324828384735
mahalanobis,0.999,4,4,0,sample,16.63329947804828
mahalanobis,0.999,4,4,0,win05,52.7513731399559
mahalanobis,0.999,4,4,0,win1,54.54092470357658
mahalanobis,0.9995,4,4,0,sample,18.020660491994768
mahalanobis,0.9995,4,4,0,win05,57.16404786187777
mahalanobis,0.9995,4,4,0,win1,56.40515661795076
mahalanobis,0.9999,4,4,0,sample,20.105458651746442
mahalanobis,0.9999,4,4,0,win05,64.82191613847148
mahalanobis,0.9999,4,4,0,win1,63.942416062927556
iforest,0.99,4,4,0,sample,0.571829704716053
iforest,0.99,4,4,0,win05,0.5709184338338641
iforest,0.99,4,4,0,win1,0.5714574079722303
iforest,0.995,4,4,0,sample,0.5765916454829415
iforest,0.995,4,4,0,win05,0.5818994013037
iforest,0.995,4,4,0,win1,0.5879214743159138
iforest,0.999,4,4,0,sample,0.5915692403587891
iforest,0.999,4,4,0,win05,0.6015468873420349
iforest,0.999,4,4,0,win1,0.6228687482478069
iforest,0.9995,4,4,0,sample,0.6004017440124735
iforest,0.9995,4,4,0,win05,0.6074225461930588
iforest,0.9995,4,4,0,win1,0.6238216342243578
iforest,0.9999,4,4,0,sample,0.6046121497322937
iforest,0.9999,4,4,0,win05,0.6125940809156564
iforest,0.9999,4,4,0,win1,0.6436196128891984
mahalanobis,0.99,4,4,1,sample,11.641915141305045
mahalanobis,0.99,4,4,1,win05,31.68349579394413
mahalanobis,0.99,4,4,1,win1,32.242125965573166
mahalanobis,0.995,4,4,1,sample,12.900269107694857
mahalanobis,0.995,4,4,1,win05,37.992349686597116
mahalanobis,0.995,4,4,1,win1,40.95157408626928
mahalanobis,0.999,4,4,1,sample,15.41985841045475
mahalanobis,0.999,4,4,1,win05,47.10716986475722
mahalanobis,0.999,4,4,1,win1,56.65641429208486
mahalanobis,0.9995,4,4,1,sample,16.657394894196955
mahalanobis,0.9995,4,4,1,win05,51.06918903863479
mahalanobis,0.9995,4,4,1,win1,59.289180684413566
mahalanobis,0.9999,4,4,1,sample,16.89641207562217
mahalanobis,0.9999,4,4,1,win05,58.5129102159902
mahalanobis,0.9999,4,4,1,win1,63.69080492173745
iforest,0.99,4,4,1,sample,0.5778185509013076
iforest,0.99,4,4,1,win05,0.5837224368174753
iforest,0.99,4,4,1,win1,0.5793986394404074
iforest,0.995,4,4,1,sample,0.5848434139341503
iforest,0.995,4,4,1,win05,0.5977636766194128
iforest,0.995,4,4,1,win1,0.5896263338992759
iforest,0.999,4,4,1,sample,0.6025875504975986
iforest,0.999,4,4,1,win05,0.6130126945243154
iforest,0.999,4,4,1,win1,0.6171118777969424
iforest,0.9995,4,4,1,sample,0.6041014453413512
iforest,0.9995,4,4,1,win05,0.6182533197932443
iforest,0.9995,4,4,1,win1,0.6273223061755852
iforest,0.9999,4,4,1,sample,0.608587605042685
iforest,0.9999,4,4,1,win05,0.622617058782775
iforest,0.9999,4,4,1,win1,0.630593031427354
mahalanobis,0.99,4,4,2,sample,10.72287149246342
mahalanobis,0.99,4,4,2,win05,23.841094528582325
mahalanobis,0.99,4,4,2,win1,23.19458544033809
mahalanobis,0.995,4,4,2,sample,11.162821442932056
mahalanobis,0.995,4,4,2,win05,26.405608315645708
mahalanobis,0.995,4,4,2,win1,25.10706750974528
mahalanobis,0.999,4,4,2,sample,12.090160435531642
mahalanobis,0.999,4,4,2,win05,33.44079155275601
mahalanobis,0.999,4,4,2,win1,28.909412269797254
mahalanobis,0.9995,4,4,2,sample,12.238184507299952
mahalanobis,0.9995,4,4,2,win05,34.973830700635084
mahalanobis,0.9995,4,4,2,win1,30.207036933797728
mahalanobis,0.9999,4,4,2,sample,12.966367333188916
mahalanobis,0.9999,4,4,2,win05,35.70850713867957
mahalanobis,0.9999,4,4,2,win1,30.71394781438792
iforest,0.99,4,4,2,sample,0.5713823463189539
iforest,0.99,4,4,2,win05,0.5648593654959718
iforest,0.99,4,4,2,win1,0.5723200325584933
iforest,0.995,4,4,2,sample,0.5764608797766443
iforest,0.995,4,4,2,win05,0.5747997294605093
iforest,0.995,4,4,2,win1,0.5878140953121097
iforest,0.999,4,4,2,sample,0.5890200158098189
iforest,0.999,4,4,2,win05,0.594673997218502
iforest,0.999,4,4,2,win1,0.6058187150532811
iforest,0.9995,4,4,2,sample,0.5893994075955085
iforest,0.9995,4,4,2,win05,0.6132473932426372
iforest,0.9995,4,4,2,win1,0.6103043861515722
iforest,0.9999,4,4,2,sample,0.5942443070600714
iforest,0.9999,4,4,2,win05,0.625397512648905
iforest,0.9999,4,4,2,win1,0.6116135496471954
mahalanobis,0.99,4,4,3,sample,11.51482471810918
mahalanobis,0.99,4,4,3,win05,25.669431823781686
mahalanobis,0.99,4,4,3,win1,23.959370131719414
mahalanobis,0.995,4,4,3,sample,12.003148781867866
mahalanobis,0.995,4,4,3,win05,28.231205353385736
mahalanobis,0.995,4,4,3,win1,25.498733671149076
mahalanobis,0.999,4,4,3,sample,14.09369984046023
mahalanobis,0.999,4,4,3,win05,31.106165796863543
mahalanobis,0.999,4,4,3,win1,30.992211031233193
mahalanobis,0.9995,4,4,3,sample,14.317158321900285
mahalanobis,0.9995,4,4,3,win05,32.984557110235734
mahalanobis,0.9995,4,4,3,win1,31.8297173838772
mahalanobis,0.9999,4,4,3,sample,15.067576463325883
mahalanobis,0.9999,4,4,3,win05,36.733662488786386
mahalanobis,0.9999,4,4,3,win1,33.2360890423656
iforest,0.99,4,4,3,sample,0.5810822052619414
iforest,0.99,4,4,3,win05,0.5776784951532262
iforest,0.99,4,4,3,win1,0.5748049798500772
iforest,0.995,4,4,3,sample,0.5861547977008968
iforest,0.995,4,4,3,win05,0.5873727277597457
iforest,0.995,4,4,3,win1,0.5855331678004637
iforest,0.999,4,4,3,sample,0.6014818615165287
iforest,0.999,4,4,3,win05,0.5969666155598586
iforest,0.999,4,4,3,win1,0.6023772404064239
iforest,0.9995,4,4,3,sample,0.6061705730473249
iforest,0.9995,4,4,3,win05,0.6024001581747376
iforest,0.9995,4,4,3,win1,0.606177270227476
iforest,0.9999,4,4,3,sample,0.6163620460021657
iforest,0.9999,4,4,3,win05,0.6107549599584631
iforest,0.9999,4,4,3,win1,0.6197276521641877
mahalanobis,0.99,4,4,4,sample,11.080561993299318
mahalanobis,0.99,4,4,4,win05,25.62404097456529
mahalanobis,0.99,4,4,4,win1,24.41767931784952
mahalanobis,0.995,4,4,4,sample,12.74058159567794
mahalanobis,0.995,4,4,4,win05,29.467693453166298
mahalanobis,0.995,4,4,4,win1,26.36798387750684
mahalanobis,0.999,4,4,4,sample,13.9377285193763
mahalanobis,0.999,4,4,4,win05,33.31028137145532
mahalanobis,0.999,4,4,4,win1,31.14090449560177
mahalanobis,0.9995,4,4,4,sample,15.15690812656124
mahalanobis,0.9995,4,4,4,win05,34.10627106053751
mahalanobis,0.9995,4,4,4,win1,32.63711534868821
mahalanobis,0.9999,4,4,4,sample,16.21575433610659
mahalanobis,0.9999,4,4,4,win05,36.67038565606383
mahalanobis,0.9999,4,4,4,win1,32.826582827571855
iforest,0.99,4,4,4,sample,0.5735805341329507
iforest,0.99,4,4,4,win05,0.5801749690388094
iforest,0.99,4,4,4,win1,0.5700443817795975
iforest,0.995,4,4,4,sample,0.5787625880416832
iforest,0.995,4,4,4,win05,0.5943215443470761
iforest,0.995,4,4,4,win1,0.5797095534992648
iforest,0.999,4,4,4,sample,0.6002294984412591
iforest,0.999,4,4,4,win05,0.6128680032604089
iforest,0.999,4,4,4,win1,0.6107206442002453
iforest,0.9995,4,4,4,sample,0.6037534046443847
iforest,0.9995,4,4,4,win05,0.6180248788901104
iforest,0.9995,4,4,4,win1,0.6163981636614888
iforest,0.9999,4,4,4,sample,0.6129701082874872
iforest,0.9999,4,4,4,win05,0.6261337138834242
iforest,0.9999,4,4,4,win1,0.6233141877433073
