n_events,event_detection_rate,n_events_long,event_detection_rate_long,delay_mean_sec,delay_median_sec,samples_to_alarm_mean,sample_f1,sample_precision,sample_recall,normal_sample_fpr,normal_cycles,fa_cycles,fa_cycle_rate,fa_episodes,fa_per_hour_observed,idle_cycles,idle_fa_cycle_rate,idle_sample_fpr,config,threshold_mode,repeat,seed
21,0.8571428571428571,16,0.875,0.5666666666770147,0.20000000001164153,6.666666666666667,0.5885057471264368,0.9481481481481482,0.4266666666666667,0.0008259099758126364,511,7,0.0136986301369863,9,19.113916583092443,88,0.0,0.0,raw_diff|mean3(mp=3),f1,0,0
21,0.8571428571428571,16,0.875,0.5666666666770147,0.20000000001164153,6.666666666666667,0.5847953216374269,0.9803921568627451,0.4166666666666667,0.000294967848504513,511,3,0.005870841487279843,3,6.371305527697479,88,0.0,0.0,raw_diff|mean3(mp=3),f1,1,1
21,0.8571428571428571,16,0.875,0.5666666666770147,0.20000000001164153,6.666666666666667,0.5750577367205543,0.9360902255639098,0.415,0.0010028906849153443,511,6,0.011741682974559686,9,19.113916583092436,88,0.0,0.0,raw_diff|mean3(mp=3),f1,2,2
21,0.8571428571428571,16,0.875,0.5722222222312767,0.20000000001164153,6.722222222222222,0.5836216839677048,0.947565543071161,0.4216666666666667,0.0008259099758126364,511,7,0.0136986301369863,9,19.113916583092447,88,0.0,0.0,raw_diff|mean3(mp=3),f1,3,3
21,0.8571428571428571,16,0.875,0.5666666666770147,0.20000000001164153,6.666666666666667,0.584295612009238,0.9511278195488722,0.4216666666666667,0.0007669164061117338,511,7,0.0136986301369863,9,19.11391658309244,88,0.0,0.0,raw_diff|mean3(mp=3),f1,4,4
21,0.8571428571428571,16,0.875,0.5666666666770147,0.20000000001164153,6.666666666666667,0.5860889395667046,0.927797833935018,0.42833333333333334,0.001179871394018052,511,11,0.021526418786692758,13,27.60899062002242,88,0.0,0.0,raw_diff|mean3(mp=3),normal_quantile,0,0
21,0.8571428571428571,16,0.875,0.5722222222312767,0.20000000001164153,6.722222222222222,0.577929465301479,0.910394265232975,0.42333333333333334,0.001474839242522565,511,12,0.023483365949119372,15,31.856527638487396,88,0.0,0.0,raw_diff|mean3(mp=3),normal_quantile,1,1
21,0.8571428571428571,16,0.875,0.5666666666770147,0.20000000001164153,6.666666666666667,0.585812356979405,0.9343065693430657,0.4266666666666667,0.0010618842546162468,511,8,0.015655577299412915,12,25.485222110789916,88,0.0,0.0,raw_diff|mean3(mp=3),normal_quantile,2,2
21,0.8571428571428571,16,0.875,0.5722222222312767,0.20000000001164153,6.722222222222222,0.5828571428571427,0.9272727272727272,0.425,0.001179871394018052,511,9,0.01761252446183953,12,25.48522211078993,88,0.0,0.0,raw_diff|mean3(mp=3),normal_quantile,3,3
21,0.8571428571428571,16,0.875,0.5611111111195188,0.20000000001164153,6.611111111111111,0.5818181818181819,0.9142857142857143,0.4266666666666667,0.0014158456728216625,511,11,0.021526418786692758,14,29.73275912925491,88,0.0,0.0,raw_diff|mean3(mp=3),normal_quantile,4,4
