n_events,detected_events,event_detection_rate,delay_mean_sec,delay_median_sec,delay_minus_W_mean_sec,pooled_f1,pooled_precision,pooled_recall,normal_window_fpr,tp,fp,tn,fn,normal_cycles,fa_cycles,fa_cycle_rate,fa_episodes,normal_exposure_min,fa_per_hour_observed,idle_cycles,idle_fa_cycles,idle_fa_cycle_rate,idle_window_fpr,idle_fa_episodes,threshold_mean,system_id,system,kind,scales,config,repeat,seed,W_sec,step_sec,n_events_total
16,15,0.9375,1.1999999999999997,1.1,0.20000000000000007,0.9355246523388117,0.9736842105263158,0.9002433090024331,0.0008232485387338437,370,10,12137,41,441,2,0.0045351473922902496,5,26.85999979575475,11.169024656784073,80,0,0.0,0.0,0,,1.0_0.1,1.0_0.1,single,1.0_0.1,NESTED,0,0,1.0,0.1,21
16,16,1.0,1.03125,1.0,0.03125,0.8647497337593184,0.7689393939393939,0.9878345498783455,0.010043632172552894,406,122,12025,5,441,32,0.07256235827664399,50,26.85999979575475,111.69024656784073,80,1,0.0125,0.00045578851412944393,1,,1.0_0.1,1.0_0.1,single,1.0_0.1,"q=0.99,k=1",0,0,1.0,0.1,21
16,16,1.0,1.13125,1.1,0.1312500000000001,0.8934707903780068,0.8441558441558441,0.948905109489051,0.005927389478883675,390,72,12075,21,441,13,0.02947845804988662,22,26.85999979575475,49.14370848984992,80,0,0.0,0.0,0,,1.0_0.1,1.0_0.1,single,1.0_0.1,"q=0.99,k=2",0,0,1.0,0.1,21
16,16,1.0,1.23125,1.2,0.23124999999999996,0.895808383233533,0.8820754716981132,0.9099756690997567,0.004116242693669218,374,50,12097,37,441,8,0.018140589569160998,13,26.85999979575475,29.03946410763859,80,0,0.0,0.0,0,,1.0_0.1,1.0_0.1,single,1.0_0.1,"q=0.99,k=3",0,0,1.0,0.1,21
16,16,1.0,1.03125,1.0,0.03125,0.9215017064846417,0.8653846153846154,0.9854014598540146,0.005186465794023216,405,63,12084,6,441,12,0.027210884353741496,23,26.85999979575475,51.377513421206736,80,0,0.0,0.0,0,,1.0_0.1,1.0_0.1,single,1.0_0.1,"q=0.995,k=1",0,0,1.0,0.1,21
16,16,1.0,1.13125,1.1,0.1312500000000001,0.9261904761904762,0.9067599067599068,0.9464720194647201,0.003292994154935375,389,40,12107,22,441,7,0.015873015873015872,14,26.85999979575475,31.273269038995405,80,0,0.0,0.0,0,,1.0_0.1,1.0_0.1,single,1.0_0.1,"q=0.995,k=2",0,0,1.0,0.1,21
16,16,1.0,1.23125,1.2,0.23124999999999996,0.9209876543209877,0.9348370927318296,0.9075425790754258,0.002140446200707994,373,26,12121,38,441,5,0.011337868480725623,8,26.85999979575475,17.870439450854516,80,0,0.0,0.0,0,,1.0_0.1,1.0_0.1,single,1.0_0.1,"q=0.995,k=3",0,0,1.0,0.1,21
16,16,1.0,1.0375,1.0,0.037500000000000006,0.9500000000000001,0.9300699300699301,0.9708029197080292,0.0024697456162015314,399,30,12117,12,441,5,0.011337868480725623,11,26.85999979575475,24.57185424492496,80,0,0.0,0.0,0,,1.0_0.1,1.0_0.1,single,1.0_0.1,"q=0.998,k=1",0,0,1.0,0.1,21
16,16,1.0,1.1500000000000001,1.1,0.15000000000000008,0.9395807644882861,0.9525,0.927007299270073,0.0015641722235943032,381,19,12128,30,441,4,0.009070294784580499,9,26.85999979575475,20.10424438221133,80,0,0.0,0.0,0,,1.0_0.1,1.0_0.1,single,1.0_0.1,"q=0.998,k=2",0,0,1.0,0.1,21
16,16,1.0,1.25,1.2,0.24999999999999994,0.927388535031847,0.9732620320855615,0.8856447688564477,0.0008232485387338437,364,10,12137,47,441,3,0.006802721088435374,7,26.85999979575475,15.636634519497703,80,0,0.0,0.0,0,,1.0_0.1,1.0_0.1,single,1.0_0.1,"q=0.998,k=3",0,0,1.0,0.1,21
16,16,1.0,1.0375,1.0,0.037500000000000006,0.9564164648910413,0.9518072289156626,0.9610705596107056,0.0016464970774676875,395,20,12127,16,441,4,0.009070294784580499,9,26.85999979575475,20.10424438221133,80,0,0.0,0.0,0,,1.0_0.1,1.0_0.1,single,1.0_0.1,"q=0.999,k=1",0,0,1.0,0.1,21
16,16,1.0,1.175,1.1,0.17500000000000007,0.9410288582183187,0.9715025906735751,0.9124087591240876,0.0009055733926072281,375,11,12136,36,441,4,0.009070294784580499,6,26.85999979575475,13.402829588140888,80,0,0.0,0.0,0,,1.0_0.1,1.0_0.1,single,1.0_0.1,"q=0.999,k=2",0,0,1.0,0.1,21
16,15,0.9375,1.2799999999999998,1.2,0.27999999999999997,0.9250645994832042,0.9862258953168044,0.8710462287104623,0.00041162426936692186,358,5,12142,53,441,2,0.0045351473922902496,3,26.85999979575475,6.701414794070444,80,0,0.0,0.0,0,,1.0_0.1,1.0_0.1,single,1.0_0.1,"q=0.999,k=3",0,0,1.0,0.1,21
16,16,1.0,1.05625,1.0,0.056249999999999994,0.9615861214374225,0.9797979797979798,0.9440389294403893,0.000658598830987075,388,8,12139,23,441,4,0.009070294784580499,6,26.85999979575475,13.402829588140888,80,0,0.0,0.0,0,,1.0_0.1,1.0_0.1,single,1.0_0.1,"q=0.9995,k=1",0,0,1.0,0.1,21
16,16,1.0,1.175,1.1,0.17500000000000007,0.9410256410256411,0.994579945799458,0.8929440389294404,0.00016464970774676875,367,2,12145,44,441,2,0.0045351473922902496,2,26.85999979575475,4.467609862713629,80,0,0.0,0.0,0,,1.0_0.1,1.0_0.1,single,1.0_0.1,"q=0.9995,k=2",0,0,1.0,0.1,21
16,15,0.9375,1.2799999999999998,1.2,0.27999999999999997,0.9184210526315789,1.0,0.8491484184914841,0.0,349,0,12147,62,441,0,0.0,0,26.85999979575475,0.0,80,0,0.0,0.0,0,,1.0_0.1,1.0_0.1,single,1.0_0.1,"q=0.9995,k=3",0,0,1.0,0.1,21
16,15,0.9375,1.06,1.0,0.05999999999999999,0.9247842170160295,0.9375,0.9124087591240876,0.002058121346834609,375,25,12122,36,441,3,0.006802721088435374,7,26.85999979575475,15.636634519497703,80,0,0.0,0.0,0,,1.0_0.1,1.0_0.1,single,1.0_0.1,"f1,k=1",0,0,1.0,0.1,21
16,14,0.875,1.1857142857142857,1.1,0.18571428571428578,0.9111675126903555,0.9522546419098143,0.8734793187347932,0.0014818473697209187,359,18,12129,52,441,3,0.006802721088435374,5,26.85999979575475,11.169024656784073,80,0,0.0,0.0,0,,1.0_0.1,1.0_0.1,single,1.0_0.1,"f1,k=2",0,0,1.0,0.1,21
16,16,1.0,1.2,1.1,0.20000000000000004,0.9282051282051282,0.981029810298103,0.8807785888077859,0.0005762739771136906,362,7,12140,49,441,2,0.0045351473922902496,4,26.85999979575475,8.935219725427258,80,0,0.0,0.0,0,,1.0_0.1,1.0_0.1,single,1.0_0.1,NESTED,1,1,1.0,0.1,21
16,16,1.0,1.03125,1.0,0.03125,0.8529411764705882,0.7504621072088724,0.9878345498783455,0.01111385527290689,406,135,12012,5,441,40,0.09070294784580499,56,26.85999979575475,125.09307615598162,80,1,0.0125,0.00045578851412944393,1,,1.0_0.1,1.0_0.1,single,1.0_0.1,"q=0.99,k=1",1,1,1.0,0.1,21
16,16,1.0,1.13125,1.1,0.1312500000000001,0.8863636363636364,0.8315565031982942,0.948905109489051,0.0065036634559973655,390,79,12068,21,441,14,0.031746031746031744,21,26.85999979575475,46.909903558493106,80,0,0.0,0.0,0,,1.0_0.1,1.0_0.1,single,1.0_0.1,"q=0.99,k=2",1,1,1.0,0.1,21
16,16,1.0,1.23125,1.2,0.23124999999999996,0.8873072360616845,0.8657407407407407,0.9099756690997567,0.004774841524656293,374,58,12089,37,441,8,0.018140589569160998,13,26.85999979575475,29.03946410763859,80,0,0.0,0.0,0,,1.0_0.1,1.0_0.1,single,1.0_0.1,"q=0.99,k=3",1,1,1.0,0.1,21
16,16,1.0,1.0375,1.0,0.037500000000000006,0.9015659955257271,0.8343685300207039,0.9805352798053528,0.00658598830987075,403,80,12067,8,441,14,0.031746031746031744,25,26.85999979575475,55.845123283920366,80,1,0.0125,0.00045578851412944393,1,,1.0_0.1,1.0_0.1,single,1.0_0.1,"q=0.995,k=1",1,1,1.0,0.1,21
16,16,1.0,1.1500000000000001,1.1,0.15000000000000008,0.9048178613396005,0.875,0.9367396593673966,0.004527866963036141,385,55,12092,26,441,7,0.015873015873015872,15,26.85999979575475,33.507073970352224,80,0,0.0,0.0,0,,1.0_0.1,1.0_0.1,single,1.0_0.1,"q=0.995,k=2",1,1,1.0,0.1,21
16,16,1.0,1.2687499999999998,1.2,0.26874999999999993,0.8986568986568986,0.9019607843137255,0.8953771289537713,0.003292994154935375,368,40,12107,43,441,5,0.011337868480725623,9,26.85999979575475,20.10424438221133,80,0,0.0,0.0,0,,1.0_0.1,1.0_0.1,single,1.0_0.1,"q=0.995,k=3",1,1,1.0,0.1,21
16,16,1.0,1.05625,1.0,0.056249999999999994,0.9349112426035504,0.9101382488479263,0.9610705596107056,0.0032106693010619906,395,39,12108,16,441,6,0.013605442176870748,14,26.85999979575475,31.273269038995405,80,0,0.0,0.0,0,,1.0_0.1,1.0_0.1,single,1.0_0.1,"q=0.998,k=1",1,1,1.0,0.1,21
16,16,1.0,1.175,1.1,0.17500000000000007,0.9274292742927429,0.9378109452736318,0.9172749391727494,0.002058121346834609,377,25,12122,34,441,6,0.013605442176870748,9,26.85999979575475,20.10424438221133,80,0,0.0,0.0,0,,1.0_0.1,1.0_0.1,single,1.0_0.1,"q=0.998,k=2",1,1,1.0,0.1,21
16,16,1.0,1.275,1.2,0.27499999999999997,0.914866581956798,0.9574468085106383,0.8759124087591241,0.00131719766197415,360,16,12131,51,441,5,0.011337868480725623,7,26.85999979575475,15.636634519497703,80,0,0.0,0.0,0,,1.0_0.1,1.0_0.1,single,1.0_0.1,"q=0.998,k=3",1,1,1.0,0.1,21
16,16,1.0,1.05625,1.0,0.056249999999999994,0.947878787878788,0.9444444444444444,0.9513381995133819,0.0018934716390878407,391,23,12124,20,441,6,0.013605442176870748,12,26.85999979575475,26.805659176281775,80,0,0.0,0.0,0,,1.0_0.1,1.0_0.1,single,1.0_0.1,"q=0.999,k=1",1,1,1.0,0.1,21
16,16,1.0,1.175,1.1,0.17500000000000007,0.935687263556116,0.9712041884816754,0.902676399026764,0.0009055733926072281,371,11,12136,40,441,4,0.009070294784580499,6,26.85999979575475,13.402829588140888,80,0,0.0,0.0,0,,1.0_0.1,1.0_0.1,single,1.0_0.1,"q=0.999,k=2",1,1,1.0,0.1,21
16,16,1.0,1.275,1.2,0.27499999999999997,0.918075422626788,0.9860335195530726,0.8588807785888077,0.00041162426936692186,353,5,12142,58,441,2,0.0045351473922902496,4,26.85999979575475,8.935219725427258,80,0,0.0,0.0,0,,1.0_0.1,1.0_0.1,single,1.0_0.1,"q=0.999,k=3",1,1,1.0,0.1,21
16,16,1.0,1.05625,1.0,0.056249999999999994,0.947239263803681,0.9554455445544554,0.9391727493917275,0.0014818473697209187,386,18,12129,25,441,5,0.011337868480725623,8,26.85999979575475,17.870439450854516,80,0,0.0,0.0,0,,1.0_0.1,1.0_0.1,single,1.0_0.1,"q=0.9995,k=1",1,1,1.0,0.1,21
16,16,1.0,1.175,1.1,0.17500000000000007,0.9301143583227447,0.973404255319149,0.8905109489051095,0.0008232485387338437,366,10,12137,45,441,3,0.006802721088435374,5,26.85999979575475,11.169024656784073,80,0,0.0,0.0,0,,1.0_0.1,1.0_0.1,single,1.0_0.1,"q=0.9995,k=2",1,1,1.0,0.1,21
16,16,1.0,1.275,1.2,0.27499999999999997,0.9109947643979057,0.9858356940509915,0.8467153284671532,0.00041162426936692186,348,5,12142,63,441,2,0.0045351473922902496,4,26.85999979575475,8.935219725427258,80,0,0.0,0.0,0,,1.0_0.1,1.0_0.1,single,1.0_0.1,"q=0.9995,k=3",1,1,1.0,0.1,21
16,16,1.0,1.06875,1.0,0.06874999999999999,0.9541511771995044,0.9722222222222222,0.9367396593673966,0.0009055733926072281,385,11,12136,26,441,3,0.006802721088435374,5,26.85999979575475,11.169024656784073,80,0,0.0,0.0,0,,1.0_0.1,1.0_0.1,single,1.0_0.1,"f1,k=1",1,1,1.0,0.1,21
16,16,1.0,1.1875,1.1,0.18750000000000006,0.9348659003831418,0.9838709677419355,0.8905109489051095,0.0004939491232403062,366,6,12141,45,441,2,0.0045351473922902496,3,26.85999979575475,6.701414794070444,80,0,0.0,0.0,0,,1.0_0.1,1.0_0.1,single,1.0_0.1,"f1,k=2",1,1,1.0,0.1,21
16,16,1.0,1.2062499999999998,1.2,0.20625,0.9066002490660026,0.9285714285714286,0.8856447688564477,0.0023050959084547624,364,28,12119,47,441,5,0.011337868480725623,11,26.85999979575475,24.57185424492496,80,0,0.0,0.0,0,,1.0_0.1,1.0_0.1,single,1.0_0.1,NESTED,2,2,1.0,0.1,21
16,16,1.0,1.03125,1.0,0.03125,0.8493723849372385,0.744954128440367,0.9878345498783455,0.011443154688400427,406,139,12008,5,441,39,0.08843537414965986,57,26.85999979575475,127.32688108733844,80,1,0.0125,0.00045578851412944393,1,,1.0_0.1,1.0_0.1,single,1.0_0.1,"q=0.99,k=1",2,2,1.0,0.1,21
16,16,1.0,1.13125,1.1,0.1312500000000001,0.883352208380521,0.826271186440678,0.948905109489051,0.006750638017617518,390,82,12065,21,441,14,0.031746031746031744,21,26.85999979575475,46.909903558493106,80,0,0.0,0.0,0,,1.0_0.1,1.0_0.1,single,1.0_0.1,"q=0.99,k=2",2,2,1.0,0.1,21
16,16,1.0,1.23125,1.2,0.23124999999999996,0.8841607565011821,0.8597701149425288,0.9099756690997567,0.005021816086276447,374,61,12086,37,441,7,0.015873015873015872,11,26.85999979575475,24.57185424492496,80,0,0.0,0.0,0,,1.0_0.1,1.0_0.1,single,1.0_0.1,"q=0.99,k=3",2,2,1.0,0.1,21
16,16,1.0,1.03125,1.0,0.03125,0.8736383442265796,0.7909270216962525,0.975669099756691,0.008726434510578744,401,106,12041,10,441,26,0.05895691609977324,37,26.85999979575475,82.65078246020214,80,1,0.0125,0.00045578851412944393,1,,1.0_0.1,1.0_0.1,single,1.0_0.1,"q=0.995,k=1",2,2,1.0,0.1,21
16,16,1.0,1.13125,1.1,0.1312500000000001,0.8850174216027875,0.8466666666666667,0.927007299270073,0.005680414917263522,381,69,12078,30,441,11,0.024943310657596373,18,26.85999979575475,40.20848876442266,80,0,0.0,0.0,0,,1.0_0.1,1.0_0.1,single,1.0_0.1,"q=0.995,k=2",2,2,1.0,0.1,21
16,16,1.0,1.23125,1.2,0.23124999999999996,0.8800000000000001,0.8768115942028986,0.8832116788321168,0.0041985675475426035,363,51,12096,48,441,7,0.015873015873015872,12,26.85999979575475,26.805659176281775,80,0,0.0,0.0,0,,1.0_0.1,1.0_0.1,single,1.0_0.1,"q=0.995,k=3",2,2,1.0,0.1,21
16,16,1.0,1.03125,1.0,0.03125,0.9119999999999999,0.8599137931034483,0.9708029197080292,0.005351115501769984,399,65,12082,12,441,9,0.02040816326530612,17,26.85999979575475,37.974683833065846,80,0,0.0,0.0,0,,1.0_0.1,1.0_0.1,single,1.0_0.1,"q=0.998,k=1",2,2,1.0,0.1,21
16,16,1.0,1.13125,1.1,0.1312500000000001,0.9058402860548271,0.8878504672897196,0.9245742092457421,0.00395159298592245,380,48,12099,31,441,6,0.013605442176870748,12,26.85999979575475,26.805659176281775,80,0,0.0,0.0,0,,1.0_0.1,1.0_0.1,single,1.0_0.1,"q=0.998,k=2",2,2,1.0,0.1,21
16,16,1.0,1.23125,1.2,0.23124999999999996,0.8949320148331273,0.9095477386934674,0.8807785888077859,0.0029636947394418374,362,36,12111,49,441,4,0.009070294784580499,6,26.85999979575475,13.402829588140888,80,0,0.0,0.0,0,,1.0_0.1,1.0_0.1,single,1.0_0.1,"q=0.998,k=3",2,2,1.0,0.1,21
16,16,1.0,1.0375,1.0,0.037500000000000006,0.9166666666666666,0.8741721854304636,0.9635036496350365,0.004692516670782909,396,57,12090,15,441,6,0.013605442176870748,14,26.85999979575475,31.273269038995405,80,0,0.0,0.0,0,,1.0_0.1,1.0_0.1,single,1.0_0.1,"q=0.999,k=1",2,2,1.0,0.1,21
16,16,1.0,1.1375000000000002,1.1,0.13750000000000007,0.9086538461538461,0.8978622327790974,0.9197080291970803,0.003539968716555528,378,43,12104,33,441,5,0.011337868480725623,12,26.85999979575475,26.805659176281775,80,0,0.0,0.0,0,,1.0_0.1,1.0_0.1,single,1.0_0.1,"q=0.999,k=2",2,2,1.0,0.1,21
16,16,1.0,1.2374999999999998,1.2,0.23749999999999996,0.8977556109725685,0.9207161125319693,0.8759124087591241,0.0025520704700749157,360,31,12116,51,441,4,0.009070294784580499,7,26.85999979575475,15.636634519497703,80,0,0.0,0.0,0,,1.0_0.1,1.0_0.1,single,1.0_0.1,"q=0.999,k=3",2,2,1.0,0.1,21
16,16,1.0,1.0375,1.0,0.037500000000000006,0.9178403755868544,0.8866213151927438,0.9513381995133819,0.004116242693669218,391,50,12097,20,441,6,0.013605442176870748,15,26.85999979575475,33.507073970352224,80,0,0.0,0.0,0,,1.0_0.1,1.0_0.1,single,1.0_0.1,"q=0.9995,k=1",2,2,1.0,0.1,21
16,16,1.0,1.1375000000000002,1.1,0.13750000000000007,0.9082007343941249,0.9137931034482759,0.902676399026764,0.002881369885568453,371,35,12112,40,441,5,0.011337868480725623,12,26.85999979575475,26.805659176281775,80,0,0.0,0.0,0,,1.0_0.1,1.0_0.1,single,1.0_0.1,"q=0.9995,k=2",2,2,1.0,0.1,21
16,16,1.0,1.2562499999999999,1.2,0.25625,0.8956743002544529,0.9386666666666666,0.8564476885644768,0.0018934716390878407,352,23,12124,59,441,4,0.009070294784580499,8,26.85999979575475,17.870439450854516,80,0,0.0,0.0,0,,1.0_0.1,1.0_0.1,single,1.0_0.1,"q=0.9995,k=3",2,2,1.0,0.1,21
16,16,1.0,1.0499999999999998,1.0,0.05,0.9414634146341463,0.9437652811735942,0.9391727493917275,0.0018934716390878407,386,23,12124,25,441,4,0.009070294784580499,8,26.85999979575475,17.870439450854516,80,0,0.0,0.0,0,,1.0_0.1,1.0_0.1,single,1.0_0.1,"f1,k=1",2,2,1.0,0.1,21
16,16,1.0,1.18125,1.1,0.18125000000000008,0.9215189873417722,0.9604221635883905,0.8856447688564477,0.0012348728081007657,364,15,12132,47,441,4,0.009070294784580499,7,26.85999979575475,15.636634519497703,80,0,0.0,0.0,0,,1.0_0.1,1.0_0.1,single,1.0_0.1,"f1,k=2",2,2,1.0,0.1,21
16,16,1.0,1.14375,1.1,0.14375000000000004,0.9262899262899262,0.9354838709677419,0.9172749391727494,0.002140446200707994,377,26,12121,34,441,4,0.009070294784580499,9,26.85999979575475,20.10424438221133,80,0,0.0,0.0,0,,1.0_0.1,1.0_0.1,single,1.0_0.1,NESTED,3,3,1.0,0.1,21
16,16,1.0,1.01875,1.0,0.018750000000000003,0.8550420168067226,0.7523105360443623,0.9902676399026764,0.011031530419033507,407,134,12013,4,441,40,0.09070294784580499,60,26.85999979575475,134.0282958814089,80,1,0.0125,0.00045578851412944393,1,,1.0_0.1,1.0_0.1,single,1.0_0.1,"q=0.99,k=1",3,3,1.0,0.1,21
16,16,1.0,1.13125,1.1,0.1312500000000001,0.8914285714285715,0.8405172413793104,0.948905109489051,0.006092039186630443,390,74,12073,21,441,15,0.034013605442176874,22,26.85999979575475,49.14370848984992,80,0,0.0,0.0,0,,1.0_0.1,1.0_0.1,single,1.0_0.1,"q=0.99,k=2",3,3,1.0,0.1,21
16,16,1.0,1.23125,1.2,0.23124999999999996,0.8936678614097968,0.8779342723004695,0.9099756690997567,0.004280892401415988,374,52,12095,37,441,9,0.02040816326530612,13,26.85999979575475,29.03946410763859,80,0,0.0,0.0,0,,1.0_0.1,1.0_0.1,single,1.0_0.1,"q=0.99,k=3",3,3,1.0,0.1,21
16,16,1.0,1.03125,1.0,0.03125,0.898876404494382,0.8350730688935282,0.9732360097323601,0.0065036634559973655,400,79,12068,11,441,18,0.04081632653061224,29,26.85999979575475,64.78034300934763,80,0,0.0,0.0,0,,1.0_0.1,1.0_0.1,single,1.0_0.1,"q=0.995,k=1",3,3,1.0,0.1,21
16,16,1.0,1.13125,1.1,0.1312500000000001,0.9049881235154394,0.8839907192575406,0.927007299270073,0.004116242693669218,381,50,12097,30,441,8,0.018140589569160998,15,26.85999979575475,33.507073970352224,80,0,0.0,0.0,0,,1.0_0.1,1.0_0.1,single,1.0_0.1,"q=0.995,k=2",3,3,1.0,0.1,21
16,16,1.0,1.23125,1.2,0.23124999999999996,0.8974042027194068,0.9120603015075377,0.8832116788321168,0.002881369885568453,363,35,12112,48,441,6,0.013605442176870748,11,26.85999979575475,24.57185424492496,80,0,0.0,0.0,0,,1.0_0.1,1.0_0.1,single,1.0_0.1,"q=0.995,k=3",3,3,1.0,0.1,21
16,16,1.0,1.03125,1.0,0.03125,0.9179190751445087,0.8744493392070485,0.9659367396593674,0.004692516670782909,397,57,12090,14,441,10,0.022675736961451247,20,26.85999979575475,44.67609862713629,80,0,0.0,0.0,0,,1.0_0.1,1.0_0.1,single,1.0_0.1,"q=0.998,k=1",3,3,1.0,0.1,21
16,16,1.0,1.13125,1.1,0.1312500000000001,0.916565900846433,0.9110576923076923,0.9221411192214112,0.0030460195933152217,379,37,12110,32,441,6,0.013605442176870748,13,26.85999979575475,29.03946410763859,80,0,0.0,0.0,0,,1.0_0.1,1.0_0.1,single,1.0_0.1,"q=0.998,k=2",3,3,1.0,0.1,21
16,16,1.0,1.23125,1.2,0.23124999999999996,0.9070351758793971,0.9376623376623376,0.878345498783455,0.001975796492961225,361,24,12123,50,441,3,0.006802721088435374,6,26.85999979575475,13.402829588140888,80,0,0.0,0.0,0,,1.0_0.1,1.0_0.1,single,1.0_0.1,"q=0.998,k=3",3,3,1.0,0.1,21
16,16,1.0,1.04375,1.0,0.04375,0.9279811097992915,0.9013761467889908,0.9562043795620438,0.003539968716555528,393,43,12104,18,441,6,0.013605442176870748,16,26.85999979575475,35.74087890170903,80,0,0.0,0.0,0,,1.0_0.1,1.0_0.1,single,1.0_0.1,"q=0.999,k=1",3,3,1.0,0.1,21
16,16,1.0,1.14375,1.1,0.1437500000000001,0.9198520345252774,0.9325,0.9075425790754258,0.002222771054581378,373,27,12120,38,441,4,0.009070294784580499,10,26.85999979575475,22.338049313568145,80,0,0.0,0.0,0,,1.0_0.1,1.0_0.1,single,1.0_0.1,"q=0.999,k=2",3,3,1.0,0.1,21
16,16,1.0,1.24375,1.2,0.24374999999999997,0.9067688378033206,0.9543010752688172,0.8637469586374696,0.0013995225158475344,355,17,12130,56,441,3,0.006802721088435374,5,26.85999979575475,11.169024656784073,80,0,0.0,0.0,0,,1.0_0.1,1.0_0.1,single,1.0_0.1,"q=0.999,k=3",3,3,1.0,0.1,21
16,16,1.0,1.04375,1.0,0.04375,0.9334916864608076,0.9118329466357309,0.9562043795620438,0.0031283444471886064,393,38,12109,18,441,6,0.013605442176870748,14,26.85999979575475,31.273269038995405,80,0,0.0,0.0,0,,1.0_0.1,1.0_0.1,single,1.0_0.1,"q=0.9995,k=1",3,3,1.0,0.1,21
16,16,1.0,1.14375,1.1,0.1437500000000001,0.9232673267326733,0.9395465994962217,0.9075425790754258,0.001975796492961225,373,24,12123,38,441,3,0.006802721088435374,8,26.85999979575475,17.870439450854516,80,0,0.0,0.0,0,,1.0_0.1,1.0_0.1,single,1.0_0.1,"q=0.9995,k=2",3,3,1.0,0.1,21
16,16,1.0,1.24375,1.2,0.24374999999999997,0.9079283887468031,0.9568733153638814,0.8637469586374696,0.00131719766197415,355,16,12131,56,441,3,0.006802721088435374,5,26.85999979575475,11.169024656784073,80,0,0.0,0.0,0,,1.0_0.1,1.0_0.1,single,1.0_0.1,"q=0.9995,k=3",3,3,1.0,0.1,21
16,16,1.0,1.11875,1.0,0.11875,0.9358974358974359,0.989159891598916,0.8880778588807786,0.0003292994154935375,365,4,12143,46,441,2,0.0045351473922902496,3,26.85999979575475,6.701414794070444,80,0,0.0,0.0,0,,1.0_0.1,1.0_0.1,single,1.0_0.1,"f1,k=1",3,3,1.0,0.1,21
16,15,0.9375,1.2266666666666668,1.1,0.22666666666666674,0.9143610013175231,0.9971264367816092,0.8442822384428224,8.232485387338437e-05,347,1,12146,64,441,1,0.0022675736961451248,1,26.85999979575475,2.2338049313568145,80,0,0.0,0.0,0,,1.0_0.1,1.0_0.1,single,1.0_0.1,"f1,k=2",3,3,1.0,0.1,21
16,15,0.9375,1.1533333333333333,1.1,0.1533333333333334,0.9348659003831418,0.9838709677419355,0.8905109489051095,0.0004939491232403062,366,6,12141,45,441,2,0.0045351473922902496,3,26.85999979575475,6.701414794070444,80,0,0.0,0.0,0,,1.0_0.1,1.0_0.1,single,1.0_0.1,NESTED,4,4,1.0,0.1,21
16,16,1.0,1.01875,1.0,0.018750000000000003,0.8514644351464434,0.7467889908256881,0.9902676399026764,0.011360829834527044,407,138,12009,4,441,41,0.09297052154195011,62,26.85999979575475,138.4959057441225,80,2,0.025,0.0009115770282588879,2,,1.0_0.1,1.0_0.1,single,1.0_0.1,"q=0.99,k=1",4,4,1.0,0.1,21
16,16,1.0,1.13125,1.1,0.1312500000000001,0.8893956670467503,0.8369098712446352,0.948905109489051,0.006256688894377213,390,76,12071,21,441,15,0.034013605442176874,22,26.85999979575475,49.14370848984992,80,0,0.0,0.0,0,,1.0_0.1,1.0_0.1,single,1.0_0.1,"q=0.99,k=2",4,4,1.0,0.1,21
16,16,1.0,1.23125,1.2,0.23124999999999996,0.8915375446960668,0.8738317757009346,0.9099756690997567,0.004445542109162756,374,54,12093,37,441,6,0.013605442176870748,11,26.85999979575475,24.57185424492496,80,0,0.0,0.0,0,,1.0_0.1,1.0_0.1,single,1.0_0.1,"q=0.99,k=3",4,4,1.0,0.1,21
16,16,1.0,1.03125,1.0,0.03125,0.9215017064846417,0.8653846153846154,0.9854014598540146,0.005186465794023216,405,63,12084,6,441,10,0.022675736961451247,18,26.85999979575475,40.20848876442266,80,0,0.0,0.0,0,,1.0_0.1,1.0_0.1,single,1.0_0.1,"q=0.995,k=1",4,4,1.0,0.1,21
16,16,1.0,1.13125,1.1,0.1312500000000001,0.9207100591715977,0.8963133640552995,0.9464720194647201,0.0037046184243022967,389,45,12102,22,441,5,0.011337868480725623,10,26.85999979575475,22.338049313568145,80,0,0.0,0.0,0,,1.0_0.1,1.0_0.1,single,1.0_0.1,"q=0.995,k=2",4,4,1.0,0.1,21
16,16,1.0,1.23125,1.2,0.23124999999999996,0.9108669108669109,0.9142156862745098,0.9075425790754258,0.002881369885568453,373,35,12112,38,441,4,0.009070294784580499,8,26.85999979575475,17.870439450854516,80,0,0.0,0.0,0,,1.0_0.1,1.0_0.1,single,1.0_0.1,"q=0.995,k=3",4,4,1.0,0.1,21
16,16,1.0,1.03125,1.0,0.03125,0.9580838323353295,0.9433962264150944,0.9732360097323601,0.001975796492961225,400,24,12123,11,441,4,0.009070294784580499,9,26.85999979575475,20.10424438221133,80,0,0.0,0.0,0,,1.0_0.1,1.0_0.1,single,1.0_0.1,"q=0.998,k=1",4,4,1.0,0.1,21
16,16,1.0,1.13125,1.1,0.1312500000000001,0.9455445544554456,0.9622166246851386,0.9294403892944039,0.0012348728081007657,382,15,12132,29,441,4,0.009070294784580499,7,26.85999979575475,15.636634519497703,80,0,0.0,0.0,0,,1.0_0.1,1.0_0.1,single,1.0_0.1,"q=0.998,k=2",4,4,1.0,0.1,21
16,16,1.0,1.23125,1.2,0.23124999999999996,0.929757343550447,0.978494623655914,0.8856447688564477,0.000658598830987075,364,8,12139,47,441,4,0.009070294784580499,6,26.85999979575475,13.402829588140888,80,0,0.0,0.0,0,,1.0_0.1,1.0_0.1,single,1.0_0.1,"q=0.998,k=3",4,4,1.0,0.1,21
16,16,1.0,1.03125,1.0,0.03125,0.9577804583835947,0.9497607655502392,0.9659367396593674,0.001728821931341072,397,21,12126,14,441,4,0.009070294784580499,7,26.85999979575475,15.636634519497703,80,0,0.0,0.0,0,,1.0_0.1,1.0_0.1,single,1.0_0.1,"q=0.999,k=1",4,4,1.0,0.1,21
16,16,1.0,1.13125,1.1,0.1312500000000001,0.9401496259351622,0.9641943734015346,0.9172749391727494,0.0011525479542273812,377,14,12133,34,441,4,0.009070294784580499,7,26.85999979575475,15.636634519497703,80,0,0.0,0.0,0,,1.0_0.1,1.0_0.1,single,1.0_0.1,"q=0.999,k=2",4,4,1.0,0.1,21
16,15,0.9375,1.2333333333333332,1.2,0.2333333333333334,0.9240669240669241,0.9808743169398907,0.8734793187347932,0.0005762739771136906,359,7,12140,52,441,4,0.009070294784580499,6,26.85999979575475,13.402829588140888,80,0,0.0,0.0,0,,1.0_0.1,1.0_0.1,single,1.0_0.1,"q=0.999,k=3",4,4,1.0,0.1,21
16,16,1.0,1.03125,1.0,0.03125,0.9618696186961869,0.972636815920398,0.9513381995133819,0.0009055733926072281,391,11,12136,20,441,4,0.009070294784580499,5,26.85999979575475,11.169024656784073,80,0,0.0,0.0,0,,1.0_0.1,1.0_0.1,single,1.0_0.1,"q=0.9995,k=1",4,4,1.0,0.1,21
16,16,1.0,1.13125,1.1,0.1312500000000001,0.9416243654822335,0.9840848806366048,0.902676399026764,0.0004939491232403062,371,6,12141,40,441,2,0.0045351473922902496,3,26.85999979575475,6.701414794070444,80,0,0.0,0.0,0,,1.0_0.1,1.0_0.1,single,1.0_0.1,"q=0.9995,k=2",4,4,1.0,0.1,21
16,15,0.9375,1.2333333333333332,1.2,0.2333333333333334,0.9204693611473272,0.9915730337078652,0.8588807785888077,0.0002469745616201531,353,3,12144,58,441,1,0.0022675736961451248,2,26.85999979575475,4.467609862713629,80,0,0.0,0.0,0,,1.0_0.1,1.0_0.1,single,1.0_0.1,"q=0.9995,k=3",4,4,1.0,0.1,21
16,16,1.0,1.0499999999999998,1.0,0.05,0.9399038461538461,0.9287410926365796,0.9513381995133819,0.0024697456162015314,391,30,12117,20,441,4,0.009070294784580499,13,26.85999979575475,29.03946410763859,80,0,0.0,0.0,0,,1.0_0.1,1.0_0.1,single,1.0_0.1,"f1,k=1",4,4,1.0,0.1,21
16,15,0.9375,1.166666666666667,1.1,0.1666666666666667,0.93,0.9562982005141388,0.9051094890510949,0.0013995225158475344,372,17,12130,39,441,4,0.009070294784580499,9,26.85999979575475,20.10424438221133,80,0,0.0,0.0,0,,1.0_0.1,1.0_0.1,single,1.0_0.1,"f1,k=2",4,4,1.0,0.1,21
