system_id,scale,repeat,fold,q,k,config,val_detect,val_fa_cycle,threshold
1.0_0.1,1.0_0.1,0,0,0.998,1,"q=0.998,k=1",1.0,0.00909090909090909,34.02020830623544
1.0_0.1,1.0_0.1,0,1,0.9995,3,"q=0.9995,k=3",1.0,0.0,50.475963346396014
1.0_0.1,1.0_0.1,0,2,0.9995,2,"q=0.9995,k=2",1.0,0.0,51.02416886932956
1.0_0.1,1.0_0.1,0,3,0.999,3,"q=0.999,k=3",1.0,0.0,45.181098482436234
1.0_0.1,1.0_0.1,1,0,0.9995,2,"q=0.9995,k=2",1.0,0.0,52.31670829887002
1.0_0.1,1.0_0.1,1,1,0.9995,2,"q=0.9995,k=2",1.0,0.0,30.56445055317821
1.0_0.1,1.0_0.1,1,2,0.9995,2,"q=0.9995,k=2",1.0,0.0,52.56081481687789
1.0_0.1,1.0_0.1,1,3,0.999,3,"q=0.999,k=3",1.0,0.0,47.129362819912195
1.0_0.1,1.0_0.1,2,0,0.9995,3,"q=0.9995,k=3",1.0,0.0,48.239298420443966
1.0_0.1,1.0_0.1,2,1,0.9995,2,"q=0.9995,k=2",1.0,0.0,27.649469116299766
1.0_0.1,1.0_0.1,2,2,0.999,2,"q=0.999,k=2",1.0,0.0,52.71818570047549
1.0_0.1,1.0_0.1,2,3,0.9995,3,"q=0.9995,k=3",1.0,0.0,34.221565317917936
1.0_0.1,1.0_0.1,3,0,0.9995,1,"q=0.9995,k=1",1.0,0.01818181818181818,58.87713733186368
1.0_0.1,1.0_0.1,3,1,0.999,2,"q=0.999,k=2",1.0,0.0,31.315160556907607
1.0_0.1,1.0_0.1,3,2,0.9995,3,"q=0.9995,k=3",1.0,0.0,30.44596778266842
1.0_0.1,1.0_0.1,3,3,0.9995,2,"q=0.9995,k=2",1.0,0.0,49.04162551764074
1.0_0.1,1.0_0.1,4,0,0.9995,2,"q=0.9995,k=2",1.0,0.0,53.3062267559863
1.0_0.1,1.0_0.1,4,1,0.9995,2,"q=0.9995,k=2",1.0,0.0,31.40346947397256
1.0_0.1,1.0_0.1,4,2,0.999,3,"q=0.999,k=3",1.0,0.0,48.20215661578932
1.0_0.1,1.0_0.1,4,3,0.9995,2,"q=0.9995,k=2",1.0,0.0,56.06278354167801
