source,segment_id,group_id,start_time,end_time,duration_sec,rows,max_gap_sec,idle_ratio,idle_majority,label,split
fault,0,fault_0,2022-07-17 10:51:07.943,2022-07-17 10:51:08.243,0.3,4,0.1,0.0,0,1,train
fault,1,fault_1,2022-07-17 10:51:16.724,2022-07-17 10:51:21.624,4.9,50,8.481,0.0,0,1,val
fault,10,fault_10,2022-07-17 10:52:29.326,2022-07-17 10:52:29.626,0.3,4,7.608,0.0,0,1,val
fault,11,fault_11,2022-07-17 10:52:38.172,2022-07-17 10:52:43.072,4.9,50,8.546,0.0,0,1,train
fault,12,fault_12,2022-07-17 10:52:45.655,2022-07-17 10:52:49.755,4.1,42,2.583,0.0,0,1,train
fault,13,fault_13,2022-07-17 10:52:53.769,2022-07-17 10:52:56.469,2.7,28,4.014,0.0,0,1,train
fault,14,fault_14,2022-07-17 10:53:01.909,2022-07-17 10:53:03.309,1.4,15,5.44,0.0,0,1,test
fault,15,fault_15,2022-07-17 10:53:11.764,2022-07-17 10:53:16.664,4.9,50,8.455,0.0,0,1,train
fault,16,fault_16,2022-07-17 10:53:18.444,2022-07-17 10:53:23.344,4.9,50,1.78,0.0,0,1,test
fault,17,fault_17,2022-07-17 10:53:26.553,2022-07-17 10:53:30.053,3.5,36,3.209,0.0,0,1,test
fault,18,fault_18,2022-07-17 10:53:34.639,2022-07-17 10:53:36.939,2.3,24,4.586,0.0,0,1,train
fault,19,fault_19,2022-07-17 10:53:42.668,2022-07-17 10:53:43.568,0.9,10,5.729,0.0,0,1,train
fault,2,fault_2,2022-07-17 10:51:23.615,2022-07-17 10:51:28.215,4.6,47,1.991,0.0,0,1,val
fault,20,fault_20,2022-07-17 10:53:52.140,2022-07-17 10:53:53.540,1.4,15,8.572,0.0,0,1,train
fault,3,fault_3,2022-07-17 10:51:31.734,2022-07-17 10:51:34.734,3.0,31,3.519,0.0,0,1,val
fault,4,fault_4,2022-07-17 10:51:39.999,2022-07-17 10:51:41.699,1.7,18,5.265,0.0,0,1,train
fault,5,fault_5,2022-07-17 10:51:48.093,2022-07-17 10:51:48.293,0.2,3,6.394,0.0,0,1,train
fault,6,fault_6,2022-07-17 10:51:56.684,2022-07-17 10:52:01.584,4.9,50,8.391,0.0,0,1,test
fault,7,fault_7,2022-07-17 10:52:04.407,2022-07-17 10:52:08.307,3.9,40,2.823,0.0,0,1,train
fault,8,fault_8,2022-07-17 10:52:12.567,2022-07-17 10:52:14.967,2.4,25,4.26,0.0,0,1,train
fault,9,fault_9,2022-07-17 10:52:21.018,2022-07-17 10:52:21.718,0.7,8,6.051,0.0,0,1,train
normal,0,normal_0,2022-07-12 00:00:00.019,2022-07-12 00:00:04.019,4.0,41,0.1,0.0,0,0,train
normal,1,normal_1,2022-07-12 00:00:07.224,2022-07-12 00:00:10.824,3.6,37,3.205,0.0,0,0,test
normal,10,normal_10,2022-07-12 00:01:21.222,2022-07-12 00:01:26.122,4.9,50,8.401,0.0,0,0,train
normal,100,normal_100,2022-07-12 00:12:38.192,2022-07-12 00:12:43.092,4.9,50,8.917,0.0,0,0,train
normal,101,normal_101,2022-07-12 00:12:44.747,2022-07-12 00:12:49.647,4.9,50,1.655,0.0,0,0,val
normal,102,normal_102,2022-07-12 00:12:52.064,2022-07-12 00:12:56.464,4.4,45,2.417,0.0,0,0,val
normal,103,normal_103,2022-07-12 00:13:00.089,2022-07-12 00:13:03.389,3.3,34,3.625,0.0,0,0,test
normal,104,normal_104,2022-07-12 00:13:07.971,2022-07-12 00:13:11.271,3.3,34,4.582,0.0,0,0,train
normal,105,normal_105,2022-07-12 00:13:15.873,2022-07-12 00:13:17.973,2.1,22,4.602,0.0,0,0,train
normal,106,normal_106,2022-07-12 00:13:23.836,2022-07-12 00:13:24.636,0.8,9,5.863,0.0,0,0,val
normal,107,normal_107,2022-07-12 00:13:33.336,2022-07-12 00:13:38.236,4.9,50,8.7,0.0,0,0,test
normal,108,normal_108,2022-07-12 00:13:39.886,2022-07-12 00:13:44.786,4.9,50,1.65,0.0,0,0,val
normal,109,normal_109,2022-07-12 00:13:47.957,2022-07-12 00:13:51.557,3.6,37,3.171,0.0,0,0,train
normal,11,normal_11,2022-07-12 00:01:27.857,2022-07-12 00:01:32.757,4.9,50,1.735,0.0,0,0,val
normal,110,normal_110,2022-07-12 00:13:55.976,2022-07-12 00:13:58.176,2.2,23,4.419,0.0,0,0,test
normal,111,normal_111,2022-07-12 00:14:03.904,2022-07-12 00:14:04.804,0.9,10,5.728,0.0,0,0,test
normal,112,normal_112,2022-07-12 00:14:13.584,2022-07-12 00:14:18.484,4.9,50,8.78,0.0,0,0,test
normal,113,normal_113,2022-07-12 00:14:20.310,2022-07-12 00:14:25.210,4.9,50,1.826,0.0,0,0,test
normal,114,normal_114,2022-07-12 00:14:27.908,2022-07-12 00:14:31.808,3.9,40,2.698,0.0,0,0,val
normal,115,normal_115,2022-07-12 00:14:35.936,2022-07-12 00:14:38.536,2.6,27,4.128,0.0,0,0,train
normal,116,normal_116,2022-07-12 00:14:43.837,2022-07-12 00:14:46.437,2.6,27,5.301,0.0,0,0,train
normal,117,normal_117,2022-07-12 00:14:51.621,2022-07-12 00:14:53.221,1.6,17,5.184,0.0,0,0,val
normal,118,normal_118,2022-07-12 00:14:59.657,2022-07-12 00:14:59.757,0.1,2,6.436,0.0,0,0,test
normal,119,normal_119,2022-07-12 00:15:01.577,2022-07-12 00:15:06.477,4.9,50,1.82,0.0,0,0,test
normal,12,normal_12,2022-07-12 00:01:35.646,2022-07-12 00:01:39.546,3.9,40,2.889,0.0,0,0,train
normal,120,normal_120,2022-07-12 00:15:08.384,2022-07-12 00:15:13.284,4.9,50,1.907,0.0,0,0,train
normal,121,normal_121,2022-07-12 00:15:15.740,2022-07-12 00:15:19.840,4.1,42,2.456,0.0,0,0,train
normal,122,normal_122,2022-07-12 00:15:23.669,2022-07-12 00:15:26.469,2.8,29,3.829,0.0,0,0,train
normal,123,normal_123,2022-07-12 00:15:31.742,2022-07-12 00:15:33.442,1.7,18,5.273,0.0,0,0,val
normal,124,normal_124,2022-07-12 00:15:39.684,2022-07-12 00:15:40.284,0.6,7,6.242,0.0,0,0,train
normal,125,normal_125,2022-07-12 00:15:41.948,2022-07-12 00:15:46.848,4.9,50,1.664,0.0,0,0,train
normal,126,normal_126,2022-07-12 00:15:48.726,2022-07-12 00:15:53.626,4.9,50,1.878,0.0,0,0,test
normal,127,normal_127,2022-07-12 00:15:55.785,2022-07-12 00:16:00.485,4.7,48,2.159,0.0,0,0,val
normal,128,normal_128,2022-07-12 00:16:03.804,2022-07-12 00:16:07.304,3.5,36,3.319,0.0,0,0,train
normal,129,normal_129,2022-07-12 00:16:11.955,2022-07-12 00:16:13.855,1.9,20,4.651,0.0,0,0,test
normal,13,normal_13,2022-07-12 00:01:43.757,2022-07-12 00:01:46.157,2.4,25,4.211,0.0,0,0,test
normal,130,normal_130,2022-07-12 00:16:19.994,2022-07-12 00:16:20.594,0.6,7,6.139,0.0,0,0,test
normal,131,normal_131,2022-07-12 00:16:29.364,2022-07-12 00:16:34.264,4.9,50,8.77,0.0,0,0,val
normal,132,normal_132,2022-07-12 00:16:36.267,2022-07-12 00:16:41.067,4.8,49,2.003,0.0,0,0,train
normal,133,normal_133,2022-07-12 00:16:44.325,2022-07-12 00:16:47.725,3.4,35,3.258,0.0,0,0,val
normal,134,normal_134,2022-07-12 00:16:52.351,2022-07-12 00:16:54.451,2.1,22,4.626,0.0,0,0,train
normal,135,normal_135,2022-07-12 00:17:00.325,2022-07-12 00:17:01.125,0.8,9,5.874,0.0,0,0,test
normal,136,normal_136,2022-07-12 00:17:09.540,2022-07-12 00:17:14.440,4.9,50,8.415,0.0,0,0,test
normal,137,normal_137,2022-07-12 00:17:16.447,2022-07-12 00:17:21.147,4.7,48,2.007,0.0,0,0,test
normal,138,normal_138,2022-07-12 00:17:24.527,2022-07-12 00:17:29.227,4.7,48,3.38,0.0,0,0,train
normal,139,normal_139,2022-07-12 00:17:32.480,2022-07-12 00:17:35.880,3.4,35,3.253,0.0,0,0,train
normal,14,normal_14,2022-07-12 00:01:51.655,2022-07-12 00:01:52.955,1.3,14,5.498,0.0,0,0,train
normal,140,normal_140,2022-07-12 00:17:40.504,2022-07-12 00:17:42.704,2.2,23,4.624,0.0,0,0,train
normal,141,normal_141,2022-07-12 00:17:48.487,2022-07-12 00:17:49.687,1.2,13,5.783,0.0,0,0,val
normal,142,normal_142,2022-07-12 00:17:56.513,2022-07-12 00:17:56.613,0.1,2,6.826,0.0,0,0,test
normal,143,normal_143,2022-07-12 00:18:04.588,2022-07-12 00:18:04.588,0.0,1,7.975,0.0,0,0,train
normal,144,normal_144,2022-07-12 00:18:06.304,2022-07-12 00:18:11.204,4.9,50,1.716,0.0,0,0,train
normal,145,normal_145,2022-07-12 00:18:13.063,2022-07-12 00:18:17.963,4.9,50,1.859,0.0,0,0,val
normal,146,normal_146,2022-07-12 00:18:20.724,2022-07-12 00:18:24.624,3.9,40,2.761,0.0,0,0,train
normal,147,normal_147,2022-07-12 00:18:28.872,2022-07-12 00:18:31.372,2.5,26,4.248,0.0,0,0,train
normal,148,normal_148,2022-07-12 00:18:36.700,2022-07-12 00:18:39.200,2.5,26,5.328,0.0,0,0,train
normal,149,normal_149,2022-07-12 00:18:44.570,2022-07-12 00:18:45.970,1.4,15,5.37,0.0,0,0,train
normal,15,normal_15,2022-07-12 00:02:01.294,2022-07-12 00:02:06.194,4.9,50,8.339,0.0,0,0,test
normal,150,normal_150,2022-07-12 00:18:52.512,2022-07-12 00:18:52.712,0.2,3,6.542,0.0,0,0,train
normal,151,normal_151,2022-07-12 00:19:00.468,2022-07-12 00:19:00.668,0.2,3,7.756,0.0,0,0,val
normal,152,normal_152,2022-07-12 00:19:09.428,2022-07-12 00:19:14.328,4.9,50,8.76,0.0,0,0,train
normal,153,normal_153,2022-07-12 00:19:17.374,2022-07-12 00:19:22.274,4.9,50,3.046,0.0,0,0,train
normal,154,normal_154,2022-07-12 00:19:24.471,2022-07-12 00:19:29.071,4.6,47,2.197,0.0,0,0,train
normal,155,normal_155,2022-07-12 00:19:32.476,2022-07-12 00:19:35.776,3.3,34,3.405,0.0,0,0,test
normal,156,normal_156,2022-07-12 00:19:40.568,2022-07-12 00:19:42.368,1.8,19,4.792,0.0,0,0,train
normal,157,normal_157,2022-07-12 00:19:48.638,2022-07-12 00:19:49.138,0.5,6,6.27,0.0,0,0,test
normal,158,normal_158,2022-07-12 00:19:57.844,2022-07-12 00:20:02.744,4.9,50,8.706,0.0,0,0,val
normal,159,normal_159,2022-07-12 00:20:04.636,2022-07-12 00:20:09.536,4.9,50,1.892,0.0,0,0,train
normal,16,normal_16,2022-07-12 00:02:07.924,2022-07-12 00:02:12.824,4.9,50,1.73,0.0,0,0,train
normal,160,normal_160,2022-07-12 00:20:12.569,2022-07-12 00:20:16.269,3.7,38,3.033,0.0,0,0,test
normal,161,normal_161,2022-07-12 00:20:20.537,2022-07-12 00:20:23.037,2.5,26,4.268,0.0,0,0,train
normal,162,normal_162,2022-07-12 00:20:28.517,2022-07-12 00:20:29.717,1.2,13,5.48,0.0,0,0,test
normal,163,normal_163,2022-07-12 00:20:36.404,2022-07-12 00:20:36.504,0.1,2,6.687,0.0,0,0,train
normal,164,normal_164,2022-07-12 00:20:45.131,2022-07-12 00:20:50.031,4.9,50,8.627,0.0,0,0,train
normal,165,normal_165,2022-07-12 00:20:52.436,2022-07-12 00:20:56.636,4.2,43,2.405,0.0,0,0,test
normal,166,normal_166,2022-07-12 00:21:00.416,2022-07-12 00:21:03.516,3.1,32,3.78,0.0,0,0,train
normal,167,normal_167,2022-07-12 00:21:08.408,2022-07-12 00:21:10.208,1.8,19,4.892,0.0,0,0,test
normal,168,normal_168,2022-07-12 00:21:16.362,2022-07-12 00:21:16.962,0.6,7,6.154,0.0,0,0,train
normal,169,normal_169,2022-07-12 00:21:25.804,2022-07-12 00:21:30.704,4.9,50,8.842,0.0,0,0,val
normal,17,normal_17,2022-07-12 00:02:15.921,2022-07-12 00:02:19.421,3.5,36,3.097,0.0,0,0,train
normal,170,normal_170,2022-07-12 00:21:33.358,2022-07-12 00:21:37.458,4.1,42,2.654,0.0,0,0,train
normal,171,normal_171,2022-07-12 00:21:41.500,2022-07-12 00:21:44.100,2.6,27,4.042,0.0,0,0,val
normal,172,normal_172,2022-07-12 00:21:49.428,2022-07-12 00:21:51.928,2.5,26,5.328,0.0,0,0,train
normal,173,normal_173,2022-07-12 00:21:57.262,2022-07-12 00:21:58.562,1.3,14,5.334,0.0,0,0,train
normal,174,normal_174,2022-07-12 00:22:05.224,2022-07-12 00:22:05.424,0.2,3,6.662,0.0,0,0,train
normal,175,normal_175,2022-07-12 00:22:07.078,2022-07-12 00:22:11.978,4.9,50,1.654,0.0,0,0,val
normal,176,normal_176,2022-07-12 00:22:13.849,2022-07-12 00:22:18.749,4.9,50,1.871,0.0,0,0,train
normal,177,normal_177,2022-07-12 00:22:21.169,2022-07-12 00:22:25.669,4.5,46,2.42,0.0,0,0,val
normal,178,normal_178,2022-07-12 00:22:29.076,2022-07-12 00:22:32.176,3.1,32,3.407,0.0,0,0,val
normal,179,normal_179,2022-07-12 00:22:37.072,2022-07-12 00:22:38.972,1.9,20,4.896,0.0,0,0,train
normal,18,normal_18,2022-07-12 00:02:23.876,2022-07-12 00:02:27.376,3.5,36,4.455,0.0,0,0,val
normal,180,normal_180,2022-07-12 00:22:45.020,2022-07-12 00:22:45.620,0.6,7,6.048,0.0,0,0,train
normal,181,normal_181,2022-07-12 00:22:53.936,2022-07-12 00:22:58.836,4.9,50,8.316,0.0,0,0,train
normal,182,normal_182,2022-07-12 00:23:01.103,2022-07-12 00:23:05.703,4.6,47,2.267,0.0,0,0,val
normal,183,normal_183,2022-07-12 00:23:09.220,2022-07-12 00:23:12.320,3.1,32,3.517,0.0,0,0,val
normal,184,normal_184,2022-07-12 00:23:17.204,2022-07-12 00:23:20.404,3.2,33,4.884,0.0,0,0,train
normal,185,normal_185,2022-07-12 00:23:25.144,2022-07-12 00:23:27.244,2.1,22,4.74,0.0,0,0,train
normal,186,normal_186,2022-07-12 00:23:33.047,2022-07-12 00:23:33.847,0.8,9,5.803,0.0,0,0,test
normal,187,normal_187,2022-07-12 00:23:42.270,2022-07-12 00:23:47.170,4.9,50,8.423,0.0,0,0,train
normal,188,normal_188,2022-07-12 00:23:48.975,2022-07-12 00:23:53.875,4.9,50,1.805,0.0,0,0,test
normal,189,normal_189,2022-07-12 00:23:56.987,2022-07-12 00:24:00.487,3.5,36,3.112,0.0,0,0,train
normal,19,normal_19,2022-07-12 00:02:31.936,2022-07-12 00:02:34.136,2.2,23,4.56,0.0,0,0,train
normal,190,normal_190,2022-07-12 00:24:04.940,2022-07-12 00:24:07.440,2.5,26,4.453,0.0,0,0,test
normal,191,normal_191,2022-07-12 00:24:12.920,2022-07-12 00:24:14.020,1.1,12,5.48,0.0,0,0,val
normal,192,normal_192,2022-07-12 00:24:22.654,2022-07-12 00:24:27.554,4.9,50,8.634,0.0,0,0,train
normal,193,normal_193,2022-07-12 00:24:29.596,2022-07-12 00:24:34.496,4.9,50,2.042,0.0,0,0,test
normal,194,normal_194,2022-07-12 00:24:37.006,2022-07-12 00:24:41.106,4.1,42,2.51,0.0,0,0,val
normal,195,normal_195,2022-07-12 00:24:45.075,2022-07-12 00:24:47.875,2.8,29,3.969,0.0,0,0,train
normal,196,normal_196,2022-07-12 00:24:53.136,2022-07-12 00:24:54.836,1.7,18,5.261,0.0,0,0,train
normal,197,normal_197,2022-07-12 00:25:01.153,2022-07-12 00:25:01.653,0.5,6,6.317,0.0,0,0,test
normal,198,normal_198,2022-07-12 00:25:10.148,2022-07-12 00:25:15.048,4.9,50,8.495,0.0,0,0,test
normal,199,normal_199,2022-07-12 00:25:17.084,2022-07-12 00:25:21.884,4.8,49,2.036,0.0,0,0,val
normal,2,normal_2,2022-07-12 00:00:15.267,2022-07-12 00:00:17.567,2.3,24,4.443,0.0,0,0,val
normal,20,normal_20,2022-07-12 00:02:40.000,2022-07-12 00:02:42.100,2.1,22,5.864,0.0,0,0,test
normal,200,normal_200,2022-07-12 00:25:25.093,2022-07-12 00:25:28.293,3.2,33,3.209,0.0,0,0,val
normal,201,normal_201,2022-07-12 00:25:33.044,2022-07-12 00:25:35.144,2.1,22,4.751,0.0,0,0,train
normal,202,normal_202,2022-07-12 00:25:41.044,2022-07-12 00:25:41.744,0.7,8,5.9,0.0,0,0,test
normal,203,normal_203,2022-07-12 00:25:50.128,2022-07-12 00:25:55.028,4.9,50,8.384,0.0,0,0,test
normal,204,normal_204,2022-07-12 00:25:57.187,2022-07-12 00:26:01.887,4.7,48,2.159,0.0,0,0,train
normal,205,normal_205,2022-07-12 00:26:05.260,2022-07-12 00:26:08.460,3.2,33,3.373,0.0,0,0,train
normal,206,normal_206,2022-07-12 00:26:13.208,2022-07-12 00:26:15.308,2.1,22,4.748,0.0,0,0,train
normal,207,normal_207,2022-07-12 00:26:21.091,2022-07-12 00:26:22.191,1.1,12,5.783,0.0,0,0,val
normal,208,normal_208,2022-07-12 00:26:29.067,2022-07-12 00:26:30.067,1.0,11,6.876,0.0,0,0,test
normal,209,normal_209,2022-07-12 00:26:31.913,2022-07-12 00:26:36.813,4.9,50,1.846,0.0,0,0,val
normal,21,normal_21,2022-07-12 00:02:47.868,2022-07-12 00:02:48.868,1.0,11,5.768,0.0,0,0,train
normal,210,normal_210,2022-07-12 00:26:38.648,2022-07-12 00:26:43.548,4.9,50,1.835,0.0,0,0,test
normal,211,normal_211,2022-07-12 00:26:45.464,2022-07-12 00:26:50.364,4.9,50,1.916,0.0,0,0,train
normal,212,normal_212,2022-07-12 00:26:53.334,2022-07-12 00:26:57.034,3.7,38,2.97,0.0,0,0,train
normal,213,normal_213,2022-07-12 00:27:01.423,2022-07-12 00:27:03.623,2.2,23,4.389,0.0,0,0,val
normal,214,normal_214,2022-07-12 00:27:09.388,2022-07-12 00:27:10.488,1.1,12,5.765,0.0,0,0,test
normal,215,normal_215,2022-07-12 00:27:17.417,2022-07-12 00:27:18.317,0.9,10,6.929,0.0,0,0,val
normal,216,normal_216,2022-07-12 00:27:27.011,2022-07-12 00:27:31.911,4.9,50,8.694,0.0,0,0,train
normal,217,normal_217,2022-07-12 00:27:33.464,2022-07-12 00:27:38.364,4.9,50,1.553,0.0,0,0,train
normal,218,normal_218,2022-07-12 00:27:41.443,2022-07-12 00:27:45.143,3.7,38,3.079,0.0,0,0,train
normal,219,normal_219,2022-07-12 00:27:49.507,2022-07-12 00:27:51.807,2.3,24,4.364,0.0,0,0,train
normal,22,normal_22,2022-07-12 00:02:57.334,2022-07-12 00:03:02.234,4.9,50,8.466,0.0,0,0,train
normal,220,normal_220,2022-07-12 00:27:57.407,2022-07-12 00:27:58.707,1.3,14,5.6,0.0,0,0,test
normal,221,normal_221,2022-07-12 00:28:07.313,2022-07-12 00:28:12.213,4.9,50,8.606,0.0,0,0,test
normal,222,normal_222,2022-07-12 00:28:14.008,2022-07-12 00:28:18.908,4.9,50,1.795,0.0,0,0,train
normal,223,normal_223,2022-07-12 00:28:21.540,2022-07-12 00:28:25.440,3.9,40,2.632,0.0,0,0,test
normal,224,normal_224,2022-07-12 00:28:29.532,2022-07-12 00:28:32.332,2.8,29,4.092,0.0,0,0,train
normal,225,normal_225,2022-07-12 00:28:37.546,2022-07-12 00:28:38.946,1.4,15,5.214,0.0,0,0,test
normal,226,normal_226,2022-07-12 00:28:45.484,2022-07-12 00:28:45.584,0.1,2,6.538,0.0,0,0,val
normal,227,normal_227,2022-07-12 00:28:54.024,2022-07-12 00:28:58.924,4.9,50,8.44,0.0,0,0,train
normal,228,normal_228,2022-07-12 00:29:02.224,2022-07-12 00:29:07.124,4.9,50,3.3,0.0,0,0,train
normal,229,normal_229,2022-07-12 00:29:09.592,2022-07-12 00:29:13.792,4.2,43,2.468,0.0,0,0,train
normal,23,normal_23,2022-07-12 00:03:04.000,2022-07-12 00:03:08.900,4.9,50,1.766,0.0,0,0,train
normal,230,normal_230,2022-07-12 00:29:17.574,2022-07-12 00:29:20.674,3.1,32,3.782,0.0,0,0,train
normal,231,normal_231,2022-07-12 00:29:25.707,2022-07-12 00:29:27.207,1.5,16,5.033,0.0,0,0,train
normal,232,normal_232,2022-07-12 00:29:33.664,2022-07-12 00:29:33.964,0.3,4,6.457,0.0,0,0,train
normal,233,normal_233,2022-07-12 00:29:35.745,2022-07-12 00:29:40.645,4.9,50,1.781,0.0,0,0,train
normal,234,normal_234,2022-07-12 00:29:42.284,2022-07-12 00:29:47.184,4.9,50,1.639,0.0,0,0,train
normal,235,normal_235,2022-07-12 00:29:50.008,2022-07-12 00:29:54.008,4.0,41,2.824,0.0,0,0,train
normal,236,normal_236,2022-07-12 00:29:58.044,2022-07-12 00:30:00.544,2.5,26,4.036,0.0,0,0,val
normal,237,normal_237,2022-07-12 00:30:05.936,2022-07-12 00:30:07.336,1.4,15,5.392,0.0,0,0,train
normal,238,normal_238,2022-07-12 00:30:14.004,2022-07-12 00:30:14.204,0.2,3,6.668,0.0,0,0,val
normal,239,normal_239,2022-07-12 00:30:15.875,2022-07-12 00:30:20.775,4.9,50,1.671,0.0,0,0,train
normal,24,normal_24,2022-07-12 00:03:12.129,2022-07-12 00:03:15.629,3.5,36,3.229,0.0,0,0,test
normal,240,normal_240,2022-07-12 00:30:22.688,2022-07-12 00:30:27.588,4.9,50,1.913,0.0,0,0,train
normal,241,normal_241,2022-07-12 00:30:29.999,2022-07-12 00:30:34.199,4.2,43,2.411,0.0,0,0,train
normal,242,normal_242,2022-07-12 00:30:38.043,2022-07-12 00:30:40.843,2.8,29,3.844,0.0,0,0,test
normal,243,normal_243,2022-07-12 00:30:46.032,2022-07-12 00:30:47.532,1.5,16,5.189,0.0,0,0,val
normal,244,normal_244,2022-07-12 00:30:53.910,2022-07-12 00:30:54.410,0.5,6,6.378,0.0,0,0,train
normal,245,normal_245,2022-07-12 00:31:02.945,2022-07-12 00:31:07.845,4.9,50,8.535,0.0,0,0,test
normal,246,normal_246,2022-07-12 00:31:10.998,2022-07-12 00:31:15.898,4.9,50,3.153,0.0,0,0,train
normal,247,normal_247,2022-07-12 00:31:17.932,2022-07-12 00:31:22.832,4.9,50,2.034,0.0,0,0,train
normal,248,normal_248,2022-07-12 00:31:25.907,2022-07-12 00:31:29.307,3.4,35,3.075,0.0,0,0,train
normal,249,normal_249,2022-07-12 00:31:33.901,2022-07-12 00:31:36.101,2.2,23,4.594,0.0,0,0,test
normal,25,normal_25,2022-07-12 00:03:20.215,2022-07-12 00:03:22.715,2.5,26,4.586,0.0,0,0,train
normal,250,normal_250,2022-07-12 00:31:41.922,2022-07-12 00:31:42.722,0.8,9,5.821,0.0,0,0,train
normal,251,normal_251,2022-07-12 00:31:51.200,2022-07-12 00:31:56.100,4.9,50,8.478,0.0,0,0,val
normal,252,normal_252,2022-07-12 00:31:58.020,2022-07-12 00:32:02.920,4.9,50,1.92,0.0,0,0,train
normal,253,normal_253,2022-07-12 00:32:05.948,2022-07-12 00:32:09.648,3.7,38,3.028,0.0,0,0,train
normal,254,normal_254,2022-07-12 00:32:13.976,2022-07-12 00:32:16.576,2.6,27,4.328,0.0,0,0,val
normal,255,normal_255,2022-07-12 00:32:21.964,2022-07-12 00:32:23.164,1.2,13,5.388,0.0,0,0,train
normal,256,normal_256,2022-07-12 00:32:29.766,2022-07-12 00:32:30.266,0.5,6,6.602,0.0,0,0,test
normal,257,normal_257,2022-07-12 00:32:38.608,2022-07-12 00:32:43.508,4.9,50,8.342,0.0,0,0,train
normal,258,normal_258,2022-07-12 00:32:45.771,2022-07-12 00:32:50.171,4.4,45,2.263,0.0,0,0,test
normal,259,normal_259,2022-07-12 00:32:53.644,2022-07-12 00:32:56.744,3.1,32,3.473,0.0,0,0,train
normal,26,normal_26,2022-07-12 00:03:28.182,2022-07-12 00:03:29.282,1.1,12,5.467,0.0,0,0,train
normal,260,normal_260,2022-07-12 00:33:01.594,2022-07-12 00:33:03.394,1.8,19,4.85,0.0,0,0,train
normal,261,normal_261,2022-07-12 00:33:09.576,2022-07-12 00:33:11.576,2.0,21,6.182,0.0,0,0,train
normal,262,normal_262,2022-07-12 00:33:17.456,2022-07-12 00:33:18.156,0.7,8,5.88,0.0,0,0,test
normal,263,normal_263,2022-07-12 00:33:25.451,2022-07-12 00:33:26.251,0.8,9,7.295,0.0,0,0,train
normal,264,normal_264,2022-07-12 00:33:34.840,2022-07-12 00:33:39.740,4.9,50,8.589,0.0,0,0,train
normal,265,normal_265,2022-07-12 00:33:41.534,2022-07-12 00:33:46.434,4.9,50,1.794,0.0,0,0,train
normal,266,normal_266,2022-07-12 00:33:49.428,2022-07-12 00:33:53.228,3.8,39,2.994,0.0,0,0,train
normal,267,normal_267,2022-07-12 00:33:57.398,2022-07-12 00:33:59.898,2.5,26,4.17,0.0,0,0,test
normal,268,normal_268,2022-07-12 00:34:05.379,2022-07-12 00:34:06.779,1.4,15,5.481,0.0,0,0,val
normal,269,normal_269,2022-07-12 00:34:13.260,2022-07-12 00:34:13.560,0.3,4,6.481,0.0,0,0,val
normal,27,normal_27,2022-07-12 00:03:44.676,2022-07-12 00:03:49.576,4.9,50,15.394,0.0,0,0,test
normal,270,normal_270,2022-07-12 00:34:15.359,2022-07-12 00:34:20.259,4.9,50,1.799,0.0,0,0,train
normal,271,normal_271,2022-07-12 00:34:21.987,2022-07-12 00:34:26.887,4.9,50,1.728,0.0,0,0,train
normal,272,normal_272,2022-07-12 00:34:29.244,2022-07-12 00:34:33.444,4.2,43,2.357,0.0,0,0,train
normal,273,normal_273,2022-07-12 00:34:37.168,2022-07-12 00:34:41.568,4.4,45,3.724,0.0,0,0,test
normal,274,normal_274,2022-07-12 00:34:45.928,2022-07-12 00:34:50.828,4.9,50,4.36,0.0,0,0,test
normal,275,normal_275,2022-07-12 00:34:53.056,2022-07-12 00:34:57.656,4.6,47,2.228,0.0,0,0,train
normal,276,normal_276,2022-07-12 00:35:01.171,2022-07-12 00:35:04.271,3.1,32,3.515,0.0,0,0,train
normal,277,normal_277,2022-07-12 00:35:09.147,2022-07-12 00:35:11.147,2.0,21,4.876,0.0,0,0,train
normal,278,normal_278,2022-07-12 00:35:17.136,2022-07-12 00:35:17.836,0.7,8,5.989,0.0,0,0,val
normal,279,normal_279,2022-07-12 00:35:25.092,2022-07-12 00:35:25.792,0.7,8,7.256,0.0,0,0,train
normal,28,normal_28,2022-07-12 00:03:52.544,2022-07-12 00:03:57.444,4.9,50,2.968,0.0,0,0,train
normal,280,normal_280,2022-07-12 00:35:34.214,2022-07-12 00:35:39.114,4.9,50,8.422,0.0,0,0,train
normal,281,normal_281,2022-07-12 00:35:41.235,2022-07-12 00:35:45.935,4.7,48,2.121,0.0,0,0,train
normal,282,normal_282,2022-07-12 00:35:49.315,2022-07-12 00:35:52.515,3.2,33,3.38,0.0,0,0,train
normal,283,normal_283,2022-07-12 00:35:57.296,2022-07-12 00:35:59.396,2.1,22,4.781,0.0,0,0,val
normal,284,normal_284,2022-07-12 00:36:05.268,2022-07-12 00:36:06.168,0.9,10,5.872,0.0,0,0,val
normal,285,normal_285,2022-07-12 00:36:07.998,2022-07-12 00:36:12.898,4.9,50,1.83,0.0,0,0,val
normal,286,normal_286,2022-07-12 00:36:14.644,2022-07-12 00:36:19.544,4.9,50,1.746,0.0,0,0,test
normal,287,normal_287,2022-07-12 00:36:21.560,2022-07-12 00:36:26.460,4.9,50,2.016,0.0,0,0,val
normal,288,normal_288,2022-07-12 00:36:29.468,2022-07-12 00:36:32.968,3.5,36,3.008,0.0,0,0,train
normal,289,normal_289,2022-07-12 00:36:37.428,2022-07-12 00:36:39.728,2.3,24,4.46,0.0,0,0,train
normal,29,normal_29,2022-07-12 00:04:00.140,2022-07-12 00:04:04.240,4.1,42,2.696,0.0,0,0,test
normal,290,normal_290,2022-07-12 00:36:45.408,2022-07-12 00:36:46.608,1.2,13,5.68,0.0,0,0,train
normal,291,normal_291,2022-07-12 00:36:53.119,2022-07-12 00:36:53.119,0.0,1,6.511,0.0,0,0,val
normal,292,normal_292,2022-07-12 00:36:55.156,2022-07-12 00:37:00.056,4.9,50,2.037,0.0,0,0,train
normal,293,normal_293,2022-07-12 00:37:02.032,2022-07-12 00:37:06.932,4.9,50,1.976,0.0,0,0,val
normal,294,normal_294,2022-07-12 00:37:09.360,2022-07-12 00:37:13.460,4.1,42,2.428,0.0,0,0,train
normal,295,normal_295,2022-07-12 00:37:17.426,2022-07-12 00:37:20.226,2.8,29,3.966,0.0,0,0,val
normal,296,normal_296,2022-07-12 00:37:25.356,2022-07-12 00:37:27.256,1.9,20,5.13,0.0,0,0,train
normal,297,normal_297,2022-07-12 00:37:33.270,2022-07-12 00:37:33.970,0.7,8,6.014,0.0,0,0,val
normal,298,normal_298,2022-07-12 00:37:42.318,2022-07-12 00:37:47.218,4.9,50,8.348,0.0,0,0,val
normal,299,normal_299,2022-07-12 00:37:49.246,2022-07-12 00:37:53.946,4.7,48,2.028,0.0,0,0,train
normal,3,normal_3,2022-07-12 00:00:23.324,2022-07-12 00:00:24.224,0.9,10,5.757,0.0,0,0,test
normal,30,normal_30,2022-07-12 00:04:08.213,2022-07-12 00:04:10.813,2.6,27,3.973,0.0,0,0,test
normal,300,normal_300,2022-07-12 00:37:57.236,2022-07-12 00:38:00.736,3.5,36,3.29,0.0,0,0,train
normal,301,normal_301,2022-07-12 00:38:05.247,2022-07-12 00:38:07.147,1.9,20,4.511,0.0,0,0,train
normal,302,normal_302,2022-07-12 00:38:13.239,2022-07-12 00:38:14.039,0.8,9,6.092,0.0,0,0,val
normal,303,normal_303,2022-07-12 00:38:22.496,2022-07-12 00:38:27.396,4.9,50,8.457,0.0,0,0,train
normal,304,normal_304,2022-07-12 00:38:29.302,2022-07-12 00:38:34.202,4.9,50,1.906,0.0,0,0,train
normal,305,normal_305,2022-07-12 00:38:37.296,2022-07-12 00:38:40.996,3.7,38,3.094,0.0,0,0,train
normal,306,normal_306,2022-07-12 00:38:45.418,2022-07-12 00:38:48.818,3.4,35,4.422,0.0,0,0,train
normal,307,normal_307,2022-07-12 00:38:53.456,2022-07-12 00:38:55.656,2.2,23,4.638,0.0,0,0,train
normal,308,normal_308,2022-07-12 00:39:01.416,2022-07-12 00:39:02.216,0.8,9,5.76,0.0,0,0,train
normal,309,normal_309,2022-07-12 00:39:10.908,2022-07-12 00:39:15.808,4.9,50,8.692,0.0,0,0,train
normal,31,normal_31,2022-07-12 00:04:16.224,2022-07-12 00:04:17.424,1.2,13,5.411,0.0,0,0,train
normal,310,normal_310,2022-07-12 00:39:17.687,2022-07-12 00:39:22.587,4.9,50,1.879,0.0,0,0,train
normal,311,normal_311,2022-07-12 00:39:25.531,2022-07-12 00:39:29.231,3.7,38,2.944,0.0,0,0,test
normal,312,normal_312,2022-07-12 00:39:33.471,2022-07-12 00:39:35.771,2.3,24,4.24,0.0,0,0,train
normal,313,normal_313,2022-07-12 00:39:41.284,2022-07-12 00:39:42.884,1.6,17,5.513,0.0,0,0,train
normal,314,normal_314,2022-07-12 00:39:49.306,2022-07-12 00:39:49.306,0.0,1,6.422,0.0,0,0,test
normal,315,normal_315,2022-07-12 00:39:51.184,2022-07-12 00:39:56.084,4.9,50,1.878,0.0,0,0,train
normal,316,normal_316,2022-07-12 00:39:57.839,2022-07-12 00:40:02.739,4.9,50,1.755,0.0,0,0,train
normal,317,normal_317,2022-07-12 00:40:05.260,2022-07-12 00:40:09.360,4.1,42,2.521,0.0,0,0,train
normal,318,normal_318,2022-07-12 00:40:13.200,2022-07-12 00:40:16.200,3.0,31,3.84,0.0,0,0,train
normal,319,normal_319,2022-07-12 00:40:21.200,2022-07-12 00:40:22.700,1.5,16,5.0,0.0,0,0,train
normal,32,normal_32,2022-07-12 00:04:23.985,2022-07-12 00:04:24.085,0.1,2,6.561,0.0,0,0,train
normal,320,normal_320,2022-07-12 00:40:29.245,2022-07-12 00:40:29.445,0.2,3,6.545,0.0,0,0,train
normal,321,normal_321,2022-07-12 00:40:37.167,2022-07-12 00:40:37.367,0.2,3,7.722,0.0,0,0,val
normal,322,normal_322,2022-07-12 00:40:39.236,2022-07-12 00:40:44.136,4.9,50,1.869,0.0,0,0,train
normal,323,normal_323,2022-07-12 00:40:45.865,2022-07-12 00:40:50.765,4.9,50,1.729,0.0,0,0,train
normal,324,normal_324,2022-07-12 00:40:53.176,2022-07-12 00:40:57.476,4.3,44,2.411,0.0,0,0,val
normal,325,normal_325,2022-07-12 00:41:01.166,2022-07-12 00:41:04.066,2.9,30,3.69,0.0,0,0,train
normal,326,normal_326,2022-07-12 00:41:09.181,2022-07-12 00:41:10.981,1.8,19,5.115,0.0,0,0,train
normal,327,normal_327,2022-07-12 00:41:17.117,2022-07-12 00:41:17.317,0.2,3,6.136,0.0,0,0,train
normal,328,normal_328,2022-07-12 00:41:19.199,2022-07-12 00:41:24.099,4.9,50,1.882,0.0,0,0,train
normal,329,normal_329,2022-07-12 00:41:25.865,2022-07-12 00:41:30.765,4.9,50,1.766,0.0,0,0,train
normal,33,normal_33,2022-07-12 00:04:25.827,2022-07-12 00:04:30.727,4.9,50,1.742,0.0,0,0,train
normal,330,normal_330,2022-07-12 00:41:33.240,2022-07-12 00:41:37.340,4.1,42,2.475,0.0,0,0,train
normal,331,normal_331,2022-07-12 00:41:41.292,2022-07-12 00:41:44.192,2.9,30,3.952,0.0,0,0,train
normal,332,normal_332,2022-07-12 00:41:49.471,2022-07-12 00:41:50.771,1.3,14,5.279,0.0,0,0,train
normal,333,normal_333,2022-07-12 00:41:57.470,2022-07-12 00:41:57.570,0.1,2,6.699,0.0,0,0,train
normal,334,normal_334,2022-07-12 00:42:06.134,2022-07-12 00:42:11.034,4.9,50,8.564,0.0,0,0,train
normal,335,normal_335,2022-07-12 00:42:13.314,2022-07-12 00:42:17.714,4.4,45,2.28,0.0,0,0,train
normal,336,normal_336,2022-07-12 00:42:21.316,2022-07-12 00:42:24.616,3.3,34,3.602,0.0,0,0,train
normal,337,normal_337,2022-07-12 00:42:29.388,2022-07-12 00:42:32.488,3.1,32,4.772,0.0,0,0,train
normal,338,normal_338,2022-07-12 00:42:37.291,2022-07-12 00:42:39.191,1.9,20,4.803,0.0,0,0,val
normal,339,normal_339,2022-07-12 00:42:45.343,2022-07-12 00:42:45.843,0.5,6,6.152,0.0,0,0,test
normal,34,normal_34,2022-07-12 00:04:32.537,2022-07-12 00:04:37.437,4.9,50,1.81,0.0,0,0,train
normal,340,normal_340,2022-07-12 00:42:47.528,2022-07-12 00:42:52.428,4.9,50,1.685,0.0,0,0,train
normal,341,normal_341,2022-07-12 00:42:54.375,2022-07-12 00:42:59.275,4.9,50,1.947,0.0,0,0,val
normal,342,normal_342,2022-07-12 00:43:01.514,2022-07-12 00:43:05.914,4.4,45,2.239,0.0,0,0,train
normal,343,normal_343,2022-07-12 00:43:09.436,2022-07-12 00:43:12.736,3.3,34,3.522,0.0,0,0,test
normal,344,normal_344,2022-07-12 00:43:17.444,2022-07-12 00:43:19.444,2.0,21,4.708,0.0,0,0,train
normal,345,normal_345,2022-07-12 00:43:25.297,2022-07-12 00:43:26.597,1.3,14,5.853,0.0,0,0,val
normal,346,normal_346,2022-07-12 00:43:33.096,2022-07-12 00:43:33.196,0.1,3,6.499,0.0,0,0,test
normal,347,normal_347,2022-07-12 00:43:35.064,2022-07-12 00:43:39.964,4.9,50,1.868,0.0,0,0,val
normal,348,normal_348,2022-07-12 00:43:41.601,2022-07-12 00:43:46.501,4.9,50,1.637,0.0,0,0,val
normal,349,normal_349,2022-07-12 00:43:49.346,2022-07-12 00:43:53.346,4.0,41,2.845,0.0,0,0,val
normal,35,normal_35,2022-07-12 00:04:40.416,2022-07-12 00:04:44.116,3.7,38,2.979,0.0,0,0,test
normal,350,normal_350,2022-07-12 00:43:57.268,2022-07-12 00:43:59.968,2.7,28,3.922,0.0,0,0,train
normal,351,normal_351,2022-07-12 00:44:05.295,2022-07-12 00:44:06.995,1.7,18,5.327,0.0,0,0,train
normal,352,normal_352,2022-07-12 00:44:13.300,2022-07-12 00:44:13.700,0.4,5,6.305,0.0,0,0,train
normal,353,normal_353,2022-07-12 00:44:15.484,2022-07-12 00:44:20.384,4.9,50,1.784,0.0,0,0,train
normal,354,normal_354,2022-07-12 00:44:22.158,2022-07-12 00:44:27.058,4.9,50,1.774,0.0,0,0,train
normal,355,normal_355,2022-07-12 00:44:29.332,2022-07-12 00:44:33.832,4.5,46,2.274,0.0,0,0,train
normal,356,normal_356,2022-07-12 00:44:37.312,2022-07-12 00:44:40.412,3.1,32,3.48,0.0,0,0,test
normal,357,normal_357,2022-07-12 00:44:45.286,2022-07-12 00:44:47.186,1.9,20,4.874,0.0,0,0,test
normal,358,normal_358,2022-07-12 00:44:53.274,2022-07-12 00:44:53.874,0.6,7,6.088,0.0,0,0,train
normal,359,normal_359,2022-07-12 00:45:02.356,2022-07-12 00:45:07.256,4.9,50,8.482,0.0,0,0,train
normal,36,normal_36,2022-07-12 00:04:48.455,2022-07-12 00:04:52.055,3.6,37,4.339,0.0,0,0,test
normal,360,normal_360,2022-07-12 00:45:10.440,2022-07-12 00:45:15.340,4.9,50,3.184,0.0,0,0,train
normal,361,normal_361,2022-07-12 00:45:17.244,2022-07-12 00:45:22.144,4.9,50,1.904,0.0,0,0,train
normal,362,normal_362,2022-07-12 00:45:25.336,2022-07-12 00:45:28.636,3.3,34,3.192,0.0,0,0,train
normal,363,normal_363,2022-07-12 00:45:33.352,2022-07-12 00:45:35.352,2.0,21,4.716,0.0,0,0,train
normal,364,normal_364,2022-07-12 00:45:41.472,2022-07-12 00:45:42.272,0.8,9,6.12,0.0,0,0,train
normal,365,normal_365,2022-07-12 00:45:50.892,2022-07-12 00:45:55.792,4.9,50,8.62,0.0,0,0,test
normal,366,normal_366,2022-07-12 00:45:57.561,2022-07-12 00:46:02.461,4.9,50,1.769,0.0,0,0,test
normal,367,normal_367,2022-07-12 00:46:05.548,2022-07-12 00:46:09.148,3.6,37,3.087,0.0,0,0,train
normal,368,normal_368,2022-07-12 00:46:13.485,2022-07-12 00:46:16.085,2.6,27,4.337,0.0,0,0,train
normal,369,normal_369,2022-07-12 00:46:21.424,2022-07-12 00:46:22.824,1.4,15,5.339,0.0,0,0,test
normal,37,normal_37,2022-07-12 00:04:56.641,2022-07-12 00:04:58.941,2.3,24,4.586,0.0,0,0,val
normal,370,normal_370,2022-07-12 00:46:29.508,2022-07-12 00:46:29.508,0.0,1,6.684,0.0,0,0,train
normal,371,normal_371,2022-07-12 00:46:31.584,2022-07-12 00:46:36.484,4.9,50,2.076,0.0,0,0,test
normal,372,normal_372,2022-07-12 00:46:38.256,2022-07-12 00:46:43.156,4.9,50,1.772,0.0,0,0,train
normal,373,normal_373,2022-07-12 00:46:45.658,2022-07-12 00:46:49.858,4.2,43,2.502,0.0,0,0,train
normal,374,normal_374,2022-07-12 00:46:53.743,2022-07-12 00:46:56.643,2.9,30,3.885,0.0,0,0,train
normal,375,normal_375,2022-07-12 00:47:01.644,2022-07-12 00:47:03.644,2.0,21,5.001,0.0,0,0,train
normal,376,normal_376,2022-07-12 00:47:09.558,2022-07-12 00:47:10.058,0.5,6,5.914,0.0,0,0,val
normal,377,normal_377,2022-07-12 00:47:11.896,2022-07-12 00:47:16.796,4.9,50,1.838,0.0,0,0,test
normal,378,normal_378,2022-07-12 00:47:18.491,2022-07-12 00:47:23.391,4.9,50,1.695,0.0,0,0,train
normal,379,normal_379,2022-07-12 00:47:25.788,2022-07-12 00:47:29.988,4.2,43,2.397,0.0,0,0,val
normal,38,normal_38,2022-07-12 00:05:04.636,2022-07-12 00:05:05.736,1.1,12,5.695,0.0,0,0,train
normal,380,normal_380,2022-07-12 00:47:33.787,2022-07-12 00:47:36.587,2.8,29,3.799,0.0,0,0,test
normal,381,normal_381,2022-07-12 00:47:41.964,2022-07-12 00:47:43.164,1.2,13,5.377,0.0,0,0,test
normal,382,normal_382,2022-07-12 00:47:49.980,2022-07-12 00:47:49.980,0.0,1,6.816,0.0,0,0,train
normal,383,normal_383,2022-07-12 00:47:59.731,2022-07-12 00:48:04.631,4.9,50,9.751,0.0,0,0,test
normal,384,normal_384,2022-07-12 00:48:06.559,2022-07-12 00:48:11.459,4.9,50,1.928,0.0,0,0,test
normal,385,normal_385,2022-07-12 00:48:14.176,2022-07-12 00:48:18.076,3.9,40,2.717,0.0,0,0,train
normal,386,normal_386,2022-07-12 00:48:22.150,2022-07-12 00:48:24.850,2.7,28,4.074,0.0,0,0,train
normal,387,normal_387,2022-07-12 00:48:30.056,2022-07-12 00:48:31.656,1.6,17,5.206,0.0,0,0,test
normal,388,normal_388,2022-07-12 00:48:38.047,2022-07-12 00:48:38.347,0.3,4,6.391,0.0,0,0,train
normal,389,normal_389,2022-07-12 00:48:40.145,2022-07-12 00:48:45.045,4.9,50,1.798,0.0,0,0,train
normal,39,normal_39,2022-07-12 00:05:12.566,2022-07-12 00:05:13.666,1.1,12,6.83,0.0,0,0,val
normal,390,normal_390,2022-07-12 00:48:46.796,2022-07-12 00:48:51.696,4.9,50,1.751,0.0,0,0,train
normal,391,normal_391,2022-07-12 00:48:54.584,2022-07-12 00:48:58.384,3.8,39,2.888,0.0,0,0,test
normal,392,normal_392,2022-07-12 00:49:02.714,2022-07-12 00:49:05.114,2.4,25,4.33,0.0,0,0,train
normal,393,normal_393,2022-07-12 00:49:10.737,2022-07-12 00:49:12.037,1.3,14,5.623,0.0,0,0,train
normal,394,normal_394,2022-07-12 00:49:18.634,2022-07-12 00:49:18.634,0.0,1,6.597,0.0,0,0,val
normal,395,normal_395,2022-07-12 00:49:27.367,2022-07-12 00:49:32.267,4.9,50,8.733,0.0,0,0,val
normal,396,normal_396,2022-07-12 00:49:34.708,2022-07-12 00:49:39.008,4.3,44,2.441,0.0,0,0,train
normal,397,normal_397,2022-07-12 00:49:42.699,2022-07-12 00:49:45.799,3.1,32,3.691,0.0,0,0,train
normal,398,normal_398,2022-07-12 00:49:50.587,2022-07-12 00:49:52.687,2.1,22,4.788,0.0,0,0,val
normal,399,normal_399,2022-07-12 00:49:58.730,2022-07-12 00:49:59.330,0.6,7,6.043,0.0,0,0,test
normal,4,normal_4,2022-07-12 00:00:32.752,2022-07-12 00:00:37.652,4.9,50,8.528,0.0,0,0,train
normal,40,normal_40,2022-07-12 00:05:20.498,2022-07-12 00:05:20.498,0.0,1,6.832,0.0,0,0,val
normal,400,normal_400,2022-07-12 00:50:15.827,2022-07-12 00:50:20.727,4.9,50,16.497,0.0,0,0,train
normal,401,normal_401,2022-07-12 00:50:22.836,2022-07-12 00:50:27.336,4.5,46,2.109,0.0,0,0,train
normal,402,normal_402,2022-07-12 00:50:30.952,2022-07-12 00:50:34.252,3.3,34,3.616,0.0,0,0,val
normal,403,normal_403,2022-07-12 00:50:38.906,2022-07-12 00:50:40.906,2.0,21,4.654,0.0,0,0,val
normal,404,normal_404,2022-07-12 00:50:46.896,2022-07-12 00:50:47.996,1.1,12,5.99,0.0,0,0,train
normal,405,normal_405,2022-07-12 00:50:56.424,2022-07-12 00:51:01.324,4.9,50,8.428,0.0,0,0,train
normal,406,normal_406,2022-07-12 00:51:03.048,2022-07-12 00:51:07.948,4.9,50,1.724,0.0,0,0,val
normal,407,normal_407,2022-07-12 00:51:10.863,2022-07-12 00:51:14.563,3.7,38,2.915,0.0,0,0,train
normal,408,normal_408,2022-07-12 00:51:18.948,2022-07-12 00:51:21.348,2.4,25,4.385,0.0,0,0,train
normal,409,normal_409,2022-07-12 00:51:26.816,2022-07-12 00:51:28.016,1.2,13,5.468,0.0,0,0,train
normal,41,normal_41,2022-07-12 00:05:22.496,2022-07-12 00:05:27.396,4.9,50,1.998,0.0,0,0,train
normal,410,normal_410,2022-07-12 00:51:36.856,2022-07-12 00:51:41.756,4.9,50,8.84,0.0,0,0,val
normal,411,normal_411,2022-07-12 00:51:43.448,2022-07-12 00:51:48.348,4.9,50,1.692,0.0,0,0,train
normal,412,normal_412,2022-07-12 00:51:51.236,2022-07-12 00:51:55.136,3.9,40,2.888,0.0,0,0,test
normal,413,normal_413,2022-07-12 00:51:59.201,2022-07-12 00:52:01.901,2.7,28,4.065,0.0,0,0,train
normal,414,normal_414,2022-07-12 00:52:07.111,2022-07-12 00:52:08.511,1.4,15,5.21,0.0,0,0,train
normal,415,normal_415,2022-07-12 00:52:15.119,2022-07-12 00:52:16.419,1.3,14,6.608,0.0,0,0,train
normal,416,normal_416,2022-07-12 00:52:23.255,2022-07-12 00:52:23.255,0.0,1,6.836,0.0,0,0,train
normal,417,normal_417,2022-07-12 00:52:32.972,2022-07-12 00:52:37.872,4.9,50,9.717,0.0,0,0,train
normal,418,normal_418,2022-07-12 00:52:39.609,2022-07-12 00:52:44.509,4.9,50,1.737,0.0,0,0,val
normal,419,normal_419,2022-07-12 00:52:47.696,2022-07-12 00:52:51.396,3.7,38,3.187,0.0,0,0,train
normal,42,normal_42,2022-07-12 00:05:29.007,2022-07-12 00:05:33.907,4.9,50,1.611,0.0,0,0,train
normal,420,normal_420,2022-07-12 00:52:55.616,2022-07-12 00:52:57.816,2.2,23,4.22,0.0,0,0,train
normal,421,normal_421,2022-07-12 00:53:03.651,2022-07-12 00:53:04.551,0.9,10,5.835,0.0,0,0,val
normal,422,normal_422,2022-07-12 00:53:13.056,2022-07-12 00:53:17.956,4.9,50,8.505,0.0,0,0,train
normal,423,normal_423,2022-07-12 00:53:19.759,2022-07-12 00:53:24.559,4.8,49,1.803,0.0,0,0,train
normal,424,normal_424,2022-07-12 00:53:27.876,2022-07-12 00:53:31.376,3.5,36,3.317,0.0,0,0,train
normal,425,normal_425,2022-07-12 00:53:35.908,2022-07-12 00:53:38.208,2.3,24,4.532,0.0,0,0,train
normal,426,normal_426,2022-07-12 00:53:43.747,2022-07-12 00:53:44.747,1.0,11,5.539,0.0,0,0,train
normal,427,normal_427,2022-07-12 00:53:53.254,2022-07-12 00:53:58.154,4.9,50,8.507,0.0,0,0,train
normal,428,normal_428,2022-07-12 00:54:00.003,2022-07-12 00:54:04.903,4.9,50,1.849,0.0,0,0,test
normal,429,normal_429,2022-07-12 00:54:07.775,2022-07-12 00:54:11.575,3.8,39,2.872,0.0,0,0,train
normal,43,normal_43,2022-07-12 00:05:36.499,2022-07-12 00:05:40.699,4.2,43,2.592,0.0,0,0,train
normal,430,normal_430,2022-07-12 00:54:15.782,2022-07-12 00:54:18.482,2.7,28,4.207,0.0,0,0,train
normal,431,normal_431,2022-07-12 00:54:23.963,2022-07-12 00:54:26.363,2.4,25,5.481,0.0,0,0,train
normal,432,normal_432,2022-07-12 00:54:32.064,2022-07-12 00:54:33.064,1.0,11,5.701,0.0,0,0,val
normal,433,normal_433,2022-07-12 00:54:41.336,2022-07-12 00:54:46.236,4.9,50,8.272,0.0,0,0,test
normal,434,normal_434,2022-07-12 00:54:48.044,2022-07-12 00:54:52.844,4.8,49,1.808,0.0,0,0,train
normal,435,normal_435,2022-07-12 00:54:56.093,2022-07-12 00:54:59.493,3.4,35,3.249,0.0,0,0,val
normal,436,normal_436,2022-07-12 00:55:04.088,2022-07-12 00:55:06.188,2.1,22,4.595,0.0,0,0,val
normal,437,normal_437,2022-07-12 00:55:11.936,2022-07-12 00:55:12.836,0.9,10,5.748,0.0,0,0,train
normal,438,normal_438,2022-07-12 00:55:21.168,2022-07-12 00:55:26.068,4.9,50,8.332,0.0,0,0,train
normal,439,normal_439,2022-07-12 00:55:28.258,2022-07-12 00:55:33.058,4.8,49,2.19,0.0,0,0,train
normal,44,normal_44,2022-07-12 00:05:44.604,2022-07-12 00:05:47.404,2.8,29,3.905,0.0,0,0,train
normal,440,normal_440,2022-07-12 00:55:36.468,2022-07-12 00:55:39.768,3.3,34,3.41,0.0,0,0,train
normal,441,normal_441,2022-07-12 00:55:44.751,2022-07-12 00:55:46.351,1.6,17,4.983,0.0,0,0,train
normal,442,normal_442,2022-07-12 00:55:52.785,2022-07-12 00:55:53.085,0.3,4,6.434,0.0,0,0,train
normal,443,normal_443,2022-07-12 00:56:02.752,2022-07-12 00:56:07.652,4.9,50,9.667,0.0,0,0,train
normal,444,normal_444,2022-07-12 00:56:09.664,2022-07-12 00:56:14.564,4.9,50,2.012,0.0,0,0,train
normal,445,normal_445,2022-07-12 00:56:16.827,2022-07-12 00:56:21.127,4.3,44,2.263,0.0,0,0,train
normal,446,normal_446,2022-07-12 00:56:24.832,2022-07-12 00:56:27.832,3.0,31,3.705,0.0,0,0,train
normal,447,normal_447,2022-07-12 00:56:32.839,2022-07-12 00:56:34.839,2.0,21,5.007,0.0,0,0,val
normal,448,normal_448,2022-07-12 00:56:40.816,2022-07-12 00:56:41.416,0.6,7,5.977,0.0,0,0,val
normal,449,normal_449,2022-07-12 00:56:49.884,2022-07-12 00:56:54.784,4.9,50,8.468,0.0,0,0,train
normal,45,normal_45,2022-07-12 00:05:52.492,2022-07-12 00:05:54.092,1.6,17,5.088,0.0,0,0,train
normal,450,normal_450,2022-07-12 00:56:56.793,2022-07-12 00:57:01.493,4.7,48,2.009,0.0,0,0,train
normal,451,normal_451,2022-07-12 00:57:04.747,2022-07-12 00:57:08.347,3.6,37,3.254,0.0,0,0,train
normal,452,normal_452,2022-07-12 00:57:12.712,2022-07-12 00:57:15.012,2.3,24,4.365,0.0,0,0,val
normal,453,normal_453,2022-07-12 00:57:20.685,2022-07-12 00:57:21.685,1.0,11,5.673,0.0,0,0,train
normal,454,normal_454,2022-07-12 00:57:30.180,2022-07-12 00:57:35.080,4.9,50,8.495,0.0,0,0,train
normal,455,normal_455,2022-07-12 00:57:36.947,2022-07-12 00:57:41.847,4.9,50,1.867,0.0,0,0,test
normal,456,normal_456,2022-07-12 00:57:44.792,2022-07-12 00:57:48.592,3.8,39,2.945,0.0,0,0,train
normal,457,normal_457,2022-07-12 00:57:52.787,2022-07-12 00:57:55.387,2.6,27,4.195,0.0,0,0,test
normal,458,normal_458,2022-07-12 00:58:00.779,2022-07-12 00:58:02.479,1.7,18,5.392,0.0,0,0,train
normal,459,normal_459,2022-07-12 00:58:08.660,2022-07-12 00:58:09.060,0.4,5,6.181,0.0,0,0,val
normal,46,normal_46,2022-07-12 00:06:00.487,2022-07-12 00:06:00.887,0.4,5,6.395,0.0,0,0,train
normal,460,normal_460,2022-07-12 00:58:17.587,2022-07-12 00:58:22.487,4.9,50,8.527,0.0,0,0,val
normal,461,normal_461,2022-07-12 00:58:24.593,2022-07-12 00:58:29.293,4.7,48,2.106,0.0,0,0,train
normal,462,normal_462,2022-07-12 00:58:32.643,2022-07-12 00:58:35.943,3.3,34,3.35,0.0,0,0,train
normal,463,normal_463,2022-07-12 00:58:40.588,2022-07-12 00:58:43.888,3.3,34,4.645,0.0,0,0,train
normal,464,normal_464,2022-07-12 00:58:48.559,2022-07-12 00:58:50.459,1.9,20,4.671,0.0,0,0,val
normal,465,normal_465,2022-07-12 00:58:56.518,2022-07-12 00:58:57.218,0.7,8,6.059,0.0,0,0,test
normal,466,normal_466,2022-07-12 00:59:05.768,2022-07-12 00:59:10.668,4.9,50,8.55,0.0,0,0,val
normal,467,normal_467,2022-07-12 00:59:12.485,2022-07-12 00:59:17.285,4.8,49,1.817,0.0,0,0,train
normal,468,normal_468,2022-07-12 00:59:20.419,2022-07-12 00:59:23.919,3.5,36,3.134,0.0,0,0,test
normal,469,normal_469,2022-07-12 00:59:28.347,2022-07-12 00:59:31.947,3.6,37,4.428,0.0,0,0,train
normal,47,normal_47,2022-07-12 00:06:02.560,2022-07-12 00:06:07.460,4.9,50,1.673,0.0,0,0,val
normal,470,normal_470,2022-07-12 00:59:36.371,2022-07-12 00:59:38.671,2.3,24,4.424,0.0,0,0,train
normal,471,normal_471,2022-07-12 00:59:44.319,2022-07-12 00:59:45.319,1.0,11,5.648,0.0,0,0,train
normal,472,normal_472,2022-07-12 00:59:53.992,2022-07-12 00:59:58.892,4.9,50,8.673,1.0,1,0,EXCLUDED_IDLE
normal,473,normal_473,2022-07-12 01:00:00.660,2022-07-12 01:00:05.560,4.9,50,1.768,1.0,1,0,EXCLUDED_IDLE
normal,474,normal_474,2022-07-12 01:00:08.365,2022-07-12 01:00:12.165,3.8,39,2.805,1.0,1,0,EXCLUDED_IDLE
normal,475,normal_475,2022-07-12 01:00:16.392,2022-07-12 01:00:18.992,2.6,27,4.227,1.0,1,0,EXCLUDED_IDLE
normal,476,normal_476,2022-07-12 01:00:24.417,2022-07-12 01:00:25.717,1.3,14,5.425,1.0,1,0,EXCLUDED_IDLE
normal,477,normal_477,2022-07-12 01:00:34.124,2022-07-12 01:00:39.024,4.9,50,8.407,1.0,1,0,EXCLUDED_IDLE
normal,478,normal_478,2022-07-12 01:00:40.804,2022-07-12 01:00:45.704,4.9,50,1.78,1.0,1,0,EXCLUDED_IDLE
normal,479,normal_479,2022-07-12 01:00:50.060,2022-07-12 01:00:54.960,4.9,50,4.356,1.0,1,0,EXCLUDED_IDLE
normal,48,normal_48,2022-07-12 00:06:09.177,2022-07-12 00:06:14.077,4.9,50,1.717,0.0,0,0,train
normal,480,normal_480,2022-07-12 01:00:56.832,2022-07-12 01:01:01.732,4.9,50,1.872,1.0,1,0,EXCLUDED_IDLE
normal,481,normal_481,2022-07-12 01:01:04.524,2022-07-12 01:01:08.524,4.0,41,2.792,1.0,1,0,EXCLUDED_IDLE
normal,482,normal_482,2022-07-12 01:01:13.118,2022-07-12 01:01:18.018,4.9,50,4.594,1.0,1,0,EXCLUDED_IDLE
normal,483,normal_483,2022-07-12 01:01:20.296,2022-07-12 01:01:24.596,4.3,44,2.278,1.0,1,0,EXCLUDED_IDLE
normal,484,normal_484,2022-07-12 01:01:28.171,2022-07-12 01:01:32.471,4.3,44,3.575,1.0,1,0,EXCLUDED_IDLE
normal,485,normal_485,2022-07-12 01:01:36.160,2022-07-12 01:01:40.460,4.3,44,3.689,1.0,1,0,EXCLUDED_IDLE
normal,486,normal_486,2022-07-12 01:01:44.306,2022-07-12 01:01:48.506,4.2,43,3.846,1.0,1,0,EXCLUDED_IDLE
normal,487,normal_487,2022-07-12 01:01:52.260,2022-07-12 01:01:55.660,3.4,35,3.754,1.0,1,0,EXCLUDED_IDLE
normal,488,normal_488,2022-07-12 01:02:00.218,2022-07-12 01:02:02.418,2.2,23,4.558,1.0,1,0,EXCLUDED_IDLE
normal,489,normal_489,2022-07-12 01:02:08.325,2022-07-12 01:02:10.325,2.0,21,5.907,1.0,1,0,EXCLUDED_IDLE
normal,49,normal_49,2022-07-12 00:06:16.934,2022-07-12 00:06:20.834,3.9,40,2.857,0.0,0,0,train
normal,490,normal_490,2022-07-12 01:02:16.224,2022-07-12 01:02:16.924,0.7,8,5.899,1.0,1,0,EXCLUDED_IDLE
normal,491,normal_491,2022-07-12 01:02:33.380,2022-07-12 01:02:38.280,4.9,50,16.456,1.0,1,0,EXCLUDED_IDLE
normal,492,normal_492,2022-07-12 01:02:40.198,2022-07-12 01:02:45.098,4.9,50,1.918,1.0,1,0,EXCLUDED_IDLE
normal,493,normal_493,2022-07-12 01:02:48.171,2022-07-12 01:02:51.971,3.8,39,3.073,1.0,1,0,EXCLUDED_IDLE
normal,494,normal_494,2022-07-12 01:02:56.132,2022-07-12 01:02:58.732,2.6,27,4.161,1.0,1,0,EXCLUDED_IDLE
normal,495,normal_495,2022-07-12 01:03:04.194,2022-07-12 01:03:05.594,1.4,15,5.462,1.0,1,0,EXCLUDED_IDLE
normal,496,normal_496,2022-07-12 01:03:12.228,2022-07-12 01:03:13.428,1.2,13,6.634,1.0,1,0,EXCLUDED_IDLE
normal,497,normal_497,2022-07-12 01:03:22.041,2022-07-12 01:03:26.941,4.9,50,8.613,1.0,1,0,EXCLUDED_IDLE
normal,498,normal_498,2022-07-12 01:03:29.848,2022-07-12 01:03:34.748,4.9,50,2.907,1.0,1,0,EXCLUDED_IDLE
normal,499,normal_499,2022-07-12 01:03:36.502,2022-07-12 01:03:41.402,4.9,50,1.754,1.0,1,0,EXCLUDED_IDLE
normal,5,normal_5,2022-07-12 00:00:39.756,2022-07-12 00:00:44.656,4.9,50,2.104,0.0,0,0,val
normal,50,normal_50,2022-07-12 00:06:25.547,2022-07-12 00:06:27.647,2.1,22,4.713,0.0,0,0,train
normal,500,normal_500,2022-07-12 01:03:44.460,2022-07-12 01:03:48.060,3.6,37,3.058,1.0,1,0,EXCLUDED_IDLE
normal,501,normal_501,2022-07-12 01:03:52.400,2022-07-12 01:03:54.700,2.3,24,4.34,1.0,1,0,EXCLUDED_IDLE
normal,502,normal_502,2022-07-12 01:04:00.354,2022-07-12 01:04:01.354,1.0,11,5.654,1.0,1,0,EXCLUDED_IDLE
normal,503,normal_503,2022-07-12 01:04:08.260,2022-07-12 01:04:09.460,1.2,13,6.906,1.0,1,0,EXCLUDED_IDLE
normal,504,normal_504,2022-07-12 01:04:17.855,2022-07-12 01:04:22.755,4.9,50,8.395,1.0,1,0,EXCLUDED_IDLE
normal,505,normal_505,2022-07-12 01:04:24.809,2022-07-12 01:04:29.709,4.9,50,2.054,1.0,1,0,EXCLUDED_IDLE
normal,506,normal_506,2022-07-12 01:04:32.499,2022-07-12 01:04:36.199,3.7,38,2.79,1.0,1,0,EXCLUDED_IDLE
normal,507,normal_507,2022-07-12 01:04:40.439,2022-07-12 01:04:43.039,2.6,27,4.24,1.0,1,0,EXCLUDED_IDLE
normal,508,normal_508,2022-07-12 01:04:48.514,2022-07-12 01:04:49.714,1.2,13,5.475,1.0,1,0,EXCLUDED_IDLE
normal,509,normal_509,2022-07-12 01:04:58.256,2022-07-12 01:05:03.156,4.9,50,8.542,1.0,1,0,EXCLUDED_IDLE
normal,51,normal_51,2022-07-12 00:06:29.384,2022-07-12 00:06:34.284,4.9,50,1.737,0.0,0,0,val
normal,510,normal_510,2022-07-12 01:05:04.844,2022-07-12 01:05:09.744,4.9,50,1.688,1.0,1,0,EXCLUDED_IDLE
normal,511,normal_511,2022-07-12 01:05:12.740,2022-07-12 01:05:16.440,3.7,38,2.996,1.0,1,0,EXCLUDED_IDLE
normal,512,normal_512,2022-07-12 01:05:20.820,2022-07-12 01:05:23.320,2.5,26,4.38,1.0,1,0,EXCLUDED_IDLE
normal,513,normal_513,2022-07-12 01:05:28.740,2022-07-12 01:05:29.940,1.2,13,5.42,1.0,1,0,EXCLUDED_IDLE
normal,514,normal_514,2022-07-12 01:05:45.204,2022-07-12 01:05:50.104,4.9,50,15.264,1.0,1,0,EXCLUDED_IDLE
normal,515,normal_515,2022-07-12 01:05:53.230,2022-07-12 01:05:58.130,4.9,50,3.126,1.0,1,0,EXCLUDED_IDLE
normal,516,normal_516,2022-07-12 01:06:01.096,2022-07-12 01:06:04.996,3.9,40,2.966,1.0,1,0,EXCLUDED_IDLE
normal,517,normal_517,2022-07-12 01:06:09.221,2022-07-12 01:06:11.621,2.4,25,4.225,1.0,1,0,EXCLUDED_IDLE
normal,518,normal_518,2022-07-12 01:06:17.179,2022-07-12 01:06:18.379,1.2,13,5.558,1.0,1,0,EXCLUDED_IDLE
normal,519,normal_519,2022-07-12 01:06:26.758,2022-07-12 01:06:31.658,4.9,50,8.379,1.0,1,0,EXCLUDED_IDLE
normal,52,normal_52,2022-07-12 00:06:36.231,2022-07-12 00:06:41.131,4.9,50,1.947,0.0,0,0,test
normal,520,normal_520,2022-07-12 01:06:33.408,2022-07-12 01:06:38.308,4.9,50,1.75,1.0,1,0,EXCLUDED_IDLE
normal,521,normal_521,2022-07-12 01:06:41.133,2022-07-12 01:06:44.933,3.8,39,2.825,1.0,1,0,EXCLUDED_IDLE
normal,522,normal_522,2022-07-12 01:06:49.173,2022-07-12 01:06:51.573,2.4,25,4.24,1.0,1,0,EXCLUDED_IDLE
normal,523,normal_523,2022-07-12 01:06:57.151,2022-07-12 01:06:58.151,1.0,11,5.578,1.0,1,0,EXCLUDED_IDLE
normal,524,normal_524,2022-07-12 01:07:07.819,2022-07-12 01:07:12.719,4.9,50,9.668,1.0,1,0,EXCLUDED_IDLE
normal,525,normal_525,2022-07-12 01:07:14.504,2022-07-12 01:07:19.404,4.9,50,1.785,1.0,1,0,EXCLUDED_IDLE
normal,526,normal_526,2022-07-12 01:07:21.267,2022-07-12 01:07:26.067,4.8,49,1.863,1.0,1,0,EXCLUDED_IDLE
normal,527,normal_527,2022-07-12 01:07:29.260,2022-07-12 01:07:32.760,3.5,36,3.193,1.0,1,0,EXCLUDED_IDLE
normal,528,normal_528,2022-07-12 01:07:37.255,2022-07-12 01:07:39.655,2.4,25,4.495,1.0,1,0,EXCLUDED_IDLE
normal,529,normal_529,2022-07-12 01:07:45.179,2022-07-12 01:07:46.179,1.0,11,5.524,1.0,1,0,EXCLUDED_IDLE
normal,53,normal_53,2022-07-12 00:06:43.040,2022-07-12 00:06:47.940,4.9,50,1.909,0.0,0,0,train
normal,530,normal_530,2022-07-12 01:07:53.071,2022-07-12 01:07:53.071,0.0,1,6.892,1.0,1,0,EXCLUDED_IDLE
normal,531,normal_531,2022-07-12 01:07:54.616,2022-07-12 01:07:59.516,4.9,50,1.545,1.0,1,0,EXCLUDED_IDLE
normal,532,normal_532,2022-07-12 01:08:01.324,2022-07-12 01:08:06.224,4.9,50,1.808,1.0,1,0,EXCLUDED_IDLE
normal,533,normal_533,2022-07-12 01:08:09.198,2022-07-12 01:08:12.898,3.7,38,2.974,1.0,1,0,EXCLUDED_IDLE
normal,534,normal_534,2022-07-12 01:08:17.218,2022-07-12 01:08:19.618,2.4,25,4.32,1.0,1,0,EXCLUDED_IDLE
normal,535,normal_535,2022-07-12 01:08:25.251,2022-07-12 01:08:26.151,0.9,10,5.633,1.0,1,0,EXCLUDED_IDLE
normal,536,normal_536,2022-07-12 01:08:34.704,2022-07-12 01:08:39.604,4.9,50,8.553,1.0,1,0,EXCLUDED_IDLE
normal,537,normal_537,2022-07-12 01:08:41.601,2022-07-12 01:08:46.501,4.9,50,1.997,1.0,1,0,EXCLUDED_IDLE
normal,538,normal_538,2022-07-12 01:08:49.676,2022-07-12 01:08:53.076,3.4,35,3.175,1.0,1,0,EXCLUDED_IDLE
normal,539,normal_539,2022-07-12 01:08:57.709,2022-07-12 01:08:59.909,2.2,23,4.633,1.0,1,0,EXCLUDED_IDLE
normal,54,normal_54,2022-07-12 00:06:49.646,2022-07-12 00:06:54.546,4.9,50,1.706,0.0,0,0,test
normal,540,normal_540,2022-07-12 01:09:05.688,2022-07-12 01:09:06.588,0.9,10,5.779,1.0,1,0,EXCLUDED_IDLE
normal,541,normal_541,2022-07-12 01:09:13.905,2022-07-12 01:09:14.605,0.7,8,7.317,1.0,1,0,EXCLUDED_IDLE
normal,542,normal_542,2022-07-12 01:09:23.128,2022-07-12 01:09:28.028,4.9,50,8.523,1.0,1,0,EXCLUDED_IDLE
normal,543,normal_543,2022-07-12 01:09:29.681,2022-07-12 01:09:34.581,4.9,50,1.653,1.0,1,0,EXCLUDED_IDLE
normal,544,normal_544,2022-07-12 01:09:37.774,2022-07-12 01:09:41.274,3.5,36,3.193,1.0,1,0,EXCLUDED_IDLE
normal,545,normal_545,2022-07-12 01:09:45.835,2022-07-12 01:09:47.935,2.1,22,4.561,1.0,1,0,EXCLUDED_IDLE
normal,546,normal_546,2022-07-12 01:09:53.876,2022-07-12 01:09:54.476,0.6,7,5.941,1.0,1,0,EXCLUDED_IDLE
normal,547,normal_547,2022-07-12 01:10:01.958,2022-07-12 01:10:02.658,0.7,8,7.482,1.0,1,0,EXCLUDED_IDLE
normal,548,normal_548,2022-07-12 01:10:11.168,2022-07-12 01:10:16.068,4.9,50,8.51,1.0,1,0,EXCLUDED_IDLE
normal,549,normal_549,2022-07-12 01:10:18.055,2022-07-12 01:10:22.855,4.8,49,1.987,1.0,1,0,EXCLUDED_IDLE
normal,55,normal_55,2022-07-12 00:06:57.798,2022-07-12 00:07:02.698,4.9,50,3.252,0.0,0,0,train
normal,550,normal_550,2022-07-12 01:10:26.247,2022-07-12 01:10:30.747,4.5,46,3.392,1.0,1,0,EXCLUDED_IDLE
normal,551,normal_551,2022-07-12 01:10:34.272,2022-07-12 01:10:38.672,4.4,45,3.525,1.0,1,0,EXCLUDED_IDLE
normal,552,normal_552,2022-07-12 01:10:42.242,2022-07-12 01:10:45.242,3.0,31,3.57,1.0,1,0,EXCLUDED_IDLE
normal,553,normal_553,2022-07-12 01:10:50.426,2022-07-12 01:10:52.026,1.6,17,5.184,1.0,1,0,EXCLUDED_IDLE
normal,554,normal_554,2022-07-12 01:10:58.467,2022-07-12 01:10:58.667,0.2,3,6.441,1.0,1,0,EXCLUDED_IDLE
normal,555,normal_555,2022-07-12 01:11:00.537,2022-07-12 01:11:05.437,4.9,50,1.87,1.0,1,0,EXCLUDED_IDLE
normal,556,normal_556,2022-07-12 01:11:07.348,2022-07-12 01:11:12.248,4.9,50,1.911,1.0,1,0,EXCLUDED_IDLE
normal,557,normal_557,2022-07-12 01:11:14.704,2022-07-12 01:11:19.104,4.4,45,2.456,1.0,1,0,EXCLUDED_IDLE
normal,558,normal_558,2022-07-12 01:11:22.827,2022-07-12 01:11:25.727,2.9,30,3.723,1.0,1,0,EXCLUDED_IDLE
normal,559,normal_559,2022-07-12 01:11:30.788,2022-07-12 01:11:32.588,1.8,19,5.061,1.0,1,0,EXCLUDED_IDLE
normal,56,normal_56,2022-07-12 00:07:04.844,2022-07-12 00:07:09.744,4.9,50,2.146,0.0,0,0,train
normal,560,normal_560,2022-07-12 01:11:38.853,2022-07-12 01:11:39.253,0.4,5,6.265,0.0,0,0,train
normal,561,normal_561,2022-07-12 01:11:47.790,2022-07-12 01:11:52.690,4.9,50,8.537,0.0,0,0,val
normal,562,normal_562,2022-07-12 01:11:55.696,2022-07-12 01:12:00.596,4.9,50,3.006,0.0,0,0,val
normal,563,normal_563,2022-07-12 01:12:03.184,2022-07-12 01:12:07.484,4.3,44,2.588,0.0,0,0,train
normal,564,normal_564,2022-07-12 01:12:11.247,2022-07-12 01:12:14.147,2.9,30,3.763,0.0,0,0,train
normal,565,normal_565,2022-07-12 01:12:19.195,2022-07-12 01:12:20.895,1.7,18,5.048,0.0,0,0,train
normal,566,normal_566,2022-07-12 01:12:27.208,2022-07-12 01:12:27.508,0.3,4,6.313,0.0,0,0,test
normal,567,normal_567,2022-07-12 01:12:29.385,2022-07-12 01:12:34.285,4.9,50,1.877,0.0,0,0,test
normal,568,normal_568,2022-07-12 01:12:36.055,2022-07-12 01:12:40.955,4.9,50,1.77,0.0,0,0,val
normal,569,normal_569,2022-07-12 01:12:43.312,2022-07-12 01:12:47.612,4.3,44,2.357,0.0,0,0,train
normal,57,normal_57,2022-07-12 00:07:12.647,2022-07-12 00:07:17.547,4.9,50,2.903,0.0,0,0,train
normal,570,normal_570,2022-07-12 01:12:51.468,2022-07-12 01:12:55.568,4.1,42,3.856,0.0,0,0,val
normal,571,normal_571,2022-07-12 01:12:59.519,2022-07-12 01:13:02.419,2.9,30,3.951,0.0,0,0,test
normal,572,normal_572,2022-07-12 01:13:07.457,2022-07-12 01:13:09.357,1.9,20,5.038,0.0,0,0,train
normal,573,normal_573,2022-07-12 01:13:15.417,2022-07-12 01:13:16.117,0.7,8,6.06,0.0,0,0,val
normal,574,normal_574,2022-07-12 01:13:24.740,2022-07-12 01:13:29.640,4.9,50,8.623,0.0,0,0,test
normal,575,normal_575,2022-07-12 01:13:32.840,2022-07-12 01:13:37.740,4.9,50,3.2,0.0,0,0,val
normal,576,normal_576,2022-07-12 01:13:39.456,2022-07-12 01:13:44.256,4.8,49,1.716,0.0,0,0,train
normal,577,normal_577,2022-07-12 01:13:47.379,2022-07-12 01:13:50.779,3.4,35,3.123,0.0,0,0,train
normal,578,normal_578,2022-07-12 01:13:55.330,2022-07-12 01:13:58.730,3.4,35,4.551,0.0,0,0,train
normal,579,normal_579,2022-07-12 01:14:03.369,2022-07-12 01:14:05.669,2.3,24,4.639,0.0,0,0,train
normal,58,normal_58,2022-07-12 00:07:19.348,2022-07-12 00:07:24.248,4.9,50,1.801,0.0,0,0,train
normal,580,normal_580,2022-07-12 01:14:11.239,2022-07-12 01:14:12.139,0.9,10,5.57,0.0,0,0,train
normal,581,normal_581,2022-07-12 01:14:28.769,2022-07-12 01:14:33.669,4.9,50,16.63,0.0,0,0,train
normal,582,normal_582,2022-07-12 01:14:35.252,2022-07-12 01:14:40.152,4.9,50,1.583,0.0,0,0,test
normal,583,normal_583,2022-07-12 01:14:43.335,2022-07-12 01:14:46.935,3.6,37,3.183,0.0,0,0,test
normal,584,normal_584,2022-07-12 01:14:51.439,2022-07-12 01:14:53.839,2.4,25,4.504,0.0,0,0,test
normal,585,normal_585,2022-07-12 01:14:59.376,2022-07-12 01:15:00.376,1.0,11,5.537,0.0,0,0,val
normal,586,normal_586,2022-07-12 01:15:17.019,2022-07-12 01:15:21.919,4.9,50,16.643,0.0,0,0,train
normal,587,normal_587,2022-07-12 01:15:23.633,2022-07-12 01:15:28.533,4.9,50,1.714,0.0,0,0,train
normal,588,normal_588,2022-07-12 01:15:31.236,2022-07-12 01:15:35.336,4.1,42,2.703,0.0,0,0,train
normal,589,normal_589,2022-07-12 01:15:39.216,2022-07-12 01:15:42.016,2.8,29,3.88,0.0,0,0,train
normal,59,normal_59,2022-07-12 00:07:25.971,2022-07-12 00:07:30.871,4.9,50,1.723,0.0,0,0,train
normal,590,normal_590,2022-07-12 01:15:47.224,2022-07-12 01:15:48.924,1.7,18,5.208,0.0,0,0,test
normal,591,normal_591,2022-07-12 01:15:55.225,2022-07-12 01:15:55.725,0.5,6,6.301,0.0,0,0,train
normal,592,normal_592,2022-07-12 01:16:04.244,2022-07-12 01:16:09.144,4.9,50,8.519,0.0,0,0,test
normal,593,normal_593,2022-07-12 01:16:11.294,2022-07-12 01:16:15.794,4.5,46,2.15,0.0,0,0,test
normal,594,normal_594,2022-07-12 01:16:19.392,2022-07-12 01:16:22.792,3.4,35,3.598,0.0,0,0,train
normal,595,normal_595,2022-07-12 01:16:27.377,2022-07-12 01:16:29.477,2.1,22,4.585,0.0,0,0,train
normal,596,normal_596,2022-07-12 01:16:35.392,2022-07-12 01:16:36.092,0.7,8,5.915,0.0,0,0,train
normal,597,normal_597,2022-07-12 01:16:44.524,2022-07-12 01:16:49.424,4.9,50,8.432,0.0,0,0,val
normal,598,normal_598,2022-07-12 01:16:51.528,2022-07-12 01:16:55.828,4.3,44,2.104,0.0,0,0,train
normal,6,normal_6,2022-07-12 00:00:47.676,2022-07-12 00:00:52.576,4.9,50,3.02,0.0,0,0,test
normal,60,normal_60,2022-07-12 00:07:32.847,2022-07-12 00:07:37.747,4.9,50,1.976,0.0,0,0,train
normal,61,normal_61,2022-07-12 00:07:39.560,2022-07-12 00:07:44.460,4.9,50,1.813,0.0,0,0,val
normal,62,normal_62,2022-07-12 00:07:46.324,2022-07-12 00:07:51.224,4.9,50,1.864,0.0,0,0,train
normal,63,normal_63,2022-07-12 00:07:52.879,2022-07-12 00:07:57.779,4.9,50,1.655,0.0,0,0,test
normal,64,normal_64,2022-07-12 00:07:59.767,2022-07-12 00:08:04.667,4.9,50,1.988,0.0,0,0,train
normal,65,normal_65,2022-07-12 00:08:06.337,2022-07-12 00:08:11.237,4.9,50,1.67,0.0,0,0,val
normal,66,normal_66,2022-07-12 00:08:13.092,2022-07-12 00:08:17.992,4.9,50,1.855,0.0,0,0,val
normal,67,normal_67,2022-07-12 00:08:26.424,2022-07-12 00:08:31.324,4.9,50,8.432,0.0,0,0,train
normal,68,normal_68,2022-07-12 00:08:33.206,2022-07-12 00:08:38.106,4.9,50,1.882,0.0,0,0,val
normal,69,normal_69,2022-07-12 00:08:39.956,2022-07-12 00:08:44.856,4.9,50,1.85,0.0,0,0,train
normal,7,normal_7,2022-07-12 00:00:55.468,2022-07-12 00:00:59.468,4.0,41,2.892,0.0,0,0,test
normal,70,normal_70,2022-07-12 00:08:46.662,2022-07-12 00:08:51.562,4.9,50,1.806,0.0,0,0,train
normal,71,normal_71,2022-07-12 00:08:53.480,2022-07-12 00:08:58.380,4.9,50,1.918,0.0,0,0,train
normal,72,normal_72,2022-07-12 00:09:00.084,2022-07-12 00:09:04.984,4.9,50,1.704,0.0,0,0,val
normal,73,normal_73,2022-07-12 00:09:06.833,2022-07-12 00:09:11.733,4.9,50,1.849,0.0,0,0,train
normal,74,normal_74,2022-07-12 00:09:13.436,2022-07-12 00:09:18.336,4.9,50,1.703,0.0,0,0,train
normal,75,normal_75,2022-07-12 00:09:20.084,2022-07-12 00:09:24.984,4.9,50,1.748,0.0,0,0,train
normal,76,normal_76,2022-07-12 00:09:28.152,2022-07-12 00:09:33.052,4.9,50,3.168,0.0,0,0,test
normal,77,normal_77,2022-07-12 00:09:38.862,2022-07-12 00:09:39.962,1.1,12,5.81,0.0,0,0,train
normal,78,normal_78,2022-07-12 00:09:41.691,2022-07-12 00:09:46.591,4.9,50,1.729,0.0,0,0,train
normal,79,normal_79,2022-07-12 00:09:48.366,2022-07-12 00:09:53.266,4.9,50,1.775,0.0,0,0,train
normal,8,normal_8,2022-07-12 00:01:03.576,2022-07-12 00:01:06.076,2.5,26,4.108,0.0,0,0,train
normal,80,normal_80,2022-07-12 00:09:55.827,2022-07-12 00:09:59.927,4.1,42,2.561,0.0,0,0,train
normal,81,normal_81,2022-07-12 00:10:03.867,2022-07-12 00:10:06.867,3.0,31,3.94,0.0,0,0,test
normal,82,normal_82,2022-07-12 00:10:11.896,2022-07-12 00:10:13.396,1.5,16,5.029,0.0,0,0,val
normal,83,normal_83,2022-07-12 00:10:19.799,2022-07-12 00:10:20.199,0.4,5,6.403,0.0,0,0,test
normal,84,normal_84,2022-07-12 00:10:28.656,2022-07-12 00:10:33.556,4.9,50,8.457,0.0,0,0,train
normal,85,normal_85,2022-07-12 00:10:35.872,2022-07-12 00:10:40.372,4.5,46,2.316,0.0,0,0,train
normal,86,normal_86,2022-07-12 00:10:43.851,2022-07-12 00:10:47.051,3.2,33,3.479,0.0,0,0,train
normal,87,normal_87,2022-07-12 00:10:51.896,2022-07-12 00:10:54.096,2.2,23,4.845,0.0,0,0,train
normal,88,normal_88,2022-07-12 00:10:59.756,2022-07-12 00:11:00.856,1.1,12,5.66,0.0,0,0,train
normal,89,normal_89,2022-07-12 00:11:09.294,2022-07-12 00:11:14.194,4.9,50,8.438,0.0,0,0,train
normal,9,normal_9,2022-07-12 00:01:11.621,2022-07-12 00:01:12.821,1.2,13,5.545,0.0,0,0,train
normal,90,normal_90,2022-07-12 00:11:16.040,2022-07-12 00:11:20.840,4.8,49,1.846,0.0,0,0,train
normal,91,normal_91,2022-07-12 00:11:24.056,2022-07-12 00:11:27.556,3.5,36,3.216,0.0,0,0,test
normal,92,normal_92,2022-07-12 00:11:32.266,2022-07-12 00:11:34.466,2.2,23,4.71,0.0,0,0,val
normal,93,normal_93,2022-07-12 00:11:40.267,2022-07-12 00:11:40.967,0.7,8,5.801,0.0,0,0,train
normal,94,normal_94,2022-07-12 00:11:49.526,2022-07-12 00:11:54.426,4.9,50,8.559,0.0,0,0,train
normal,95,normal_95,2022-07-12 00:11:56.244,2022-07-12 00:12:01.144,4.9,50,1.818,0.0,0,0,train
normal,96,normal_96,2022-07-12 00:12:04.143,2022-07-12 00:12:07.843,3.7,38,2.999,0.0,0,0,train
normal,97,normal_97,2022-07-12 00:12:12.164,2022-07-12 00:12:14.564,2.4,25,4.321,0.0,0,0,val
normal,98,normal_98,2022-07-12 00:12:20.177,2022-07-12 00:12:22.477,2.3,24,5.613,0.0,0,0,train
normal,99,normal_99,2022-07-12 00:12:28.175,2022-07-12 00:12:29.275,1.1,12,5.698,0.0,0,0,train
