gap_start_time,gap_end_time,time_diff_sec
2022-07-12 01:15:00.376,2022-07-12 01:15:17.019,16.643
2022-07-12 01:14:12.139,2022-07-12 01:14:28.769,16.63
2022-07-12 00:49:59.330,2022-07-12 00:50:15.827,16.497
2022-07-12 01:02:16.924,2022-07-12 01:02:33.380,16.456
2022-07-12 00:03:29.282,2022-07-12 00:03:44.676,15.394
2022-07-12 01:05:29.940,2022-07-12 01:05:45.204,15.264
2022-07-12 00:47:49.980,2022-07-12 00:47:59.731,9.751
2022-07-12 00:52:23.255,2022-07-12 00:52:32.972,9.717
2022-07-12 01:06:58.151,2022-07-12 01:07:07.819,9.668
2022-07-12 00:55:53.085,2022-07-12 00:56:02.752,9.667
2022-07-12 00:12:29.275,2022-07-12 00:12:38.192,8.917
2022-07-12 00:21:16.962,2022-07-12 00:21:25.804,8.842
2022-07-12 00:51:28.016,2022-07-12 00:51:36.856,8.84
2022-07-12 00:14:04.804,2022-07-12 00:14:13.584,8.78
2022-07-12 00:16:20.594,2022-07-12 00:16:29.364,8.77
2022-07-12 00:19:00.668,2022-07-12 00:19:09.428,8.76
2022-07-12 00:49:18.634,2022-07-12 00:49:27.367,8.733
2022-07-12 00:19:49.138,2022-07-12 00:19:57.844,8.706
2022-07-12 00:13:24.636,2022-07-12 00:13:33.336,8.7
2022-07-12 00:27:18.317,2022-07-12 00:27:27.011,8.694
2022-07-12 00:39:02.216,2022-07-12 00:39:10.908,8.692
2022-07-12 00:59:45.319,2022-07-12 00:59:53.992,8.673
2022-07-12 00:24:14.020,2022-07-12 00:24:22.654,8.634
2022-07-12 00:20:36.504,2022-07-12 00:20:45.131,8.627
2022-07-12 01:13:16.117,2022-07-12 01:13:24.740,8.623
2022-07-12 00:45:42.272,2022-07-12 00:45:50.892,8.62
2022-07-12 01:03:13.428,2022-07-12 01:03:22.041,8.613
2022-07-12 00:27:58.707,2022-07-12 00:28:07.313,8.606
2022-07-12 00:33:26.251,2022-07-12 00:33:34.840,8.589
2022-07-12 00:41:57.570,2022-07-12 00:42:06.134,8.564
2022-07-12 00:11:40.967,2022-07-12 00:11:49.526,8.559
2022-07-12 01:08:26.151,2022-07-12 01:08:34.704,8.553
2022-07-12 00:58:57.218,2022-07-12 00:59:05.768,8.55
2022-07-12 01:04:49.714,2022-07-12 01:04:58.256,8.542
2022-07-12 01:11:39.253,2022-07-12 01:11:47.790,8.537
2022-07-12 00:30:54.410,2022-07-12 00:31:02.945,8.535
2022-07-12 00:00:24.224,2022-07-12 00:00:32.752,8.528
2022-07-12 00:58:09.060,2022-07-12 00:58:17.587,8.527
2022-07-12 01:09:14.605,2022-07-12 01:09:23.128,8.523
2022-07-12 01:15:55.725,2022-07-12 01:16:04.244,8.519
2022-07-12 01:10:02.658,2022-07-12 01:10:11.168,8.51
2022-07-12 00:53:44.747,2022-07-12 00:53:53.254,8.507
2022-07-12 00:53:04.551,2022-07-12 00:53:13.056,8.505
2022-07-12 00:25:01.653,2022-07-12 00:25:10.148,8.495
2022-07-12 00:57:21.685,2022-07-12 00:57:30.180,8.495
2022-07-12 00:44:53.874,2022-07-12 00:45:02.356,8.482
2022-07-12 00:31:42.722,2022-07-12 00:31:51.200,8.478
2022-07-12 00:56:41.416,2022-07-12 00:56:49.884,8.468
2022-07-12 00:02:48.868,2022-07-12 00:02:57.334,8.466
2022-07-12 00:38:14.039,2022-07-12 00:38:22.496,8.457
2022-07-12 00:10:20.199,2022-07-12 00:10:28.656,8.457
2022-07-12 00:28:45.584,2022-07-12 00:28:54.024,8.44
2022-07-12 00:11:00.856,2022-07-12 00:11:09.294,8.438
2022-07-12 01:16:36.092,2022-07-12 01:16:44.524,8.432
2022-07-12 00:08:17.992,2022-07-12 00:08:26.424,8.432
2022-07-12 00:50:47.996,2022-07-12 00:50:56.424,8.428
2022-07-12 00:23:33.847,2022-07-12 00:23:42.270,8.423
2022-07-12 00:35:25.792,2022-07-12 00:35:34.214,8.422
2022-07-12 00:17:01.125,2022-07-12 00:17:09.540,8.415
2022-07-12 01:00:25.717,2022-07-12 01:00:34.124,8.407
2022-07-12 00:01:12.821,2022-07-12 00:01:21.222,8.401
2022-07-12 01:04:09.460,2022-07-12 01:04:17.855,8.395
2022-07-12 00:25:41.744,2022-07-12 00:25:50.128,8.384
2022-07-12 01:06:18.379,2022-07-12 01:06:26.758,8.379
2022-07-12 00:37:33.970,2022-07-12 00:37:42.318,8.348
2022-07-12 00:32:30.266,2022-07-12 00:32:38.608,8.342
2022-07-12 00:01:52.955,2022-07-12 00:02:01.294,8.339
2022-07-12 00:55:12.836,2022-07-12 00:55:21.168,8.332
2022-07-12 00:22:45.620,2022-07-12 00:22:53.936,8.316
2022-07-12 00:54:33.064,2022-07-12 00:54:41.336,8.272
2022-07-12 00:17:56.613,2022-07-12 00:18:04.588,7.975
2022-07-12 00:18:52.712,2022-07-12 00:19:00.468,7.756
2022-07-12 00:40:29.445,2022-07-12 00:40:37.167,7.722
2022-07-12 01:09:54.476,2022-07-12 01:10:01.958,7.482
2022-07-12 01:09:06.588,2022-07-12 01:09:13.905,7.317
2022-07-12 00:33:18.156,2022-07-12 00:33:25.451,7.295
2022-07-12 00:35:17.836,2022-07-12 00:35:25.092,7.256
2022-07-12 00:27:10.488,2022-07-12 00:27:17.417,6.929
2022-07-12 01:04:01.354,2022-07-12 01:04:08.260,6.906
2022-07-12 01:07:46.179,2022-07-12 01:07:53.071,6.892
2022-07-12 00:26:22.191,2022-07-12 00:26:29.067,6.876
2022-07-12 00:52:16.419,2022-07-12 00:52:23.255,6.836
2022-07-12 00:05:13.666,2022-07-12 00:05:20.498,6.832
2022-07-12 00:05:05.736,2022-07-12 00:05:12.566,6.83
2022-07-12 00:17:49.687,2022-07-12 00:17:56.513,6.826
2022-07-12 00:47:43.164,2022-07-12 00:47:49.980,6.816
2022-07-12 00:41:50.771,2022-07-12 00:41:57.470,6.699
2022-07-12 00:20:29.717,2022-07-12 00:20:36.404,6.687
2022-07-12 00:46:22.824,2022-07-12 00:46:29.508,6.684
2022-07-12 00:30:07.336,2022-07-12 00:30:14.004,6.668
2022-07-12 00:21:58.562,2022-07-12 00:22:05.224,6.662
2022-07-12 01:03:05.594,2022-07-12 01:03:12.228,6.634
2022-07-12 00:52:08.511,2022-07-12 00:52:15.119,6.608
2022-07-12 00:32:23.164,2022-07-12 00:32:29.766,6.602
2022-07-12 00:49:12.037,2022-07-12 00:49:18.634,6.597
2022-07-12 00:04:17.424,2022-07-12 00:04:23.985,6.561
2022-07-12 00:40:22.700,2022-07-12 00:40:29.245,6.545
2022-07-12 00:18:45.970,2022-07-12 00:18:52.512,6.542
2022-07-12 00:28:38.946,2022-07-12 00:28:45.484,6.538
2022-07-12 00:36:46.608,2022-07-12 00:36:53.119,6.511
2022-07-12 00:43:26.597,2022-07-12 00:43:33.096,6.499
2022-07-12 00:34:06.779,2022-07-12 00:34:13.260,6.481
2022-07-12 00:29:27.207,2022-07-12 00:29:33.664,6.457
2022-07-12 01:10:52.026,2022-07-12 01:10:58.467,6.441
2022-07-12 00:14:53.221,2022-07-12 00:14:59.657,6.436
2022-07-12 00:55:46.351,2022-07-12 00:55:52.785,6.434
2022-07-12 00:39:42.884,2022-07-12 00:39:49.306,6.422
2022-07-12 00:10:13.396,2022-07-12 00:10:19.799,6.403
2022-07-12 00:05:54.092,2022-07-12 00:06:00.487,6.395
2022-07-12 00:48:31.656,2022-07-12 00:48:38.047,6.391
2022-07-12 00:30:47.532,2022-07-12 00:30:53.910,6.378
2022-07-12 00:24:54.836,2022-07-12 00:25:01.153,6.317
2022-07-12 01:12:20.895,2022-07-12 01:12:27.208,6.313
2022-07-12 00:44:06.995,2022-07-12 00:44:13.300,6.305
2022-07-12 01:15:48.924,2022-07-12 01:15:55.225,6.301
2022-07-12 00:19:42.368,2022-07-12 00:19:48.638,6.27
2022-07-12 01:11:32.588,2022-07-12 01:11:38.853,6.265
2022-07-12 00:15:33.442,2022-07-12 00:15:39.684,6.242
2022-07-12 00:33:03.394,2022-07-12 00:33:09.576,6.182
2022-07-12 00:58:02.479,2022-07-12 00:58:08.660,6.181
2022-07-12 00:21:10.208,2022-07-12 00:21:16.362,6.154
2022-07-12 00:42:39.191,2022-07-12 00:42:45.343,6.152
2022-07-12 00:16:13.855,2022-07-12 00:16:19.994,6.139
2022-07-12 00:41:10.981,2022-07-12 00:41:17.117,6.136
2022-07-12 00:45:35.352,2022-07-12 00:45:41.472,6.12
2022-07-12 00:38:07.147,2022-07-12 00:38:13.239,6.092
2022-07-12 00:44:47.186,2022-07-12 00:44:53.274,6.088
2022-07-12 01:13:09.357,2022-07-12 01:13:15.417,6.06
2022-07-12 00:58:50.459,2022-07-12 00:58:56.518,6.059
2022-07-12 00:22:38.972,2022-07-12 00:22:45.020,6.048
2022-07-12 00:49:52.687,2022-07-12 00:49:58.730,6.043
2022-07-12 00:37:27.256,2022-07-12 00:37:33.270,6.014
2022-07-12 00:50:40.906,2022-07-12 00:50:46.896,5.99
2022-07-12 00:35:11.147,2022-07-12 00:35:17.136,5.989
2022-07-12 00:56:34.839,2022-07-12 00:56:40.816,5.977
2022-07-12 01:09:47.935,2022-07-12 01:09:53.876,5.941
2022-07-12 01:16:29.477,2022-07-12 01:16:35.392,5.915
2022-07-12 00:47:03.644,2022-07-12 00:47:09.558,5.914
2022-07-12 01:02:02.418,2022-07-12 01:02:08.325,5.907
2022-07-12 00:25:35.144,2022-07-12 00:25:41.044,5.9
2022-07-12 01:02:10.325,2022-07-12 01:02:16.224,5.899
2022-07-12 00:33:11.576,2022-07-12 00:33:17.456,5.88
2022-07-12 00:16:54.451,2022-07-12 00:17:00.325,5.874
2022-07-12 00:35:59.396,2022-07-12 00:36:05.268,5.872
2022-07-12 00:02:34.136,2022-07-12 00:02:40.000,5.864
2022-07-12 00:13:17.973,2022-07-12 00:13:23.836,5.863
2022-07-12 00:43:19.444,2022-07-12 00:43:25.297,5.853
2022-07-12 00:52:57.816,2022-07-12 00:53:03.651,5.835
2022-07-12 00:31:36.101,2022-07-12 00:31:41.922,5.821
2022-07-12 00:09:33.052,2022-07-12 00:09:38.862,5.81
2022-07-12 00:23:27.244,2022-07-12 00:23:33.047,5.803
2022-07-12 00:11:34.466,2022-07-12 00:11:40.267,5.801
2022-07-12 00:17:42.704,2022-07-12 00:17:48.487,5.783
2022-07-12 00:26:15.308,2022-07-12 00:26:21.091,5.783
2022-07-12 01:08:59.909,2022-07-12 01:09:05.688,5.779
2022-07-12 00:02:42.100,2022-07-12 00:02:47.868,5.768
2022-07-12 00:27:03.623,2022-07-12 00:27:09.388,5.765
2022-07-12 00:38:55.656,2022-07-12 00:39:01.416,5.76
2022-07-12 00:00:17.567,2022-07-12 00:00:23.324,5.757
2022-07-12 00:55:06.188,2022-07-12 00:55:11.936,5.748
2022-07-12 00:13:58.176,2022-07-12 00:14:03.904,5.728
2022-07-12 00:54:26.363,2022-07-12 00:54:32.064,5.701
2022-07-12 00:12:22.477,2022-07-12 00:12:28.175,5.698
2022-07-12 00:04:58.941,2022-07-12 00:05:04.636,5.695
2022-07-12 00:36:39.728,2022-07-12 00:36:45.408,5.68
2022-07-12 00:57:15.012,2022-07-12 00:57:20.685,5.673
2022-07-12 00:10:54.096,2022-07-12 00:10:59.756,5.66
2022-07-12 01:03:54.700,2022-07-12 01:04:00.354,5.654
2022-07-12 00:59:38.671,2022-07-12 00:59:44.319,5.648
2022-07-12 01:08:19.618,2022-07-12 01:08:25.251,5.633
2022-07-12 00:49:05.114,2022-07-12 00:49:10.737,5.623
2022-07-12 00:12:14.564,2022-07-12 00:12:20.177,5.613
2022-07-12 00:27:51.807,2022-07-12 00:27:57.407,5.6
2022-07-12 01:06:51.573,2022-07-12 01:06:57.151,5.578
2022-07-12 01:14:05.669,2022-07-12 01:14:11.239,5.57
2022-07-12 01:06:11.621,2022-07-12 01:06:17.179,5.558
2022-07-12 00:01:06.076,2022-07-12 00:01:11.621,5.545
2022-07-12 00:53:38.208,2022-07-12 00:53:43.747,5.539
2022-07-12 01:14:53.839,2022-07-12 01:14:59.376,5.537
2022-07-12 01:07:39.655,2022-07-12 01:07:45.179,5.524
2022-07-12 00:39:35.771,2022-07-12 00:39:41.284,5.513
2022-07-12 00:01:46.157,2022-07-12 00:01:51.655,5.498
2022-07-12 00:33:59.898,2022-07-12 00:34:05.379,5.481
2022-07-12 00:54:18.482,2022-07-12 00:54:23.963,5.481
2022-07-12 00:20:23.037,2022-07-12 00:20:28.517,5.48
2022-07-12 00:24:07.440,2022-07-12 00:24:12.920,5.48
2022-07-12 01:04:43.039,2022-07-12 01:04:48.514,5.475
2022-07-12 00:51:21.348,2022-07-12 00:51:26.816,5.468
2022-07-12 00:03:22.715,2022-07-12 00:03:28.182,5.467
2022-07-12 01:02:58.732,2022-07-12 01:03:04.194,5.462
2022-07-12 01:00:18.992,2022-07-12 01:00:24.417,5.425
2022-07-12 01:05:23.320,2022-07-12 01:05:28.740,5.42
2022-07-12 00:04:10.813,2022-07-12 00:04:16.224,5.411
2022-07-12 00:57:55.387,2022-07-12 00:58:00.779,5.392
2022-07-12 00:30:00.544,2022-07-12 00:30:05.936,5.392
2022-07-12 00:32:16.576,2022-07-12 00:32:21.964,5.388
2022-07-12 00:47:36.587,2022-07-12 00:47:41.964,5.377
2022-07-12 00:18:39.200,2022-07-12 00:18:44.570,5.37
2022-07-12 00:46:16.085,2022-07-12 00:46:21.424,5.339
2022-07-12 00:21:51.928,2022-07-12 00:21:57.262,5.334
2022-07-12 00:21:44.100,2022-07-12 00:21:49.428,5.328
2022-07-12 00:18:31.372,2022-07-12 00:18:36.700,5.328
2022-07-12 00:43:59.968,2022-07-12 00:44:05.295,5.327
2022-07-12 00:14:38.536,2022-07-12 00:14:43.837,5.301
2022-07-12 00:41:44.192,2022-07-12 00:41:49.471,5.279
2022-07-12 00:15:26.469,2022-07-12 00:15:31.742,5.273
2022-07-12 00:24:47.875,2022-07-12 00:24:53.136,5.261
2022-07-12 00:28:32.332,2022-07-12 00:28:37.546,5.214
2022-07-12 00:52:01.901,2022-07-12 00:52:07.111,5.21
2022-07-12 01:15:42.016,2022-07-12 01:15:47.224,5.208
2022-07-12 00:48:24.850,2022-07-12 00:48:30.056,5.206
2022-07-12 00:30:40.843,2022-07-12 00:30:46.032,5.189
2022-07-12 00:14:46.437,2022-07-12 00:14:51.621,5.184
2022-07-12 01:10:45.242,2022-07-12 01:10:50.426,5.184
2022-07-12 00:37:20.226,2022-07-12 00:37:25.356,5.13
2022-07-12 00:41:04.066,2022-07-12 00:41:09.181,5.115
2022-07-12 00:05:47.404,2022-07-12 00:05:52.492,5.088
2022-07-12 01:11:25.727,2022-07-12 01:11:30.788,5.061
2022-07-12 01:12:14.147,2022-07-12 01:12:19.195,5.048
2022-07-12 01:13:02.419,2022-07-12 01:13:07.457,5.038
2022-07-12 00:29:20.674,2022-07-12 00:29:25.707,5.033
2022-07-12 00:10:06.867,2022-07-12 00:10:11.896,5.029
2022-07-12 00:56:27.832,2022-07-12 00:56:32.839,5.007
2022-07-12 00:46:56.643,2022-07-12 00:47:01.644,5.001
2022-07-12 00:40:16.200,2022-07-12 00:40:21.200,5.0
2022-07-12 00:55:39.768,2022-07-12 00:55:44.751,4.983
2022-07-12 00:22:32.176,2022-07-12 00:22:37.072,4.896
2022-07-12 00:21:03.516,2022-07-12 00:21:08.408,4.892
2022-07-12 00:23:12.320,2022-07-12 00:23:17.204,4.884
2022-07-12 00:35:04.271,2022-07-12 00:35:09.147,4.876
2022-07-12 00:44:40.412,2022-07-12 00:44:45.286,4.874
2022-07-12 00:32:56.744,2022-07-12 00:33:01.594,4.85
2022-07-12 00:10:47.051,2022-07-12 00:10:51.896,4.845
2022-07-12 00:42:32.488,2022-07-12 00:42:37.291,4.803
2022-07-12 00:19:35.776,2022-07-12 00:19:40.568,4.792
2022-07-12 00:49:45.799,2022-07-12 00:49:50.587,4.788
2022-07-12 00:35:52.515,2022-07-12 00:35:57.296,4.781
2022-07-12 00:42:24.616,2022-07-12 00:42:29.388,4.772
2022-07-12 00:25:28.293,2022-07-12 00:25:33.044,4.751
2022-07-12 00:26:08.460,2022-07-12 00:26:13.208,4.748
2022-07-12 00:23:20.404,2022-07-12 00:23:25.144,4.74
2022-07-12 00:45:28.636,2022-07-12 00:45:33.352,4.716
2022-07-12 00:06:20.834,2022-07-12 00:06:25.547,4.713
2022-07-12 00:11:27.556,2022-07-12 00:11:32.266,4.71
2022-07-12 00:43:12.736,2022-07-12 00:43:17.444,4.708
2022-07-12 00:58:43.888,2022-07-12 00:58:48.559,4.671
2022-07-12 00:50:34.252,2022-07-12 00:50:38.906,4.654
2022-07-12 00:16:07.304,2022-07-12 00:16:11.955,4.651
2022-07-12 00:58:35.943,2022-07-12 00:58:40.588,4.645
2022-07-12 01:13:58.730,2022-07-12 01:14:03.369,4.639
2022-07-12 00:38:48.818,2022-07-12 00:38:53.456,4.638
2022-07-12 01:08:53.076,2022-07-12 01:08:57.709,4.633
2022-07-12 00:16:47.725,2022-07-12 00:16:52.351,4.626
2022-07-12 00:17:35.880,2022-07-12 00:17:40.504,4.624
2022-07-12 00:13:11.271,2022-07-12 00:13:15.873,4.602
2022-07-12 00:54:59.493,2022-07-12 00:55:04.088,4.595
2022-07-12 01:01:08.524,2022-07-12 01:01:13.118,4.594
2022-07-12 00:31:29.307,2022-07-12 00:31:33.901,4.594
2022-07-12 00:04:52.055,2022-07-12 00:04:56.641,4.586
2022-07-12 00:03:15.629,2022-07-12 00:03:20.215,4.586
2022-07-12 01:16:22.792,2022-07-12 01:16:27.377,4.585
2022-07-12 00:13:03.389,2022-07-12 00:13:07.971,4.582
2022-07-12 01:09:41.274,2022-07-12 01:09:45.835,4.561
2022-07-12 00:02:27.376,2022-07-12 00:02:31.936,4.56
2022-07-12 01:01:55.660,2022-07-12 01:02:00.218,4.558
2022-07-12 01:13:50.779,2022-07-12 01:13:55.330,4.551
2022-07-12 00:53:31.376,2022-07-12 00:53:35.908,4.532
2022-07-12 00:38:00.736,2022-07-12 00:38:05.247,4.511
2022-07-12 01:14:46.935,2022-07-12 01:14:51.439,4.504
2022-07-12 01:07:32.760,2022-07-12 01:07:37.255,4.495
2022-07-12 00:36:32.968,2022-07-12 00:36:37.428,4.46
2022-07-12 00:02:19.421,2022-07-12 00:02:23.876,4.455
2022-07-12 00:24:00.487,2022-07-12 00:24:04.940,4.453
2022-07-12 00:00:10.824,2022-07-12 00:00:15.267,4.443
2022-07-12 00:59:23.919,2022-07-12 00:59:28.347,4.428
2022-07-12 00:59:31.947,2022-07-12 00:59:36.371,4.424
2022-07-12 00:38:40.996,2022-07-12 00:38:45.418,4.422
2022-07-12 00:13:51.557,2022-07-12 00:13:55.976,4.419
2022-07-12 00:26:57.034,2022-07-12 00:27:01.423,4.389
2022-07-12 00:51:14.563,2022-07-12 00:51:18.948,4.385
2022-07-12 01:05:16.440,2022-07-12 01:05:20.820,4.38
2022-07-12 00:57:08.347,2022-07-12 00:57:12.712,4.365
2022-07-12 00:27:45.143,2022-07-12 00:27:49.507,4.364
2022-07-12 00:34:41.568,2022-07-12 00:34:45.928,4.36
2022-07-12 01:00:45.704,2022-07-12 01:00:50.060,4.356
2022-07-12 01:03:48.060,2022-07-12 01:03:52.400,4.34
2022-07-12 00:04:44.116,2022-07-12 00:04:48.455,4.339
2022-07-12 00:46:09.148,2022-07-12 00:46:13.485,4.337
2022-07-12 00:48:58.384,2022-07-12 00:49:02.714,4.33
2022-07-12 00:32:09.648,2022-07-12 00:32:13.976,4.328
2022-07-12 00:12:07.843,2022-07-12 00:12:12.164,4.321
2022-07-12 01:08:12.898,2022-07-12 01:08:17.218,4.32
2022-07-12 00:20:16.269,2022-07-12 00:20:20.537,4.268
2022-07-12 00:18:24.624,2022-07-12 00:18:28.872,4.248
2022-07-12 01:06:44.933,2022-07-12 01:06:49.173,4.24
2022-07-12 01:04:36.199,2022-07-12 01:04:40.439,4.24
2022-07-12 00:39:29.231,2022-07-12 00:39:33.471,4.24
2022-07-12 01:00:12.165,2022-07-12 01:00:16.392,4.227
2022-07-12 01:06:04.996,2022-07-12 01:06:09.221,4.225
2022-07-12 00:52:51.396,2022-07-12 00:52:55.616,4.22
2022-07-12 00:01:39.546,2022-07-12 00:01:43.757,4.211
2022-07-12 00:54:11.575,2022-07-12 00:54:15.782,4.207
2022-07-12 00:57:48.592,2022-07-12 00:57:52.787,4.195
2022-07-12 00:33:53.228,2022-07-12 00:33:57.398,4.17
2022-07-12 01:02:51.971,2022-07-12 01:02:56.132,4.161
2022-07-12 00:14:31.808,2022-07-12 00:14:35.936,4.128
2022-07-12 00:00:59.468,2022-07-12 00:01:03.576,4.108
2022-07-12 00:28:25.440,2022-07-12 00:28:29.532,4.092
2022-07-12 00:48:18.076,2022-07-12 00:48:22.150,4.074
2022-07-12 00:51:55.136,2022-07-12 00:51:59.201,4.065
2022-07-12 00:21:37.458,2022-07-12 00:21:41.500,4.042
2022-07-12 00:29:54.008,2022-07-12 00:29:58.044,4.036
2022-07-12 00:04:04.240,2022-07-12 00:04:08.213,3.973
2022-07-12 00:24:41.106,2022-07-12 00:24:45.075,3.969
2022-07-12 00:37:13.460,2022-07-12 00:37:17.426,3.966
2022-07-12 00:41:37.340,2022-07-12 00:41:41.292,3.952
2022-07-12 01:12:55.568,2022-07-12 01:12:59.519,3.951
2022-07-12 00:09:59.927,2022-07-12 00:10:03.867,3.94
2022-07-12 00:43:53.346,2022-07-12 00:43:57.268,3.922
2022-07-12 00:05:40.699,2022-07-12 00:05:44.604,3.905
2022-07-12 00:46:49.858,2022-07-12 00:46:53.743,3.885
2022-07-12 01:15:35.336,2022-07-12 01:15:39.216,3.88
2022-07-12 01:12:47.612,2022-07-12 01:12:51.468,3.856
2022-07-12 01:01:40.460,2022-07-12 01:01:44.306,3.846
2022-07-12 00:30:34.199,2022-07-12 00:30:38.043,3.844
2022-07-12 00:40:09.360,2022-07-12 00:40:13.200,3.84
2022-07-12 00:15:19.840,2022-07-12 00:15:23.669,3.829
2022-07-12 00:47:29.988,2022-07-12 00:47:33.787,3.799
2022-07-12 00:29:13.792,2022-07-12 00:29:17.574,3.782
2022-07-12 00:20:56.636,2022-07-12 00:21:00.416,3.78
2022-07-12 01:12:07.484,2022-07-12 01:12:11.247,3.763
2022-07-12 01:01:48.506,2022-07-12 01:01:52.260,3.754
2022-07-12 00:34:33.444,2022-07-12 00:34:37.168,3.724
2022-07-12 01:11:19.104,2022-07-12 01:11:22.827,3.723
2022-07-12 00:56:21.127,2022-07-12 00:56:24.832,3.705
2022-07-12 00:49:39.008,2022-07-12 00:49:42.699,3.691
2022-07-12 00:40:57.476,2022-07-12 00:41:01.166,3.69
2022-07-12 01:01:32.471,2022-07-12 01:01:36.160,3.689
2022-07-12 00:12:56.464,2022-07-12 00:13:00.089,3.625
2022-07-12 00:50:27.336,2022-07-12 00:50:30.952,3.616
2022-07-12 00:42:17.714,2022-07-12 00:42:21.316,3.602
2022-07-12 01:16:15.794,2022-07-12 01:16:19.392,3.598
2022-07-12 01:01:24.596,2022-07-12 01:01:28.171,3.575
2022-07-12 01:10:38.672,2022-07-12 01:10:42.242,3.57
2022-07-12 01:10:30.747,2022-07-12 01:10:34.272,3.525
2022-07-12 00:43:05.914,2022-07-12 00:43:09.436,3.522
2022-07-12 00:23:05.703,2022-07-12 00:23:09.220,3.517
2022-07-12 00:34:57.656,2022-07-12 00:35:01.171,3.515
2022-07-12 00:44:33.832,2022-07-12 00:44:37.312,3.48
2022-07-12 00:10:40.372,2022-07-12 00:10:43.851,3.479
2022-07-12 00:32:50.171,2022-07-12 00:32:53.644,3.473
2022-07-12 00:55:33.058,2022-07-12 00:55:36.468,3.41
2022-07-12 00:22:25.669,2022-07-12 00:22:29.076,3.407
2022-07-12 00:19:29.071,2022-07-12 00:19:32.476,3.405
2022-07-12 01:10:22.855,2022-07-12 01:10:26.247,3.392
2022-07-12 00:35:45.935,2022-07-12 00:35:49.315,3.38
2022-07-12 00:17:21.147,2022-07-12 00:17:24.527,3.38
2022-07-12 00:26:01.887,2022-07-12 00:26:05.260,3.373
2022-07-12 00:58:29.293,2022-07-12 00:58:32.643,3.35
2022-07-12 00:16:00.485,2022-07-12 00:16:03.804,3.319
2022-07-12 00:53:24.559,2022-07-12 00:53:27.876,3.317
2022-07-12 00:28:58.924,2022-07-12 00:29:02.224,3.3
2022-07-12 00:37:53.946,2022-07-12 00:37:57.236,3.29
2022-07-12 00:16:41.067,2022-07-12 00:16:44.325,3.258
2022-07-12 00:57:01.493,2022-07-12 00:57:04.747,3.254
2022-07-12 00:17:29.227,2022-07-12 00:17:32.480,3.253
2022-07-12 00:06:54.546,2022-07-12 00:06:57.798,3.252
2022-07-12 00:54:52.844,2022-07-12 00:54:56.093,3.249
2022-07-12 00:03:08.900,2022-07-12 00:03:12.129,3.229
2022-07-12 00:11:20.840,2022-07-12 00:11:24.056,3.216
2022-07-12 00:25:21.884,2022-07-12 00:25:25.093,3.209
2022-07-12 00:00:04.019,2022-07-12 00:00:07.224,3.205
2022-07-12 01:13:29.640,2022-07-12 01:13:32.840,3.2
2022-07-12 01:09:34.581,2022-07-12 01:09:37.774,3.193
2022-07-12 01:07:26.067,2022-07-12 01:07:29.260,3.193
2022-07-12 00:45:22.144,2022-07-12 00:45:25.336,3.192
2022-07-12 00:52:44.509,2022-07-12 00:52:47.696,3.187
2022-07-12 00:45:07.256,2022-07-12 00:45:10.440,3.184
2022-07-12 01:14:40.152,2022-07-12 01:14:43.335,3.183
2022-07-12 01:08:46.501,2022-07-12 01:08:49.676,3.175
2022-07-12 00:13:44.786,2022-07-12 00:13:47.957,3.171
2022-07-12 00:09:24.984,2022-07-12 00:09:28.152,3.168
2022-07-12 00:31:07.845,2022-07-12 00:31:10.998,3.153
2022-07-12 00:59:17.285,2022-07-12 00:59:20.419,3.134
2022-07-12 01:05:50.104,2022-07-12 01:05:53.230,3.126
2022-07-12 01:13:44.256,2022-07-12 01:13:47.379,3.123
2022-07-12 00:23:53.875,2022-07-12 00:23:56.987,3.112
2022-07-12 00:02:12.824,2022-07-12 00:02:15.921,3.097
2022-07-12 00:38:34.202,2022-07-12 00:38:37.296,3.094
2022-07-12 00:46:02.461,2022-07-12 00:46:05.548,3.087
2022-07-12 00:27:38.364,2022-07-12 00:27:41.443,3.079
2022-07-12 00:31:22.832,2022-07-12 00:31:25.907,3.075
2022-07-12 01:02:45.098,2022-07-12 01:02:48.171,3.073
2022-07-12 01:03:41.402,2022-07-12 01:03:44.460,3.058
2022-07-12 00:19:14.328,2022-07-12 00:19:17.374,3.046
2022-07-12 00:20:09.536,2022-07-12 00:20:12.569,3.033
2022-07-12 00:32:02.920,2022-07-12 00:32:05.948,3.028
2022-07-12 00:00:44.656,2022-07-12 00:00:47.676,3.02
2022-07-12 00:36:26.460,2022-07-12 00:36:29.468,3.008
2022-07-12 01:11:52.690,2022-07-12 01:11:55.696,3.006
2022-07-12 00:12:01.144,2022-07-12 00:12:04.143,2.999
2022-07-12 01:05:09.744,2022-07-12 01:05:12.740,2.996
2022-07-12 00:33:46.434,2022-07-12 00:33:49.428,2.994
2022-07-12 00:04:37.437,2022-07-12 00:04:40.416,2.979
2022-07-12 01:08:06.224,2022-07-12 01:08:09.198,2.974
2022-07-12 00:26:50.364,2022-07-12 00:26:53.334,2.97
2022-07-12 00:03:49.576,2022-07-12 00:03:52.544,2.968
2022-07-12 01:05:58.130,2022-07-12 01:06:01.096,2.966
2022-07-12 00:57:41.847,2022-07-12 00:57:44.792,2.945
2022-07-12 00:39:22.587,2022-07-12 00:39:25.531,2.944
2022-07-12 00:51:07.948,2022-07-12 00:51:10.863,2.915
2022-07-12 01:03:26.941,2022-07-12 01:03:29.848,2.907
2022-07-12 00:07:09.744,2022-07-12 00:07:12.647,2.903
2022-07-12 00:00:52.576,2022-07-12 00:00:55.468,2.892
2022-07-12 00:01:32.757,2022-07-12 00:01:35.646,2.889
2022-07-12 00:48:51.696,2022-07-12 00:48:54.584,2.888
2022-07-12 00:51:48.348,2022-07-12 00:51:51.236,2.888
2022-07-12 00:54:04.903,2022-07-12 00:54:07.775,2.872
2022-07-12 00:06:14.077,2022-07-12 00:06:16.934,2.857
2022-07-12 00:43:46.501,2022-07-12 00:43:49.346,2.845
2022-07-12 01:06:38.308,2022-07-12 01:06:41.133,2.825
2022-07-12 00:29:47.184,2022-07-12 00:29:50.008,2.824
2022-07-12 01:00:05.560,2022-07-12 01:00:08.365,2.805
2022-07-12 01:01:01.732,2022-07-12 01:01:04.524,2.792
2022-07-12 01:04:29.709,2022-07-12 01:04:32.499,2.79
2022-07-12 00:18:17.963,2022-07-12 00:18:20.724,2.761
2022-07-12 00:48:11.459,2022-07-12 00:48:14.176,2.717
2022-07-12 01:15:28.533,2022-07-12 01:15:31.236,2.703
2022-07-12 00:14:25.210,2022-07-12 00:14:27.908,2.698
2022-07-12 00:03:57.444,2022-07-12 00:04:00.140,2.696
2022-07-12 00:21:30.704,2022-07-12 00:21:33.358,2.654
2022-07-12 00:28:18.908,2022-07-12 00:28:21.540,2.632
2022-07-12 00:05:33.907,2022-07-12 00:05:36.499,2.592
2022-07-12 01:12:00.596,2022-07-12 01:12:03.184,2.588
2022-07-12 00:09:53.266,2022-07-12 00:09:55.827,2.561
2022-07-12 00:40:02.739,2022-07-12 00:40:05.260,2.521
2022-07-12 00:24:34.496,2022-07-12 00:24:37.006,2.51
2022-07-12 00:46:43.156,2022-07-12 00:46:45.658,2.502
2022-07-12 00:41:30.765,2022-07-12 00:41:33.240,2.475
2022-07-12 00:29:07.124,2022-07-12 00:29:09.592,2.468
2022-07-12 01:11:12.248,2022-07-12 01:11:14.704,2.456
2022-07-12 00:15:13.284,2022-07-12 00:15:15.740,2.456
2022-07-12 00:49:32.267,2022-07-12 00:49:34.708,2.441
2022-07-12 00:37:06.932,2022-07-12 00:37:09.360,2.428
2022-07-12 00:22:18.749,2022-07-12 00:22:21.169,2.42
2022-07-12 00:12:49.647,2022-07-12 00:12:52.064,2.417
2022-07-12 00:30:27.588,2022-07-12 00:30:29.999,2.411
2022-07-12 00:40:50.765,2022-07-12 00:40:53.176,2.411
2022-07-12 00:20:50.031,2022-07-12 00:20:52.436,2.405
2022-07-12 00:47:23.391,2022-07-12 00:47:25.788,2.397
2022-07-12 00:34:26.887,2022-07-12 00:34:29.244,2.357
2022-07-12 01:12:40.955,2022-07-12 01:12:43.312,2.357
2022-07-12 00:10:33.556,2022-07-12 00:10:35.872,2.316
2022-07-12 00:42:11.034,2022-07-12 00:42:13.314,2.28
2022-07-12 01:01:18.018,2022-07-12 01:01:20.296,2.278
2022-07-12 00:44:27.058,2022-07-12 00:44:29.332,2.274
2022-07-12 00:22:58.836,2022-07-12 00:23:01.103,2.267
2022-07-12 00:32:43.508,2022-07-12 00:32:45.771,2.263
2022-07-12 00:56:14.564,2022-07-12 00:56:16.827,2.263
2022-07-12 00:42:59.275,2022-07-12 00:43:01.514,2.239
2022-07-12 00:34:50.828,2022-07-12 00:34:53.056,2.228
2022-07-12 00:19:22.274,2022-07-12 00:19:24.471,2.197
2022-07-12 00:55:26.068,2022-07-12 00:55:28.258,2.19
2022-07-12 00:15:53.626,2022-07-12 00:15:55.785,2.159
2022-07-12 00:25:55.028,2022-07-12 00:25:57.187,2.159
2022-07-12 01:16:09.144,2022-07-12 01:16:11.294,2.15
2022-07-12 00:07:02.698,2022-07-12 00:07:04.844,2.146
2022-07-12 00:35:39.114,2022-07-12 00:35:41.235,2.121
2022-07-12 00:50:20.727,2022-07-12 00:50:22.836,2.109
2022-07-12 00:58:22.487,2022-07-12 00:58:24.593,2.106
2022-07-12 00:00:37.652,2022-07-12 00:00:39.756,2.104
2022-07-12 01:16:49.424,2022-07-12 01:16:51.528,2.104
2022-07-12 00:46:29.508,2022-07-12 00:46:31.584,2.076
2022-07-12 01:04:22.755,2022-07-12 01:04:24.809,2.054
2022-07-12 00:24:27.554,2022-07-12 00:24:29.596,2.042
2022-07-12 00:36:53.119,2022-07-12 00:36:55.156,2.037
2022-07-12 00:25:15.048,2022-07-12 00:25:17.084,2.036
2022-07-12 00:31:15.898,2022-07-12 00:31:17.932,2.034
2022-07-12 00:37:47.218,2022-07-12 00:37:49.246,2.028
2022-07-12 00:36:19.544,2022-07-12 00:36:21.560,2.016
2022-07-12 00:56:07.652,2022-07-12 00:56:09.664,2.012
2022-07-12 00:56:54.784,2022-07-12 00:56:56.793,2.009
2022-07-12 00:17:14.440,2022-07-12 00:17:16.447,2.007
2022-07-12 00:16:34.264,2022-07-12 00:16:36.267,2.003
2022-07-12 00:05:20.498,2022-07-12 00:05:22.496,1.998
2022-07-12 01:08:39.604,2022-07-12 01:08:41.601,1.997
2022-07-12 00:07:57.779,2022-07-12 00:07:59.767,1.988
2022-07-12 01:10:16.068,2022-07-12 01:10:18.055,1.987
2022-07-12 00:37:00.056,2022-07-12 00:37:02.032,1.976
2022-07-12 00:07:30.871,2022-07-12 00:07:32.847,1.976
2022-07-12 00:42:52.428,2022-07-12 00:42:54.375,1.947
2022-07-12 00:06:34.284,2022-07-12 00:06:36.231,1.947
2022-07-12 00:48:04.631,2022-07-12 00:48:06.559,1.928
2022-07-12 00:31:56.100,2022-07-12 00:31:58.020,1.92
2022-07-12 01:02:38.280,2022-07-12 01:02:40.198,1.918
2022-07-12 00:08:51.562,2022-07-12 00:08:53.480,1.918
2022-07-12 00:26:43.548,2022-07-12 00:26:45.464,1.916
2022-07-12 00:30:20.775,2022-07-12 00:30:22.688,1.913
2022-07-12 01:11:05.437,2022-07-12 01:11:07.348,1.911
2022-07-12 00:06:41.131,2022-07-12 00:06:43.040,1.909
2022-07-12 00:15:06.477,2022-07-12 00:15:08.384,1.907
2022-07-12 00:38:27.396,2022-07-12 00:38:29.302,1.906
2022-07-12 00:45:15.340,2022-07-12 00:45:17.244,1.904
2022-07-12 00:20:02.744,2022-07-12 00:20:04.636,1.892
2022-07-12 00:41:17.317,2022-07-12 00:41:19.199,1.882
2022-07-12 00:08:31.324,2022-07-12 00:08:33.206,1.882
2022-07-12 00:39:15.808,2022-07-12 00:39:17.687,1.879
2022-07-12 00:15:46.848,2022-07-12 00:15:48.726,1.878
2022-07-12 00:39:49.306,2022-07-12 00:39:51.184,1.878
2022-07-12 01:12:27.508,2022-07-12 01:12:29.385,1.877
2022-07-12 01:00:54.960,2022-07-12 01:00:56.832,1.872
2022-07-12 00:22:11.978,2022-07-12 00:22:13.849,1.871
2022-07-12 01:10:58.667,2022-07-12 01:11:00.537,1.87
2022-07-12 00:40:37.367,2022-07-12 00:40:39.236,1.869
2022-07-12 00:43:33.196,2022-07-12 00:43:35.064,1.868
2022-07-12 00:57:35.080,2022-07-12 00:57:36.947,1.867
2022-07-12 00:07:44.460,2022-07-12 00:07:46.324,1.864
2022-07-12 01:07:19.404,2022-07-12 01:07:21.267,1.863
2022-07-12 00:18:11.204,2022-07-12 00:18:13.063,1.859
2022-07-12 00:08:11.237,2022-07-12 00:08:13.092,1.855
2022-07-12 00:08:38.106,2022-07-12 00:08:39.956,1.85
2022-07-12 00:53:58.154,2022-07-12 00:54:00.003,1.849
2022-07-12 00:09:04.984,2022-07-12 00:09:06.833,1.849
2022-07-12 00:11:14.194,2022-07-12 00:11:16.040,1.846
2022-07-12 00:26:30.067,2022-07-12 00:26:31.913,1.846
2022-07-12 00:47:10.058,2022-07-12 00:47:11.896,1.838
2022-07-12 00:26:36.813,2022-07-12 00:26:38.648,1.835
2022-07-12 00:36:06.168,2022-07-12 00:36:07.998,1.83
2022-07-12 00:14:18.484,2022-07-12 00:14:20.310,1.826
2022-07-12 00:14:59.757,2022-07-12 00:15:01.577,1.82
2022-07-12 00:11:54.426,2022-07-12 00:11:56.244,1.818
2022-07-12 00:59:10.668,2022-07-12 00:59:12.485,1.817
2022-07-12 00:07:37.747,2022-07-12 00:07:39.560,1.813
2022-07-12 00:04:30.727,2022-07-12 00:04:32.537,1.81
2022-07-12 01:07:59.516,2022-07-12 01:08:01.324,1.808
2022-07-12 00:54:46.236,2022-07-12 00:54:48.044,1.808
2022-07-12 00:08:44.856,2022-07-12 00:08:46.662,1.806
2022-07-12 00:23:47.170,2022-07-12 00:23:48.975,1.805
2022-07-12 00:53:17.956,2022-07-12 00:53:19.759,1.803
2022-07-12 00:07:17.547,2022-07-12 00:07:19.348,1.801
2022-07-12 00:34:13.560,2022-07-12 00:34:15.359,1.799
2022-07-12 00:48:38.347,2022-07-12 00:48:40.145,1.798
2022-07-12 00:28:12.213,2022-07-12 00:28:14.008,1.795
2022-07-12 00:33:39.740,2022-07-12 00:33:41.534,1.794
2022-07-12 01:07:12.719,2022-07-12 01:07:14.504,1.785
2022-07-12 00:44:13.700,2022-07-12 00:44:15.484,1.784
2022-07-12 00:29:33.964,2022-07-12 00:29:35.745,1.781
2022-07-12 01:00:39.024,2022-07-12 01:00:40.804,1.78
2022-07-12 00:09:46.591,2022-07-12 00:09:48.366,1.775
2022-07-12 00:44:20.384,2022-07-12 00:44:22.158,1.774
2022-07-12 00:46:36.484,2022-07-12 00:46:38.256,1.772
2022-07-12 01:12:34.285,2022-07-12 01:12:36.055,1.77
2022-07-12 00:45:55.792,2022-07-12 00:45:57.561,1.769
2022-07-12 00:59:58.892,2022-07-12 01:00:00.660,1.768
2022-07-12 00:41:24.099,2022-07-12 00:41:25.865,1.766
2022-07-12 00:03:02.234,2022-07-12 00:03:04.000,1.766
2022-07-12 00:39:56.084,2022-07-12 00:39:57.839,1.755
2022-07-12 01:03:34.748,2022-07-12 01:03:36.502,1.754
2022-07-12 00:48:45.045,2022-07-12 00:48:46.796,1.751
2022-07-12 01:06:31.658,2022-07-12 01:06:33.408,1.75
2022-07-12 00:09:18.336,2022-07-12 00:09:20.084,1.748
2022-07-12 00:36:12.898,2022-07-12 00:36:14.644,1.746
2022-07-12 00:04:24.085,2022-07-12 00:04:25.827,1.742
2022-07-12 00:06:27.647,2022-07-12 00:06:29.384,1.737
2022-07-12 00:52:37.872,2022-07-12 00:52:39.609,1.737
2022-07-12 00:01:26.122,2022-07-12 00:01:27.857,1.735
2022-07-12 00:02:06.194,2022-07-12 00:02:07.924,1.73
2022-07-12 00:40:44.136,2022-07-12 00:40:45.865,1.729
2022-07-12 00:09:39.962,2022-07-12 00:09:41.691,1.729
2022-07-12 00:34:20.259,2022-07-12 00:34:21.987,1.728
2022-07-12 00:51:01.324,2022-07-12 00:51:03.048,1.724
2022-07-12 00:07:24.248,2022-07-12 00:07:25.971,1.723
2022-07-12 00:06:07.460,2022-07-12 00:06:09.177,1.717
2022-07-12 00:18:04.588,2022-07-12 00:18:06.304,1.716
2022-07-12 01:13:37.740,2022-07-12 01:13:39.456,1.716
2022-07-12 01:15:21.919,2022-07-12 01:15:23.633,1.714
2022-07-12 00:06:47.940,2022-07-12 00:06:49.646,1.706
2022-07-12 00:08:58.380,2022-07-12 00:09:00.084,1.704
2022-07-12 00:09:11.733,2022-07-12 00:09:13.436,1.703
2022-07-12 00:47:16.796,2022-07-12 00:47:18.491,1.695
2022-07-12 00:51:41.756,2022-07-12 00:51:43.448,1.692
2022-07-12 01:05:03.156,2022-07-12 01:05:04.844,1.688
2022-07-12 00:42:45.843,2022-07-12 00:42:47.528,1.685
2022-07-12 00:06:00.887,2022-07-12 00:06:02.560,1.673
2022-07-12 00:30:14.204,2022-07-12 00:30:15.875,1.671
2022-07-12 00:08:04.667,2022-07-12 00:08:06.337,1.67
2022-07-12 00:15:40.284,2022-07-12 00:15:41.948,1.664
2022-07-12 00:12:43.092,2022-07-12 00:12:44.747,1.655
2022-07-12 00:07:51.224,2022-07-12 00:07:52.879,1.655
2022-07-12 00:22:05.424,2022-07-12 00:22:07.078,1.654
2022-07-12 01:09:28.028,2022-07-12 01:09:29.681,1.653
2022-07-12 00:13:38.236,2022-07-12 00:13:39.886,1.65
2022-07-12 00:29:40.645,2022-07-12 00:29:42.284,1.639
2022-07-12 00:43:39.964,2022-07-12 00:43:41.601,1.637
2022-07-12 00:05:27.396,2022-07-12 00:05:29.007,1.611
2022-07-12 01:14:33.669,2022-07-12 01:14:35.252,1.583
2022-07-12 00:27:31.911,2022-07-12 00:27:33.464,1.553
2022-07-12 01:07:53.071,2022-07-12 01:07:54.616,1.545
