Model,Quantile,Configuration,Event Detection,Delay (s),Sample F1,Normal FA Cycle,Idle FA Cycle,Normal FA Episodes/repeat
Ledoit-Wolf Mahalanobis,0.99,1.0s Window,80.95 ± 0.00%,0.920 ± 0.005,0.7267 ± 0.0043,7.24 ± 0.69%,0.45 ± 0.62%,60.4
Ledoit-Wolf Mahalanobis,0.99,0.5s Window,85.71 ± 0.00%,0.471 ± 0.006,0.7779 ± 0.0020,13.03 ± 0.71%,0.00 ± 0.00%,97.6
Ledoit-Wolf Mahalanobis,0.99,Sample-level,85.71 ± 0.00%,0.483 ± 0.007,0.5238 ± 0.0040,10.25 ± 0.49%,0.00 ± 0.00%,85.0
Ledoit-Wolf Mahalanobis,0.99,OR_3,100.00 ± 0.00%,0.315 ± 0.009,0.7085 ± 0.0051,20.82 ± 0.36%,0.45 ± 0.62%,181.6
Ledoit-Wolf Mahalanobis,0.99,OR_3 + P2,95.24 ± 0.00%,0.435 ± 0.000,0.7836 ± 0.0069,7.83 ± 0.50%,0.00 ± 0.00%,62.4
Isolation Forest,0.99,1.0s Window,75.24 ± 2.13%,1.004 ± 0.043,0.6630 ± 0.0120,8.14 ± 1.54%,8.41 ± 8.64%,68.8
Isolation Forest,0.99,0.5s Window,80.95 ± 3.37%,0.661 ± 0.040,0.5878 ± 0.0217,13.23 ± 1.34%,4.55 ± 7.23%,121.2
Isolation Forest,0.99,Sample-level,85.71 ± 0.00%,0.647 ± 0.101,0.4496 ± 0.0111,14.64 ± 0.72%,0.00 ± 0.00%,122.0
Isolation Forest,0.99,OR_3,97.14 ± 2.61%,0.474 ± 0.033,0.6233 ± 0.0119,21.14 ± 2.43%,9.55 ± 10.74%,234.2
Isolation Forest,0.99,OR_3 + P2,89.52 ± 2.13%,0.615 ± 0.046,0.7035 ± 0.0207,8.34 ± 1.05%,3.18 ± 4.36%,68.0
