model,quantile,variant,repeats,n_events,event_detection_rate_mean,event_detection_rate_std,delay_mean_sec_mean,delay_mean_sec_std,sample_f1_mean,sample_f1_std,sample_precision_mean,sample_precision_std,sample_recall_mean,sample_recall_std,normal_fa_cycle_rate_mean,normal_fa_cycle_rate_std,normal_fa_episodes_mean,normal_fa_episodes_std,idle_fa_cycle_rate_mean,idle_fa_cycle_rate_std,idle_fa_episodes_mean,idle_fa_episodes_std
mahalanobis,0.9999,1.0s Window,5,21,0.8095238095238095,0.0,0.9447058823529411,0.017449878793166295,0.7860179323997325,0.010549044248017784,0.93549994269727,0.029093987792183973,0.6779999999999999,0.007582875444051519,0.009001956947162427,0.0022312630628163166,10.0,3.391164991562634,0.0,0.0,0.0,0.0
mahalanobis,0.9999,0.5s Window,5,21,0.8095238095238095,0.0,0.5764705882352942,0.02161314478926332,0.7882244297615367,0.0105733089991016,0.961938852184652,0.011041839081399472,0.6679999999999999,0.019486462537418696,0.00939334637964775,0.0025515469296292165,7.4,3.361547262794322,0.0,0.0,0.0,0.0
mahalanobis,0.9999,Sample-level,5,21,0.8571428571428571,0.0,0.571111111111111,0.0024845199749997577,0.5817439091618543,0.003995171677004606,0.9495721198467104,0.014068704091363111,0.41933333333333334,0.0019002923751652277,0.009784735812133072,0.002767541217951262,7.2,1.7888543819998317,0.0,0.0,0.0,0.0
mahalanobis,0.9999,OR_3,5,21,1.0,0.0,0.41142857142857137,0.01670064563500016,0.8681300980816969,0.0086670284831752,0.919667396928534,0.022911410294574282,0.8223333333333332,0.006302556800396381,0.015264187866927592,0.0035006935068489856,15.8,4.764451699828638,0.0,0.0,0.0,0.0
mahalanobis,0.9999,OR_3 + P2,5,21,0.9428571428571428,0.02129588549999797,0.5241578947368423,0.017002118166883365,0.8520547886166977,0.007661375113556639,0.9443787663805271,0.01836659657836458,0.7763333333333333,0.007582875444051577,0.009001956947162427,0.0010718641047067828,9.4,2.4083189157584592,0.0,0.0,0.0,0.0
iforest,0.9999,1.0s Window,5,21,0.6857142857142857,0.026082026547865084,1.1672380952380952,0.07806793947968124,0.5915882319014877,0.02942013903889841,0.9588514976442244,0.02527091966406647,0.42866666666666664,0.033069791519014916,0.006653620352250489,0.004058012006522059,5.8,3.7013511046643495,0.0022727272727272726,0.005081972676135886,0.2,0.44721359549995804
iforest,0.9999,0.5s Window,5,21,0.7047619047619047,0.02129588549999802,0.8387619047619047,0.11972739254689,0.5346522778988334,0.01990552676306935,0.9722231288484225,0.007559885395384998,0.369,0.019600170067289386,0.010176125244618394,0.004010548244993971,5.6,1.9493588689617927,0.0,0.0,0.0,0.0
iforest,0.9999,Sample-level,5,21,0.819047619047619,0.02129588549999797,0.9949019607843137,0.10603293576949079,0.4390436326322192,0.018496655081976208,0.95333661944161,0.018545463720878293,0.2853333333333333,0.014972196454317134,0.0136986301369863,0.004151311826926893,8.2,3.1144823004794873,0.0,0.0,0.0,0.0
iforest,0.9999,OR_3,5,21,0.8761904761904761,0.02608202654786508,0.6267251461988306,0.06492005116548796,0.675309636958293,0.02501993409339695,0.92723317758743,0.01932901782326446,0.5319999999999999,0.03420526275297412,0.024657534246575342,0.0047129528684118575,18.2,4.969909455915671,0.0022727272727272726,0.005081972676135886,0.2,0.44721359549995804
iforest,0.9999,OR_3 + P2,5,21,0.7619047619047619,0.03367175148507369,0.8160490196078432,0.039986246163610094,0.6344309938688332,0.02482712118238606,0.9758034852392212,0.014478287912985005,0.4706666666666667,0.029358890381696052,0.005088062622309197,0.0035549710615626123,3.4,2.5099800796022267,0.0,0.0,0.0,0.0
