metric,value
streaming_rows,1450
nominal_sampling_sec,0.1
fault_events,1
fault_events_detected,1
event_detection_rate,1.0000
first_detection_delay_sec,0.1
first_detection_delay_samples,1
normal_rows,800
normal_false_alarm_frames,1
normal_false_alarm_rate,0.0013
idle_rows,50
idle_false_alarm_frames,0
idle_false_alarm_rate,0.0000
fault_rows,600
fault_alarm_frames,453
fault_frame_recall,0.7550
final_alarm_frames,454
max_score_ratio,25.3369
infer_latency_ms_mean,2.669
infer_latency_ms_p95,3.468
infer_latency_ms_max,6.276
