n_events,detected_events,event_detection_rate,delay_mean_sec,delay_median_sec,delay_minus_W_mean_sec,pooled_f1,pooled_precision,pooled_recall,normal_window_fpr,tp,fp,tn,fn,normal_cycles,fa_cycles,fa_cycle_rate,fa_episodes,normal_exposure_min,fa_per_hour_observed,idle_cycles,idle_fa_cycles,idle_fa_cycle_rate,idle_window_fpr,idle_fa_episodes,threshold_mean,system,kind,scales,threshold_mode,repeat,seed,W_sec,step_sec,n_events_total
16,14,0.875,1.1857142857142857,1.1,0.18571428571428578,0.9111675126903555,0.9522546419098143,0.8734793187347932,0.0014818473697209187,359,18,12129,52,441,3,0.006802721088435374,5,26.85999979575475,11.169024656784073,80,0,0.0,0.0,0,51.7424199438255,1.0_0.1,single,1.0_0.1,f1,0,0,1.0,0.1,21
16,16,1.0,1.1875,1.1,0.18750000000000006,0.9348659003831418,0.9838709677419355,0.8905109489051095,0.0004939491232403062,366,6,12141,45,441,2,0.0045351473922902496,3,26.85999979575475,6.701414794070444,80,0,0.0,0.0,0,48.21287647056113,1.0_0.1,single,1.0_0.1,f1,1,1,1.0,0.1,21
16,16,1.0,1.18125,1.1,0.18125000000000008,0.9215189873417722,0.9604221635883905,0.8856447688564477,0.0012348728081007657,364,15,12132,47,441,4,0.009070294784580499,7,26.85999979575475,15.636634519497703,80,0,0.0,0.0,0,46.60777764059699,1.0_0.1,single,1.0_0.1,f1,2,2,1.0,0.1,21
16,15,0.9375,1.2266666666666668,1.1,0.22666666666666674,0.9143610013175231,0.9971264367816092,0.8442822384428224,8.232485387338437e-05,347,1,12146,64,441,1,0.0022675736961451248,1,26.85999979575475,2.2338049313568145,80,0,0.0,0.0,0,61.14428668194472,1.0_0.1,single,1.0_0.1,f1,3,3,1.0,0.1,21
16,15,0.9375,1.166666666666667,1.1,0.1666666666666667,0.93,0.9562982005141388,0.9051094890510949,0.0013995225158475344,372,17,12130,39,441,4,0.009070294784580499,9,26.85999979575475,20.10424438221133,80,0,0.0,0.0,0,44.8806592114768,1.0_0.1,single,1.0_0.1,f1,4,4,1.0,0.1,21
16,16,1.0,1.13125,1.1,0.1312500000000001,0.9261904761904762,0.9067599067599068,0.9464720194647201,0.003292994154935375,389,40,12107,22,441,7,0.015873015873015872,14,26.85999979575475,31.273269038995405,80,0,0.0,0.0,0,30.17369010099955,1.0_0.1,single,1.0_0.1,normal_quantile,0,0,1.0,0.1,21
16,16,1.0,1.1500000000000001,1.1,0.15000000000000008,0.9048178613396005,0.875,0.9367396593673966,0.004527866963036141,385,55,12092,26,441,7,0.015873015873015872,15,26.85999979575475,33.507073970352224,80,0,0.0,0.0,0,30.132378298770412,1.0_0.1,single,1.0_0.1,normal_quantile,1,1,1.0,0.1,21
16,16,1.0,1.13125,1.1,0.1312500000000001,0.8850174216027875,0.8466666666666667,0.927007299270073,0.005680414917263522,381,69,12078,30,441,11,0.024943310657596373,18,26.85999979575475,40.20848876442266,80,0,0.0,0.0,0,30.946995085258774,1.0_0.1,single,1.0_0.1,normal_quantile,2,2,1.0,0.1,21
16,16,1.0,1.13125,1.1,0.1312500000000001,0.9049881235154394,0.8839907192575406,0.927007299270073,0.004116242693669218,381,50,12097,30,441,8,0.018140589569160998,15,26.85999979575475,33.507073970352224,80,0,0.0,0.0,0,31.27280964571082,1.0_0.1,single,1.0_0.1,normal_quantile,3,3,1.0,0.1,21
16,16,1.0,1.13125,1.1,0.1312500000000001,0.9207100591715977,0.8963133640552995,0.9464720194647201,0.0037046184243022967,389,45,12102,22,441,5,0.011337868480725623,10,26.85999979575475,22.338049313568145,80,0,0.0,0.0,0,30.493363601534814,1.0_0.1,single,1.0_0.1,normal_quantile,4,4,1.0,0.1,21
18,18,1.0,0.7666666666666667,0.6,0.2666666666666666,0.882921589688507,0.9513888888888888,0.8236472945891784,0.0014515794566945463,411,21,14446,88,479,5,0.010438413361169102,8,27.30499977270762,17.579198095426396,86,0,0.0,0.0,0,32.55921066788619,0.5_0.1,single,0.5_0.1,f1,0,0,0.5,0.1,21
18,18,1.0,1.127777777777778,1.1,0.1833333333333334,0.9259259259259259,0.959079283887468,0.8949880668257757,0.0013048442342195401,375,16,12246,44,479,4,0.008350730688935281,7,27.30499977270762,15.381798333498097,86,0,0.0,0.0,0,,MULTI[1.0_0.1+0.5_0.1],multi,1.0_0.1+0.5_0.1,f1,0,0,,,21
18,18,1.0,0.7666666666666667,0.6,0.2666666666666666,0.8707926167209554,0.9502369668246445,0.8036072144288577,0.0014515794566945463,401,21,14446,98,479,6,0.012526096033402923,8,27.30499977270762,17.579198095426396,86,0,0.0,0.0,0,33.95399128990684,0.5_0.1,single,0.5_0.1,f1,1,1,0.5,0.1,21
18,17,0.9444444444444444,1.1294117647058826,1.1,0.1882352941176471,0.8933500627352571,0.9417989417989417,0.8496420047732697,0.0017941608220518675,356,22,12240,63,479,4,0.008350730688935281,7,27.30499977270762,15.381798333498097,86,0,0.0,0.0,0,,MULTI[1.0_0.1+0.5_0.1],multi,1.0_0.1+0.5_0.1,f1,1,1,,,21
18,18,1.0,0.75,0.6,0.24999999999999994,0.8760869565217391,0.9572446555819477,0.8076152304609219,0.0012442109628810396,403,18,14449,96,479,5,0.010438413361169102,6,27.30499977270762,13.184398571569798,86,0,0.0,0.0,0,33.84722685077159,0.5_0.1,single,0.5_0.1,f1,2,2,0.5,0.1,21
18,18,1.0,1.1111111111111114,1.1,0.1666666666666667,0.9330024813895782,0.9715762273901809,0.8973747016706444,0.0008970804110259337,376,11,12251,43,479,3,0.006263048016701462,5,27.30499977270762,10.986998809641497,86,0,0.0,0.0,0,,MULTI[1.0_0.1+0.5_0.1],multi,1.0_0.1+0.5_0.1,f1,2,2,,,21
18,18,1.0,0.7666666666666667,0.6,0.2666666666666666,0.8745910577971647,0.9593301435406698,0.8036072144288577,0.0011750881316098707,401,17,14450,98,479,5,0.010438413361169102,6,27.30499977270762,13.184398571569798,86,0,0.0,0.0,0,34.63114495144965,0.5_0.1,single,0.5_0.1,f1,3,3,0.5,0.1,21
18,17,0.9444444444444444,1.1058823529411768,1.1,0.16470588235294126,0.936868686868687,0.9946380697050938,0.8854415274463007,0.00016310552927744252,371,2,12260,48,479,1,0.0020876826722338203,1,27.30499977270762,2.1973997619282994,86,0,0.0,0.0,0,,MULTI[1.0_0.1+0.5_0.1],multi,1.0_0.1+0.5_0.1,f1,3,3,,,21
18,18,1.0,0.7666666666666666,0.6,0.2666666666666666,0.8675496688741722,0.9656019656019657,0.7875751503006012,0.0009677196377963641,393,14,14453,106,479,4,0.008350730688935281,6,27.30499977270762,13.184398571569798,86,0,0.0,0.0,0,35.558153397492674,0.5_0.1,single,0.5_0.1,f1,4,4,0.5,0.1,21
18,17,0.9444444444444444,1.1058823529411768,1.1,0.16470588235294126,0.9245982694684797,0.958974358974359,0.8926014319809069,0.0013048442342195401,374,16,12246,45,479,3,0.006263048016701462,4,27.30499977270762,8.789599047713198,86,0,0.0,0.0,0,,MULTI[1.0_0.1+0.5_0.1],multi,1.0_0.1+0.5_0.1,f1,4,4,,,21
18,18,1.0,0.7,0.6,0.19999999999999998,0.8761329305135951,0.8805668016194332,0.8717434869739479,0.004078247044998963,435,59,14408,64,479,11,0.022964509394572025,16,27.30499977270762,35.15839619085279,86,0,0.0,0.0,0,30.06648468087635,0.5_0.1,single,0.5_0.1,normal_quantile,0,0,0.5,0.1,21
18,18,1.0,1.0722222222222224,1.1,0.12777777777777788,0.8640883977900552,0.8045267489711934,0.9331742243436754,0.007747512640678519,391,95,12167,28,479,16,0.033402922755741124,23,27.30499977270762,50.54019452435089,86,0,0.0,0.0,0,,MULTI[1.0_0.1+0.5_0.1],multi,1.0_0.1+0.5_0.1,normal_quantile,0,0,,,21
18,18,1.0,0.7166666666666666,0.6,0.21666666666666667,0.8702928870292886,0.9102844638949672,0.8336673346693386,0.0028340360821179234,416,41,14426,83,479,6,0.012526096033402923,8,27.30499977270762,17.579198095426396,86,0,0.0,0.0,0,30.009247666166477,0.5_0.1,single,0.5_0.1,normal_quantile,1,1,0.5,0.1,21
18,18,1.0,1.0722222222222224,1.1,0.12777777777777788,0.9097222222222222,0.8831460674157303,0.9379474940334129,0.004240743761213505,393,52,12210,26,479,8,0.016701461377870562,16,27.30499977270762,35.15839619085279,86,0,0.0,0.0,0,,MULTI[1.0_0.1+0.5_0.1],multi,1.0_0.1+0.5_0.1,normal_quantile,1,1,,,21
18,18,1.0,0.7277777777777776,0.6,0.22777777777777775,0.8825995807127883,0.9252747252747253,0.843687374749499,0.0023501762632197414,421,34,14433,78,479,8,0.016701461377870562,12,27.30499977270762,26.368797143139595,86,0,0.0,0.0,0,29.985911390506224,0.5_0.1,single,0.5_0.1,normal_quantile,2,2,0.5,0.1,21
18,18,1.0,1.0722222222222224,1.1,0.12777777777777788,0.9150174621653085,0.8931818181818182,0.9379474940334129,0.003832979938019899,393,47,12215,26,479,8,0.016701461377870562,17,27.30499977270762,37.355795952781094,86,0,0.0,0.0,0,,MULTI[1.0_0.1+0.5_0.1],multi,1.0_0.1+0.5_0.1,normal_quantile,2,2,,,21
18,18,1.0,0.711111111111111,0.6,0.2111111111111111,0.891213389121339,0.9321663019693655,0.8537074148296593,0.002142807769406235,426,31,14436,73,479,7,0.014613778705636743,9,27.30499977270762,19.776597857354695,86,0,0.0,0.0,0,29.73171498988773,0.5_0.1,single,0.5_0.1,normal_quantile,3,3,0.5,0.1,21
18,18,1.0,1.0722222222222224,1.1,0.12777777777777788,0.92,0.9071925754060325,0.9331742243436754,0.00326211058554885,391,40,12222,28,479,8,0.016701461377870562,13,27.30499977270762,28.566196905067894,86,0,0.0,0.0,0,,MULTI[1.0_0.1+0.5_0.1],multi,1.0_0.1+0.5_0.1,normal_quantile,3,3,,,21
18,18,1.0,0.7222222222222222,0.6,0.2222222222222222,0.8797533401849947,0.9029535864978903,0.8577154308617234,0.003179650238473768,428,46,14421,71,479,9,0.018789144050104383,13,27.30499977270762,28.566196905067894,86,0,0.0,0.0,0,29.104419592611457,0.5_0.1,single,0.5_0.1,normal_quantile,4,4,0.5,0.1,21
18,18,1.0,1.0722222222222224,1.1,0.12777777777777788,0.913953488372093,0.891156462585034,0.9379474940334129,0.00391453270265862,393,48,12214,26,479,9,0.018789144050104383,14,27.30499977270762,30.763596666996193,86,0,0.0,0.0,0,,MULTI[1.0_0.1+0.5_0.1],multi,1.0_0.1+0.5_0.1,normal_quantile,4,4,,,21
