source,segment_id,group_id,start_time,end_time,duration_sec,rows,max_gap_sec,idle_ratio,idle_majority,label,fault_onset_time,split,evaluable_common,evaluable_this_W
fault,0,fault_0,2022-07-17 10:51:07.943,2022-07-17 10:51:08.243,0.3,4,0.1,0.0,0,1,2022-07-17 10:51:07.943,EXCLUDED_SHORT,False,False
fault,1,fault_1,2022-07-17 10:51:16.724,2022-07-17 10:51:21.624,4.9,50,8.481,0.0,0,1,2022-07-17 10:51:16.724,train,True,True
fault,10,fault_10,2022-07-17 10:52:29.326,2022-07-17 10:52:29.626,0.3,4,7.608,0.0,0,1,2022-07-17 10:52:29.326,EXCLUDED_SHORT,False,False
fault,11,fault_11,2022-07-17 10:52:38.172,2022-07-17 10:52:43.072,4.9,50,8.546,0.0,0,1,2022-07-17 10:52:38.172,test,True,True
fault,12,fault_12,2022-07-17 10:52:45.655,2022-07-17 10:52:49.755,4.1,42,2.583,0.0,0,1,2022-07-17 10:52:45.655,val,True,True
fault,13,fault_13,2022-07-17 10:52:53.769,2022-07-17 10:52:56.469,2.7,28,4.014,0.0,0,1,2022-07-17 10:52:53.769,train,True,True
fault,14,fault_14,2022-07-17 10:53:01.909,2022-07-17 10:53:03.309,1.4,15,5.44,0.0,0,1,2022-07-17 10:53:01.909,train,True,True
fault,15,fault_15,2022-07-17 10:53:11.764,2022-07-17 10:53:16.664,4.9,50,8.455,0.0,0,1,2022-07-17 10:53:11.764,train,True,True
fault,16,fault_16,2022-07-17 10:53:18.444,2022-07-17 10:53:23.344,4.9,50,1.78,0.0,0,1,2022-07-17 10:53:18.444,test,True,True
fault,17,fault_17,2022-07-17 10:53:26.553,2022-07-17 10:53:30.053,3.5,36,3.209,0.0,0,1,2022-07-17 10:53:26.553,train,True,True
fault,18,fault_18,2022-07-17 10:53:34.639,2022-07-17 10:53:36.939,2.3,24,4.586,0.0,0,1,2022-07-17 10:53:34.639,val,True,True
fault,19,fault_19,2022-07-17 10:53:42.668,2022-07-17 10:53:43.568,0.9,10,5.729,0.0,0,1,2022-07-17 10:53:42.668,EXCLUDED_SHORT,False,False
fault,2,fault_2,2022-07-17 10:51:23.615,2022-07-17 10:51:28.215,4.6,47,1.991,0.0,0,1,2022-07-17 10:51:23.615,val,True,True
fault,20,fault_20,2022-07-17 10:53:52.140,2022-07-17 10:53:53.540,1.4,15,8.572,0.0,0,1,2022-07-17 10:53:52.140,train,True,True
fault,3,fault_3,2022-07-17 10:51:31.734,2022-07-17 10:51:34.734,3.0,31,3.519,0.0,0,1,2022-07-17 10:51:31.734,train,True,True
fault,4,fault_4,2022-07-17 10:51:39.999,2022-07-17 10:51:41.699,1.7,18,5.265,0.0,0,1,2022-07-17 10:51:39.999,train,True,True
fault,5,fault_5,2022-07-17 10:51:48.093,2022-07-17 10:51:48.293,0.2,3,6.394,0.0,0,1,2022-07-17 10:51:48.093,EXCLUDED_SHORT,False,False
fault,6,fault_6,2022-07-17 10:51:56.684,2022-07-17 10:52:01.584,4.9,50,8.391,0.0,0,1,2022-07-17 10:51:56.684,train,True,True
fault,7,fault_7,2022-07-17 10:52:04.407,2022-07-17 10:52:08.307,3.9,40,2.823,0.0,0,1,2022-07-17 10:52:04.407,train,True,True
fault,8,fault_8,2022-07-17 10:52:12.567,2022-07-17 10:52:14.967,2.4,25,4.26,0.0,0,1,2022-07-17 10:52:12.567,test,True,True
fault,9,fault_9,2022-07-17 10:52:21.018,2022-07-17 10:52:21.718,0.7,8,6.051,0.0,0,1,2022-07-17 10:52:21.018,EXCLUDED_SHORT,False,False
