repeat,seed,fold,detector,threshold,quantile
0,0,0,sample,15.870837307125974,0.9999
0,0,0,win05,34.941412467109544,0.9999
0,0,0,win1,33.937169991268156,0.9999
0,0,1,sample,15.23084498847261,0.9999
0,0,1,win05,56.191535344987564,0.9999
0,0,1,win1,58.21733099478119,0.9999
0,0,2,sample,15.943656159753884,0.9999
0,0,2,win05,45.070662858851875,0.9999
0,0,2,win1,31.577044237876294,0.9999
0,0,3,sample,20.53218280993744,0.9999
0,0,3,win05,65.95672885248392,0.9999
0,0,3,win1,63.86642901063424,0.9999
0,0,4,sample,14.659010765653004,0.9999
0,0,4,win05,36.70558014974782,0.9999
0,0,4,win1,35.865004283245575,0.9999
1,1,0,sample,15.68135393564351,0.9999
1,1,0,win05,49.04967046757572,0.9999
1,1,0,win1,57.11830662530842,0.9999
1,1,1,sample,15.835755942884706,0.9999
1,1,1,win05,43.84521186873598,0.9999
1,1,1,win1,30.89013354036992,0.9999
1,1,2,sample,16.998985337185736,0.9999
1,1,2,win05,55.392454152589686,0.9999
1,1,2,win1,52.77458055684365,0.9999
1,1,3,sample,14.929467187534554,0.9999
1,1,3,win05,55.417741021484005,0.9999
1,1,3,win1,56.19404515200639,0.9999
1,1,4,sample,20.244393720397703,0.9999
1,1,4,win05,65.54004072980104,0.9999
1,1,4,win1,64.02119622115337,0.9999
2,2,0,sample,14.940422567146236,0.9999
2,2,0,win05,54.568267668911986,0.9999
2,2,0,win1,55.54484312052133,0.9999
2,2,1,sample,16.833182875537254,0.9999
2,2,1,win05,56.025592730808675,0.9999
2,2,1,win1,54.758186374624806,0.9999
2,2,2,sample,15.323526489416619,0.9999
2,2,2,win05,36.742408509284466,0.9999
2,2,2,win1,33.641776519906905,0.9999
2,2,3,sample,20.270757558811933,0.9999
2,2,3,win05,64.10244300667776,0.9999
2,2,3,win1,63.825694593878055,0.9999
2,2,4,sample,14.564700387854579,0.9999
2,2,4,win05,45.21993440729918,0.9999
2,2,4,win1,31.2638455714571,0.9999
3,3,0,sample,14.580654971183796,0.9999
3,3,0,win05,55.411817206178405,0.9999
3,3,0,win1,57.57559525669379,0.9999
3,3,1,sample,16.099941002380238,0.9999
3,3,1,win05,38.068554474163356,0.9999
3,3,1,win1,33.80451643821945,0.9999
3,3,2,sample,16.845597167479987,0.9999
3,3,2,win05,55.1600739021858,0.9999
3,3,2,win1,53.33913968953939,0.9999
3,3,3,sample,15.409154748957471,0.9999
3,3,3,win05,34.778489669612604,0.9999
3,3,3,win1,31.06832683363147,0.9999
3,3,4,sample,20.68681788501347,0.9999
3,3,4,win05,64.58717056077064,0.9999
3,3,4,win1,65.6959668332536,0.9999
4,4,0,sample,20.105458651746442,0.9999
4,4,0,win05,64.82191613847148,0.9999
4,4,0,win1,63.942416062927556,0.9999
4,4,1,sample,16.89641207562217,0.9999
4,4,1,win05,58.5129102159902,0.9999
4,4,1,win1,63.69080492173745,0.9999
4,4,2,sample,12.966367333188916,0.9999
4,4,2,win05,35.70850713867957,0.9999
4,4,2,win1,30.71394781438792,0.9999
4,4,3,sample,15.067576463325883,0.9999
4,4,3,win05,36.733662488786386,0.9999
4,4,3,win1,33.2360890423656,0.9999
4,4,4,sample,16.21575433610659,0.9999
4,4,4,win05,36.67038565606383,0.9999
4,4,4,win1,32.826582827571855,0.9999
