config,threshold_mode,n_events,n_events_long,normal_cycles,idle_cycles,repeats,event_detection_rate_mean,event_detection_rate_std,event_detection_rate_long_mean,event_detection_rate_long_std,delay_mean_sec_mean,delay_mean_sec_std,samples_to_alarm_mean_mean,samples_to_alarm_mean_std,sample_f1_mean,sample_f1_std,sample_precision_mean,sample_precision_std,sample_recall_mean,sample_recall_std,fa_episodes_mean,fa_episodes_std,fa_cycle_rate_mean,fa_cycle_rate_std,fa_per_hour_observed_mean,fa_per_hour_observed_std,idle_fa_cycle_rate_mean,idle_fa_cycle_rate_std,idle_sample_fpr_mean,idle_sample_fpr_std
raw_diff|mean1(mp=1),f1,21,16,511,88,5,0.8571428571428571,0.0,0.875,0.0,0.43444444444677277,0.002484519974421302,5.344444444444443,0.024845199749997975,0.5843225068945388,0.008678126730556715,0.9535781324113435,0.01573568126720601,0.4213333333333333,0.009817784316682085,8.4,3.646916505762094,0.012915851272015656,0.005967886763983133,17.839655477552945,7.745206430737741,0.0,0.0,0.0,0.0
raw_diff|mean1(mp=1),normal_quantile,21,16,511,88,5,0.8571428571428571,0.0,0.875,0.0,0.4333333333359203,6.206335383118183e-17,5.333333333333333,0.0,0.5905454789572421,0.002148419957384545,0.9106618220371955,0.014824127436916412,0.437,0.0027386127875258315,17.4,3.4351128074635335,0.025440313111545987,0.0057054323824318005,36.953572060645385,7.295384406152272,0.0,0.0,0.0,0.0
raw_diff|mean2(mp=2),f1,21,16,511,88,5,0.8571428571428571,0.0,0.875,0.0,0.5011111111192601,0.0024845199751444146,6.011111111111111,0.024845199749997576,0.5841894442924855,0.0022169206860569862,0.9541539017730815,0.015250942230074832,0.421,0.0014907119849998725,10.0,3.3166247903554,0.014090019569471623,0.006094877300351248,21.237685092324934,7.04374328669662,0.0,0.0,0.0,0.0
raw_diff|mean2(mp=2),normal_quantile,21,16,511,88,5,0.8571428571428571,0.0,0.875,0.0,0.4944444444522055,0.0,5.944444444444445,0.0,0.5837683374657728,0.003268860999997136,0.9150391853627575,0.02001515310910067,0.4286666666666667,0.0013944333775567784,18.6,3.7815340802378077,0.028180039138943246,0.004058012006522059,39.502094271724374,8.031102996198513,0.0,0.0,0.0,0.0
raw_diff|mean3(mp=3),f1,21,16,511,88,5,0.8571428571428571,0.0,0.875,0.0,0.5677777777878671,0.0024845199744212773,6.677777777777777,0.024845199749997576,0.5832552202922721,0.004958714340642072,0.9526647786389673,0.016524888126803826,0.42033333333333334,0.004624812308503885,7.8,2.6832815729997477,0.011741682974559686,0.00338953191305064,16.56539437201345,5.6986689061406945,0.0,0.0,0.0,0.0
raw_diff|mean3(mp=3),normal_quantile,21,16,511,88,5,0.8571428571428571,0.0,0.875,0.0,0.5677777777872204,0.004648111258599948,6.677777777777777,0.046481112585226574,0.5829012173045827,0.0033365226594779065,0.9228114220139,0.010047131871425434,0.426,0.0019002923751652375,13.2,1.3038404810405297,0.019960861056751468,0.003215592314120349,28.033744321868916,2.76905535469642,0.0,0.0,0.0,0.0
raw_diff|mean5(mp=5),f1,21,16,511,88,5,0.7142857142857143,0.0,0.875,0.0,0.7800000000085371,0.0,8.8,0.0,0.5755473255832079,0.0038242395442520997,0.9442930199691716,0.02287869055068568,0.414,0.003248931448269657,5.0,2.0,0.007827788649706457,0.004151311826926893,10.618842546162465,4.247537018464984,0.0,0.0,0.0,0.0
raw_diff|mean5(mp=5),normal_quantile,21,16,511,88,5,0.7142857142857143,0.0,0.875,0.0,0.7800000000085371,0.0,8.8,0.0,0.5734738176457319,0.003702487234448761,0.9088035379585457,0.024074076896674425,0.41900000000000004,0.00190029237516523,10.4,3.646916505762094,0.015264187866927592,0.006094877300351248,22.087192496017934,7.745206430737736,0.0,0.0,0.0,0.0
raw_diff|mean10(mp=10),f1,21,16,511,88,5,0.6666666666666666,0.0,0.875,0.0,1.1671428571538336,0.00391230398126894,12.671428571428573,0.03912303982179744,0.5448671130850219,0.007450579964412879,0.9490091456930166,0.031273923849307966,0.3823333333333333,0.0084656167328002,2.0,1.8708286933869707,0.0027397260273972603,0.002967857316654227,4.247537018464987,3.97320706518382,0.0,0.0,0.0,0.0
raw_diff|mean10(mp=10),normal_quantile,21,16,511,88,5,0.6666666666666666,0.0,0.875,0.0,1.1642857142973557,0.0,12.642857142857142,0.0,0.5461788686541894,0.007870477099012688,0.8714667894341446,0.04299359803800127,0.398,0.002173067468400886,7.2,5.540758070878027,0.010567514677103717,0.0077787111210770215,15.291133266473953,11.767287508206532,0.0,0.0,0.0,0.0
