config,threshold_mode,group_id,detect_rate,delay_mean_sec,n_rows,duration_sec
raw_diff|mean1(mp=1),f1,fault_10,1.0,0.0,4,0.30000000004656613
raw_diff|mean1(mp=1),f1,fault_11,1.0,0.0,50,4.900000000023283
raw_diff|mean1(mp=1),f1,fault_13,1.0,0.20000000001164153,28,2.7000000000116415
raw_diff|mean1(mp=1),f1,fault_18,1.0,0.9000000000232831,24,2.2999999999883585
raw_diff|mean1(mp=1),f1,fault_4,1.0,0.30000000004656613,18,1.7000000000116415
raw_diff|mean1(mp=1),f1,fault_6,1.0,0.0,50,4.900000000023283
raw_diff|mean1(mp=1),f1,fault_19,0.0,,10,0.9000000000232831
raw_diff|mean1(mp=1),f1,fault_2,1.0,1.2999999999883585,47,4.599999999976717
raw_diff|mean1(mp=1),f1,fault_20,0.0,,15,1.400000000023283
raw_diff|mean1(mp=1),f1,fault_3,0.0,,31,3.0
raw_diff|mean1(mp=1),f1,fault_7,1.0,0.0,40,3.900000000023283
raw_diff|mean1(mp=1),f1,fault_14,1.0,0.0,15,1.3999999999650754
raw_diff|mean1(mp=1),f1,fault_15,1.0,3.2999999999883585,50,4.900000000023283
raw_diff|mean1(mp=1),f1,fault_16,1.0,0.0,50,4.900000000023283
raw_diff|mean1(mp=1),f1,fault_17,1.0,0.0,36,3.5
raw_diff|mean1(mp=1),f1,fault_5,1.0,0.0,3,0.19999999995343387
raw_diff|mean1(mp=1),f1,fault_0,1.0,0.0,4,0.29999999998835847
raw_diff|mean1(mp=1),f1,fault_1,1.0,0.01999999999534339,50,4.899999999965075
raw_diff|mean1(mp=1),f1,fault_12,1.0,0.09999999997671694,42,4.099999999976717
raw_diff|mean1(mp=1),f1,fault_8,1.0,1.7000000000116415,25,2.3999999999650754
raw_diff|mean1(mp=1),f1,fault_9,1.0,0.0,8,0.7000000000116415
raw_diff|mean1(mp=1),normal_quantile,fault_10,1.0,0.0,4,0.30000000004656613
raw_diff|mean1(mp=1),normal_quantile,fault_11,1.0,0.0,50,4.900000000023283
raw_diff|mean1(mp=1),normal_quantile,fault_13,1.0,0.20000000001164153,28,2.7000000000116415
raw_diff|mean1(mp=1),normal_quantile,fault_18,1.0,0.9000000000232831,24,2.2999999999883585
raw_diff|mean1(mp=1),normal_quantile,fault_4,1.0,0.30000000004656613,18,1.7000000000116415
raw_diff|mean1(mp=1),normal_quantile,fault_6,1.0,0.0,50,4.900000000023283
raw_diff|mean1(mp=1),normal_quantile,fault_19,0.0,,10,0.9000000000232831
raw_diff|mean1(mp=1),normal_quantile,fault_2,1.0,1.2999999999883585,47,4.599999999976717
raw_diff|mean1(mp=1),normal_quantile,fault_20,0.0,,15,1.400000000023283
raw_diff|mean1(mp=1),normal_quantile,fault_3,0.0,,31,3.0
raw_diff|mean1(mp=1),normal_quantile,fault_7,1.0,0.0,40,3.900000000023283
raw_diff|mean1(mp=1),normal_quantile,fault_14,1.0,0.0,15,1.3999999999650754
raw_diff|mean1(mp=1),normal_quantile,fault_15,1.0,3.2999999999883585,50,4.900000000023283
raw_diff|mean1(mp=1),normal_quantile,fault_16,1.0,0.0,50,4.900000000023283
raw_diff|mean1(mp=1),normal_quantile,fault_17,1.0,0.0,36,3.5
raw_diff|mean1(mp=1),normal_quantile,fault_5,1.0,0.0,3,0.19999999995343387
raw_diff|mean1(mp=1),normal_quantile,fault_0,1.0,0.0,4,0.29999999998835847
raw_diff|mean1(mp=1),normal_quantile,fault_1,1.0,0.0,50,4.899999999965075
raw_diff|mean1(mp=1),normal_quantile,fault_12,1.0,0.09999999997671694,42,4.099999999976717
raw_diff|mean1(mp=1),normal_quantile,fault_8,1.0,1.7000000000116415,25,2.3999999999650754
raw_diff|mean1(mp=1),normal_quantile,fault_9,1.0,0.0,8,0.7000000000116415
raw_diff|mean2(mp=2),f1,fault_10,1.0,0.1000000000349246,4,0.30000000004656613
raw_diff|mean2(mp=2),f1,fault_11,1.0,0.1000000000349246,50,4.900000000023283
raw_diff|mean2(mp=2),f1,fault_13,1.0,0.20000000001164153,28,2.7000000000116415
raw_diff|mean2(mp=2),f1,fault_18,1.0,0.9000000000232831,24,2.2999999999883585
raw_diff|mean2(mp=2),f1,fault_4,1.0,0.3600000000325963,18,1.7000000000116415
raw_diff|mean2(mp=2),f1,fault_6,1.0,0.1000000000349246,50,4.900000000023283
raw_diff|mean2(mp=2),f1,fault_19,0.0,,10,0.9000000000232831
raw_diff|mean2(mp=2),f1,fault_2,1.0,1.2999999999883585,47,4.599999999976717
raw_diff|mean2(mp=2),f1,fault_20,0.0,,15,1.400000000023283
raw_diff|mean2(mp=2),f1,fault_3,0.0,,31,3.0
raw_diff|mean2(mp=2),f1,fault_7,1.0,0.1000000000349246,40,3.900000000023283
raw_diff|mean2(mp=2),f1,fault_14,1.0,0.09999999997671694,15,1.3999999999650754
raw_diff|mean2(mp=2),f1,fault_15,1.0,3.3600000000093133,50,4.900000000023283
raw_diff|mean2(mp=2),f1,fault_16,1.0,0.1000000000349246,50,4.900000000023283
raw_diff|mean2(mp=2),f1,fault_17,1.0,0.1000000000349246,36,3.5
raw_diff|mean2(mp=2),f1,fault_5,1.0,0.09999999997671694,3,0.19999999995343387
raw_diff|mean2(mp=2),f1,fault_0,1.0,0.09999999997671694,4,0.29999999998835847
raw_diff|mean2(mp=2),f1,fault_1,1.0,0.09999999997671694,50,4.899999999965075
raw_diff|mean2(mp=2),f1,fault_12,1.0,0.09999999997671694,42,4.099999999976717
raw_diff|mean2(mp=2),f1,fault_8,1.0,1.7000000000116415,25,2.3999999999650754
raw_diff|mean2(mp=2),f1,fault_9,1.0,0.09999999997671694,8,0.7000000000116415
raw_diff|mean2(mp=2),normal_quantile,fault_10,1.0,0.1000000000349246,4,0.30000000004656613
raw_diff|mean2(mp=2),normal_quantile,fault_11,1.0,0.1000000000349246,50,4.900000000023283
raw_diff|mean2(mp=2),normal_quantile,fault_13,1.0,0.20000000001164153,28,2.7000000000116415
raw_diff|mean2(mp=2),normal_quantile,fault_18,1.0,0.9000000000232831,24,2.2999999999883585
raw_diff|mean2(mp=2),normal_quantile,fault_4,1.0,0.30000000004656613,18,1.7000000000116415
raw_diff|mean2(mp=2),normal_quantile,fault_6,1.0,0.1000000000349246,50,4.900000000023283
raw_diff|mean2(mp=2),normal_quantile,fault_19,0.0,,10,0.9000000000232831
raw_diff|mean2(mp=2),normal_quantile,fault_2,1.0,1.2999999999883585,47,4.599999999976717
raw_diff|mean2(mp=2),normal_quantile,fault_20,0.0,,15,1.400000000023283
raw_diff|mean2(mp=2),normal_quantile,fault_3,0.0,,31,3.0
raw_diff|mean2(mp=2),normal_quantile,fault_7,1.0,0.1000000000349246,40,3.900000000023283
raw_diff|mean2(mp=2),normal_quantile,fault_14,1.0,0.09999999997671694,15,1.3999999999650754
raw_diff|mean2(mp=2),normal_quantile,fault_15,1.0,3.2999999999883585,50,4.900000000023283
raw_diff|mean2(mp=2),normal_quantile,fault_16,1.0,0.1000000000349246,50,4.900000000023283
raw_diff|mean2(mp=2),normal_quantile,fault_17,1.0,0.1000000000349246,36,3.5
raw_diff|mean2(mp=2),normal_quantile,fault_5,1.0,0.09999999997671694,3,0.19999999995343387
raw_diff|mean2(mp=2),normal_quantile,fault_0,1.0,0.09999999997671694,4,0.29999999998835847
raw_diff|mean2(mp=2),normal_quantile,fault_1,1.0,0.09999999997671694,50,4.899999999965075
raw_diff|mean2(mp=2),normal_quantile,fault_12,1.0,0.09999999997671694,42,4.099999999976717
raw_diff|mean2(mp=2),normal_quantile,fault_8,1.0,1.7000000000116415,25,2.3999999999650754
raw_diff|mean2(mp=2),normal_quantile,fault_9,1.0,0.09999999997671694,8,0.7000000000116415
raw_diff|mean3(mp=3),f1,fault_10,1.0,0.20000000001164153,4,0.30000000004656613
raw_diff|mean3(mp=3),f1,fault_11,1.0,0.20000000001164153,50,4.900000000023283
raw_diff|mean3(mp=3),f1,fault_13,1.0,0.20000000001164153,28,2.7000000000116415
raw_diff|mean3(mp=3),f1,fault_18,1.0,0.9000000000232831,24,2.2999999999883585
raw_diff|mean3(mp=3),f1,fault_4,1.0,0.32000000004190954,18,1.7000000000116415
raw_diff|mean3(mp=3),f1,fault_6,1.0,0.20000000001164153,50,4.900000000023283
raw_diff|mean3(mp=3),f1,fault_19,0.0,,10,0.9000000000232831
raw_diff|mean3(mp=3),f1,fault_2,1.0,1.2999999999883585,47,4.599999999976717
raw_diff|mean3(mp=3),f1,fault_20,0.0,,15,1.400000000023283
raw_diff|mean3(mp=3),f1,fault_3,0.0,,31,3.0
raw_diff|mean3(mp=3),f1,fault_7,1.0,0.20000000001164153,40,3.900000000023283
raw_diff|mean3(mp=3),f1,fault_14,1.0,0.20000000001164153,15,1.3999999999650754
raw_diff|mean3(mp=3),f1,fault_15,1.0,3.400000000023283,50,4.900000000023283
raw_diff|mean3(mp=3),f1,fault_16,1.0,0.20000000001164153,50,4.900000000023283
raw_diff|mean3(mp=3),f1,fault_17,1.0,0.20000000001164153,36,3.5
raw_diff|mean3(mp=3),f1,fault_5,1.0,0.19999999995343387,3,0.19999999995343387
raw_diff|mean3(mp=3),f1,fault_0,1.0,0.20000000001164153,4,0.29999999998835847
raw_diff|mean3(mp=3),f1,fault_1,1.0,0.20000000001164153,50,4.899999999965075
raw_diff|mean3(mp=3),f1,fault_12,1.0,0.20000000001164153,42,4.099999999976717
raw_diff|mean3(mp=3),f1,fault_8,1.0,1.7000000000116415,25,2.3999999999650754
raw_diff|mean3(mp=3),f1,fault_9,1.0,0.20000000001164153,8,0.7000000000116415
raw_diff|mean3(mp=3),normal_quantile,fault_10,1.0,0.20000000001164153,4,0.30000000004656613
raw_diff|mean3(mp=3),normal_quantile,fault_11,1.0,0.20000000001164153,50,4.900000000023283
raw_diff|mean3(mp=3),normal_quantile,fault_13,1.0,0.20000000001164153,28,2.7000000000116415
raw_diff|mean3(mp=3),normal_quantile,fault_18,1.0,0.9000000000232831,24,2.2999999999883585
raw_diff|mean3(mp=3),normal_quantile,fault_4,1.0,0.3400000000372529,18,1.7000000000116415
raw_diff|mean3(mp=3),normal_quantile,fault_6,1.0,0.20000000001164153,50,4.900000000023283
raw_diff|mean3(mp=3),normal_quantile,fault_19,0.0,,10,0.9000000000232831
raw_diff|mean3(mp=3),normal_quantile,fault_2,1.0,1.2999999999883585,47,4.599999999976717
raw_diff|mean3(mp=3),normal_quantile,fault_20,0.0,,15,1.400000000023283
raw_diff|mean3(mp=3),normal_quantile,fault_3,0.0,,31,3.0
raw_diff|mean3(mp=3),normal_quantile,fault_7,1.0,0.20000000001164153,40,3.900000000023283
raw_diff|mean3(mp=3),normal_quantile,fault_14,1.0,0.20000000001164153,15,1.3999999999650754
raw_diff|mean3(mp=3),normal_quantile,fault_15,1.0,3.380000000016298,50,4.900000000023283
raw_diff|mean3(mp=3),normal_quantile,fault_16,1.0,0.20000000001164153,50,4.900000000023283
raw_diff|mean3(mp=3),normal_quantile,fault_17,1.0,0.20000000001164153,36,3.5
raw_diff|mean3(mp=3),normal_quantile,fault_5,1.0,0.19999999995343387,3,0.19999999995343387
raw_diff|mean3(mp=3),normal_quantile,fault_0,1.0,0.20000000001164153,4,0.29999999998835847
raw_diff|mean3(mp=3),normal_quantile,fault_1,1.0,0.20000000001164153,50,4.899999999965075
raw_diff|mean3(mp=3),normal_quantile,fault_12,1.0,0.20000000001164153,42,4.099999999976717
raw_diff|mean3(mp=3),normal_quantile,fault_8,1.0,1.7000000000116415,25,2.3999999999650754
raw_diff|mean3(mp=3),normal_quantile,fault_9,1.0,0.20000000001164153,8,0.7000000000116415
raw_diff|mean5(mp=5),f1,fault_10,0.0,,4,0.30000000004656613
raw_diff|mean5(mp=5),f1,fault_11,1.0,0.40000000002328306,50,4.900000000023283
raw_diff|mean5(mp=5),f1,fault_13,1.0,0.40000000002328306,28,2.7000000000116415
raw_diff|mean5(mp=5),f1,fault_18,1.0,0.9000000000232831,24,2.2999999999883585
raw_diff|mean5(mp=5),f1,fault_4,1.0,0.40000000002328306,18,1.7000000000116415
raw_diff|mean5(mp=5),f1,fault_6,1.0,0.40000000002328306,50,4.900000000023283
raw_diff|mean5(mp=5),f1,fault_19,0.0,,10,0.9000000000232831
raw_diff|mean5(mp=5),f1,fault_2,1.0,1.2999999999883585,47,4.599999999976717
raw_diff|mean5(mp=5),f1,fault_20,0.0,,15,1.400000000023283
raw_diff|mean5(mp=5),f1,fault_3,0.0,,31,3.0
raw_diff|mean5(mp=5),f1,fault_7,1.0,0.40000000002328306,40,3.900000000023283
raw_diff|mean5(mp=5),f1,fault_14,1.0,0.3999999999650754,15,1.3999999999650754
raw_diff|mean5(mp=5),f1,fault_15,1.0,3.400000000023283,50,4.900000000023283
raw_diff|mean5(mp=5),f1,fault_16,1.0,0.40000000002328306,50,4.900000000023283
raw_diff|mean5(mp=5),f1,fault_17,1.0,0.40000000002328306,36,3.5
raw_diff|mean5(mp=5),f1,fault_5,0.0,,3,0.19999999995343387
raw_diff|mean5(mp=5),f1,fault_0,0.0,,4,0.29999999998835847
raw_diff|mean5(mp=5),f1,fault_1,1.0,0.3999999999650754,50,4.899999999965075
raw_diff|mean5(mp=5),f1,fault_12,1.0,0.40000000002328306,42,4.099999999976717
raw_diff|mean5(mp=5),f1,fault_8,1.0,1.7000000000116415,25,2.3999999999650754
raw_diff|mean5(mp=5),f1,fault_9,1.0,0.3999999999650754,8,0.7000000000116415
raw_diff|mean5(mp=5),normal_quantile,fault_10,0.0,,4,0.30000000004656613
raw_diff|mean5(mp=5),normal_quantile,fault_11,1.0,0.40000000002328306,50,4.900000000023283
raw_diff|mean5(mp=5),normal_quantile,fault_13,1.0,0.40000000002328306,28,2.7000000000116415
raw_diff|mean5(mp=5),normal_quantile,fault_18,1.0,0.9000000000232831,24,2.2999999999883585
raw_diff|mean5(mp=5),normal_quantile,fault_4,1.0,0.40000000002328306,18,1.7000000000116415
raw_diff|mean5(mp=5),normal_quantile,fault_6,1.0,0.40000000002328306,50,4.900000000023283
raw_diff|mean5(mp=5),normal_quantile,fault_19,0.0,,10,0.9000000000232831
raw_diff|mean5(mp=5),normal_quantile,fault_2,1.0,1.2999999999883585,47,4.599999999976717
raw_diff|mean5(mp=5),normal_quantile,fault_20,0.0,,15,1.400000000023283
raw_diff|mean5(mp=5),normal_quantile,fault_3,0.0,,31,3.0
raw_diff|mean5(mp=5),normal_quantile,fault_7,1.0,0.40000000002328306,40,3.900000000023283
raw_diff|mean5(mp=5),normal_quantile,fault_14,1.0,0.3999999999650754,15,1.3999999999650754
raw_diff|mean5(mp=5),normal_quantile,fault_15,1.0,3.400000000023283,50,4.900000000023283
raw_diff|mean5(mp=5),normal_quantile,fault_16,1.0,0.40000000002328306,50,4.900000000023283
raw_diff|mean5(mp=5),normal_quantile,fault_17,1.0,0.40000000002328306,36,3.5
raw_diff|mean5(mp=5),normal_quantile,fault_5,0.0,,3,0.19999999995343387
raw_diff|mean5(mp=5),normal_quantile,fault_0,0.0,,4,0.29999999998835847
raw_diff|mean5(mp=5),normal_quantile,fault_1,1.0,0.3999999999650754,50,4.899999999965075
raw_diff|mean5(mp=5),normal_quantile,fault_12,1.0,0.40000000002328306,42,4.099999999976717
raw_diff|mean5(mp=5),normal_quantile,fault_8,1.0,1.7000000000116415,25,2.3999999999650754
raw_diff|mean5(mp=5),normal_quantile,fault_9,1.0,0.3999999999650754,8,0.7000000000116415
raw_diff|mean10(mp=10),f1,fault_10,0.0,,4,0.30000000004656613
raw_diff|mean10(mp=10),f1,fault_11,1.0,0.9000000000232831,50,4.900000000023283
raw_diff|mean10(mp=10),f1,fault_13,1.0,0.9000000000232831,28,2.7000000000116415
raw_diff|mean10(mp=10),f1,fault_18,1.0,0.9000000000232831,24,2.2999999999883585
raw_diff|mean10(mp=10),f1,fault_4,1.0,0.9000000000232831,18,1.7000000000116415
raw_diff|mean10(mp=10),f1,fault_6,1.0,0.9000000000232831,50,4.900000000023283
raw_diff|mean10(mp=10),f1,fault_19,0.0,,10,0.9000000000232831
raw_diff|mean10(mp=10),f1,fault_2,1.0,1.3199999999837018,47,4.599999999976717
raw_diff|mean10(mp=10),f1,fault_20,0.0,,15,1.400000000023283
raw_diff|mean10(mp=10),f1,fault_3,0.0,,31,3.0
raw_diff|mean10(mp=10),f1,fault_7,1.0,0.9000000000232831,40,3.900000000023283
raw_diff|mean10(mp=10),f1,fault_14,1.0,0.8999999999650754,15,1.3999999999650754
raw_diff|mean10(mp=10),f1,fault_15,1.0,3.4200000000186264,50,4.900000000023283
raw_diff|mean10(mp=10),f1,fault_16,1.0,0.9000000000232831,50,4.900000000023283
raw_diff|mean10(mp=10),f1,fault_17,1.0,0.9000000000232831,36,3.5
raw_diff|mean10(mp=10),f1,fault_5,0.0,,3,0.19999999995343387
raw_diff|mean10(mp=10),f1,fault_0,0.0,,4,0.29999999998835847
raw_diff|mean10(mp=10),f1,fault_1,1.0,0.8999999999650754,50,4.899999999965075
raw_diff|mean10(mp=10),f1,fault_12,1.0,0.9000000000232831,42,4.099999999976717
raw_diff|mean10(mp=10),f1,fault_8,1.0,1.7000000000116415,25,2.3999999999650754
raw_diff|mean10(mp=10),f1,fault_9,0.0,,8,0.7000000000116415
raw_diff|mean10(mp=10),normal_quantile,fault_10,0.0,,4,0.30000000004656613
raw_diff|mean10(mp=10),normal_quantile,fault_11,1.0,0.9000000000232831,50,4.900000000023283
raw_diff|mean10(mp=10),normal_quantile,fault_13,1.0,0.9000000000232831,28,2.7000000000116415
raw_diff|mean10(mp=10),normal_quantile,fault_18,1.0,0.9000000000232831,24,2.2999999999883585
raw_diff|mean10(mp=10),normal_quantile,fault_4,1.0,0.9000000000232831,18,1.7000000000116415
raw_diff|mean10(mp=10),normal_quantile,fault_6,1.0,0.9000000000232831,50,4.900000000023283
raw_diff|mean10(mp=10),normal_quantile,fault_19,0.0,,10,0.9000000000232831
raw_diff|mean10(mp=10),normal_quantile,fault_2,1.0,1.2999999999883585,47,4.599999999976717
raw_diff|mean10(mp=10),normal_quantile,fault_20,0.0,,15,1.400000000023283
raw_diff|mean10(mp=10),normal_quantile,fault_3,0.0,,31,3.0
raw_diff|mean10(mp=10),normal_quantile,fault_7,1.0,0.9000000000232831,40,3.900000000023283
raw_diff|mean10(mp=10),normal_quantile,fault_14,1.0,0.8999999999650754,15,1.3999999999650754
raw_diff|mean10(mp=10),normal_quantile,fault_15,1.0,3.400000000023283,50,4.900000000023283
raw_diff|mean10(mp=10),normal_quantile,fault_16,1.0,0.9000000000232831,50,4.900000000023283
raw_diff|mean10(mp=10),normal_quantile,fault_17,1.0,0.9000000000232831,36,3.5
raw_diff|mean10(mp=10),normal_quantile,fault_5,0.0,,3,0.19999999995343387
raw_diff|mean10(mp=10),normal_quantile,fault_0,0.0,,4,0.29999999998835847
raw_diff|mean10(mp=10),normal_quantile,fault_1,1.0,0.8999999999650754,50,4.899999999965075
raw_diff|mean10(mp=10),normal_quantile,fault_12,1.0,0.9000000000232831,42,4.099999999976717
raw_diff|mean10(mp=10),normal_quantile,fault_8,1.0,1.7000000000116415,25,2.3999999999650754
raw_diff|mean10(mp=10),normal_quantile,fault_9,0.0,,8,0.7000000000116415
