group_id,n_rows,duration_sec,detected,samples_to_alarm,delay_sec,config,threshold_mode,repeat
fault_10,4,0.30000000004656613,True,1.0,0.0,raw_diff|mean1(mp=1),f1,0
fault_11,50,4.900000000023283,True,1.0,0.0,raw_diff|mean1(mp=1),f1,0
fault_13,28,2.7000000000116415,True,3.0,0.20000000001164153,raw_diff|mean1(mp=1),f1,0
fault_18,24,2.2999999999883585,True,10.0,0.9000000000232831,raw_diff|mean1(mp=1),f1,0
fault_4,18,1.7000000000116415,True,4.0,0.30000000004656613,raw_diff|mean1(mp=1),f1,0
fault_6,50,4.900000000023283,True,1.0,0.0,raw_diff|mean1(mp=1),f1,0
fault_19,10,0.9000000000232831,False,,,raw_diff|mean1(mp=1),f1,0
fault_2,47,4.599999999976717,True,14.0,1.2999999999883585,raw_diff|mean1(mp=1),f1,0
fault_20,15,1.400000000023283,False,,,raw_diff|mean1(mp=1),f1,0
fault_3,31,3.0,False,,,raw_diff|mean1(mp=1),f1,0
fault_7,40,3.900000000023283,True,1.0,0.0,raw_diff|mean1(mp=1),f1,0
fault_14,15,1.3999999999650754,True,1.0,0.0,raw_diff|mean1(mp=1),f1,0
fault_15,50,4.900000000023283,True,34.0,3.2999999999883585,raw_diff|mean1(mp=1),f1,0
fault_16,50,4.900000000023283,True,1.0,0.0,raw_diff|mean1(mp=1),f1,0
fault_17,36,3.5,True,1.0,0.0,raw_diff|mean1(mp=1),f1,0
fault_5,3,0.19999999995343387,True,1.0,0.0,raw_diff|mean1(mp=1),f1,0
fault_0,4,0.29999999998835847,True,1.0,0.0,raw_diff|mean1(mp=1),f1,0
fault_1,50,4.899999999965075,True,1.0,0.0,raw_diff|mean1(mp=1),f1,0
fault_12,42,4.099999999976717,True,2.0,0.09999999997671694,raw_diff|mean1(mp=1),f1,0
fault_8,25,2.3999999999650754,True,18.0,1.7000000000116415,raw_diff|mean1(mp=1),f1,0
fault_9,8,0.7000000000116415,True,1.0,0.0,raw_diff|mean1(mp=1),f1,0
fault_1,50,4.899999999965075,True,2.0,0.09999999997671694,raw_diff|mean1(mp=1),f1,1
fault_12,42,4.099999999976717,True,2.0,0.09999999997671694,raw_diff|mean1(mp=1),f1,1
fault_15,50,4.900000000023283,True,34.0,3.2999999999883585,raw_diff|mean1(mp=1),f1,1
fault_17,36,3.5,True,1.0,0.0,raw_diff|mean1(mp=1),f1,1
fault_5,3,0.19999999995343387,True,1.0,0.0,raw_diff|mean1(mp=1),f1,1
fault_8,25,2.3999999999650754,True,18.0,1.7000000000116415,raw_diff|mean1(mp=1),f1,1
fault_10,4,0.30000000004656613,True,1.0,0.0,raw_diff|mean1(mp=1),f1,1
fault_13,28,2.7000000000116415,True,3.0,0.20000000001164153,raw_diff|mean1(mp=1),f1,1
fault_19,10,0.9000000000232831,False,,,raw_diff|mean1(mp=1),f1,1
fault_2,47,4.599999999976717,True,14.0,1.2999999999883585,raw_diff|mean1(mp=1),f1,1
fault_3,31,3.0,False,,,raw_diff|mean1(mp=1),f1,1
fault_16,50,4.900000000023283,True,1.0,0.0,raw_diff|mean1(mp=1),f1,1
fault_18,24,2.2999999999883585,True,10.0,0.9000000000232831,raw_diff|mean1(mp=1),f1,1
fault_20,15,1.400000000023283,False,,,raw_diff|mean1(mp=1),f1,1
fault_7,40,3.900000000023283,True,1.0,0.0,raw_diff|mean1(mp=1),f1,1
fault_9,8,0.7000000000116415,True,1.0,0.0,raw_diff|mean1(mp=1),f1,1
fault_0,4,0.29999999998835847,True,1.0,0.0,raw_diff|mean1(mp=1),f1,1
fault_11,50,4.900000000023283,True,1.0,0.0,raw_diff|mean1(mp=1),f1,1
fault_14,15,1.3999999999650754,True,1.0,0.0,raw_diff|mean1(mp=1),f1,1
fault_4,18,1.7000000000116415,True,4.0,0.30000000004656613,raw_diff|mean1(mp=1),f1,1
fault_6,50,4.900000000023283,True,1.0,0.0,raw_diff|mean1(mp=1),f1,1
fault_1,50,4.899999999965075,True,1.0,0.0,raw_diff|mean1(mp=1),f1,2
fault_13,28,2.7000000000116415,True,3.0,0.20000000001164153,raw_diff|mean1(mp=1),f1,2
fault_2,47,4.599999999976717,True,14.0,1.2999999999883585,raw_diff|mean1(mp=1),f1,2
fault_4,18,1.7000000000116415,True,4.0,0.30000000004656613,raw_diff|mean1(mp=1),f1,2
fault_7,40,3.900000000023283,True,1.0,0.0,raw_diff|mean1(mp=1),f1,2
fault_8,25,2.3999999999650754,True,18.0,1.7000000000116415,raw_diff|mean1(mp=1),f1,2
fault_10,4,0.30000000004656613,True,1.0,0.0,raw_diff|mean1(mp=1),f1,2
fault_11,50,4.900000000023283,True,1.0,0.0,raw_diff|mean1(mp=1),f1,2
fault_15,50,4.900000000023283,True,34.0,3.2999999999883585,raw_diff|mean1(mp=1),f1,2
fault_3,31,3.0,False,,,raw_diff|mean1(mp=1),f1,2
fault_9,8,0.7000000000116415,True,1.0,0.0,raw_diff|mean1(mp=1),f1,2
fault_12,42,4.099999999976717,True,2.0,0.09999999997671694,raw_diff|mean1(mp=1),f1,2
fault_14,15,1.3999999999650754,True,1.0,0.0,raw_diff|mean1(mp=1),f1,2
fault_18,24,2.2999999999883585,True,10.0,0.9000000000232831,raw_diff|mean1(mp=1),f1,2
fault_5,3,0.19999999995343387,True,1.0,0.0,raw_diff|mean1(mp=1),f1,2
fault_6,50,4.900000000023283,True,1.0,0.0,raw_diff|mean1(mp=1),f1,2
fault_0,4,0.29999999998835847,True,1.0,0.0,raw_diff|mean1(mp=1),f1,2
fault_16,50,4.900000000023283,True,1.0,0.0,raw_diff|mean1(mp=1),f1,2
fault_17,36,3.5,True,1.0,0.0,raw_diff|mean1(mp=1),f1,2
fault_19,10,0.9000000000232831,False,,,raw_diff|mean1(mp=1),f1,2
fault_20,15,1.400000000023283,False,,,raw_diff|mean1(mp=1),f1,2
fault_10,4,0.30000000004656613,True,1.0,0.0,raw_diff|mean1(mp=1),f1,3
fault_11,50,4.900000000023283,True,1.0,0.0,raw_diff|mean1(mp=1),f1,3
fault_2,47,4.599999999976717,True,14.0,1.2999999999883585,raw_diff|mean1(mp=1),f1,3
fault_3,31,3.0,False,,,raw_diff|mean1(mp=1),f1,3
fault_6,50,4.900000000023283,True,1.0,0.0,raw_diff|mean1(mp=1),f1,3
fault_8,25,2.3999999999650754,True,18.0,1.7000000000116415,raw_diff|mean1(mp=1),f1,3
fault_12,42,4.099999999976717,True,2.0,0.09999999997671694,raw_diff|mean1(mp=1),f1,3
fault_14,15,1.3999999999650754,True,1.0,0.0,raw_diff|mean1(mp=1),f1,3
fault_16,50,4.900000000023283,True,1.0,0.0,raw_diff|mean1(mp=1),f1,3
fault_19,10,0.9000000000232831,False,,,raw_diff|mean1(mp=1),f1,3
fault_9,8,0.7000000000116415,True,1.0,0.0,raw_diff|mean1(mp=1),f1,3
fault_1,50,4.899999999965075,True,1.0,0.0,raw_diff|mean1(mp=1),f1,3
fault_15,50,4.900000000023283,True,34.0,3.2999999999883585,raw_diff|mean1(mp=1),f1,3
fault_17,36,3.5,True,1.0,0.0,raw_diff|mean1(mp=1),f1,3
fault_4,18,1.7000000000116415,True,4.0,0.30000000004656613,raw_diff|mean1(mp=1),f1,3
fault_7,40,3.900000000023283,True,1.0,0.0,raw_diff|mean1(mp=1),f1,3
fault_0,4,0.29999999998835847,True,1.0,0.0,raw_diff|mean1(mp=1),f1,3
fault_13,28,2.7000000000116415,True,3.0,0.20000000001164153,raw_diff|mean1(mp=1),f1,3
fault_18,24,2.2999999999883585,True,10.0,0.9000000000232831,raw_diff|mean1(mp=1),f1,3
fault_20,15,1.400000000023283,False,,,raw_diff|mean1(mp=1),f1,3
fault_5,3,0.19999999995343387,True,1.0,0.0,raw_diff|mean1(mp=1),f1,3
fault_0,4,0.29999999998835847,True,1.0,0.0,raw_diff|mean1(mp=1),f1,4
fault_15,50,4.900000000023283,True,34.0,3.2999999999883585,raw_diff|mean1(mp=1),f1,4
fault_18,24,2.2999999999883585,True,10.0,0.9000000000232831,raw_diff|mean1(mp=1),f1,4
fault_3,31,3.0,False,,,raw_diff|mean1(mp=1),f1,4
fault_5,3,0.19999999995343387,True,1.0,0.0,raw_diff|mean1(mp=1),f1,4
fault_9,8,0.7000000000116415,True,1.0,0.0,raw_diff|mean1(mp=1),f1,4
fault_1,50,4.899999999965075,True,1.0,0.0,raw_diff|mean1(mp=1),f1,4
fault_12,42,4.099999999976717,True,2.0,0.09999999997671694,raw_diff|mean1(mp=1),f1,4
fault_13,28,2.7000000000116415,True,3.0,0.20000000001164153,raw_diff|mean1(mp=1),f1,4
fault_14,15,1.3999999999650754,True,1.0,0.0,raw_diff|mean1(mp=1),f1,4
fault_4,18,1.7000000000116415,True,4.0,0.30000000004656613,raw_diff|mean1(mp=1),f1,4
fault_11,50,4.900000000023283,True,1.0,0.0,raw_diff|mean1(mp=1),f1,4
fault_17,36,3.5,True,1.0,0.0,raw_diff|mean1(mp=1),f1,4
fault_19,10,0.9000000000232831,False,,,raw_diff|mean1(mp=1),f1,4
fault_20,15,1.400000000023283,False,,,raw_diff|mean1(mp=1),f1,4
fault_6,50,4.900000000023283,True,1.0,0.0,raw_diff|mean1(mp=1),f1,4
fault_10,4,0.30000000004656613,True,1.0,0.0,raw_diff|mean1(mp=1),f1,4
fault_16,50,4.900000000023283,True,1.0,0.0,raw_diff|mean1(mp=1),f1,4
fault_2,47,4.599999999976717,True,14.0,1.2999999999883585,raw_diff|mean1(mp=1),f1,4
fault_7,40,3.900000000023283,True,1.0,0.0,raw_diff|mean1(mp=1),f1,4
fault_8,25,2.3999999999650754,True,18.0,1.7000000000116415,raw_diff|mean1(mp=1),f1,4
fault_10,4,0.30000000004656613,True,1.0,0.0,raw_diff|mean1(mp=1),normal_quantile,0
fault_11,50,4.900000000023283,True,1.0,0.0,raw_diff|mean1(mp=1),normal_quantile,0
fault_13,28,2.7000000000116415,True,3.0,0.20000000001164153,raw_diff|mean1(mp=1),normal_quantile,0
fault_18,24,2.2999999999883585,True,10.0,0.9000000000232831,raw_diff|mean1(mp=1),normal_quantile,0
fault_4,18,1.7000000000116415,True,4.0,0.30000000004656613,raw_diff|mean1(mp=1),normal_quantile,0
fault_6,50,4.900000000023283,True,1.0,0.0,raw_diff|mean1(mp=1),normal_quantile,0
fault_19,10,0.9000000000232831,False,,,raw_diff|mean1(mp=1),normal_quantile,0
fault_2,47,4.599999999976717,True,14.0,1.2999999999883585,raw_diff|mean1(mp=1),normal_quantile,0
fault_20,15,1.400000000023283,False,,,raw_diff|mean1(mp=1),normal_quantile,0
fault_3,31,3.0,False,,,raw_diff|mean1(mp=1),normal_quantile,0
fault_7,40,3.900000000023283,True,1.0,0.0,raw_diff|mean1(mp=1),normal_quantile,0
fault_14,15,1.3999999999650754,True,1.0,0.0,raw_diff|mean1(mp=1),normal_quantile,0
fault_15,50,4.900000000023283,True,34.0,3.2999999999883585,raw_diff|mean1(mp=1),normal_quantile,0
fault_16,50,4.900000000023283,True,1.0,0.0,raw_diff|mean1(mp=1),normal_quantile,0
fault_17,36,3.5,True,1.0,0.0,raw_diff|mean1(mp=1),normal_quantile,0
fault_5,3,0.19999999995343387,True,1.0,0.0,raw_diff|mean1(mp=1),normal_quantile,0
fault_0,4,0.29999999998835847,True,1.0,0.0,raw_diff|mean1(mp=1),normal_quantile,0
fault_1,50,4.899999999965075,True,1.0,0.0,raw_diff|mean1(mp=1),normal_quantile,0
fault_12,42,4.099999999976717,True,2.0,0.09999999997671694,raw_diff|mean1(mp=1),normal_quantile,0
fault_8,25,2.3999999999650754,True,18.0,1.7000000000116415,raw_diff|mean1(mp=1),normal_quantile,0
fault_9,8,0.7000000000116415,True,1.0,0.0,raw_diff|mean1(mp=1),normal_quantile,0
fault_1,50,4.899999999965075,True,1.0,0.0,raw_diff|mean1(mp=1),normal_quantile,1
fault_12,42,4.099999999976717,True,2.0,0.09999999997671694,raw_diff|mean1(mp=1),normal_quantile,1
fault_15,50,4.900000000023283,True,34.0,3.2999999999883585,raw_diff|mean1(mp=1),normal_quantile,1
fault_17,36,3.5,True,1.0,0.0,raw_diff|mean1(mp=1),normal_quantile,1
fault_5,3,0.19999999995343387,True,1.0,0.0,raw_diff|mean1(mp=1),normal_quantile,1
fault_8,25,2.3999999999650754,True,18.0,1.7000000000116415,raw_diff|mean1(mp=1),normal_quantile,1
fault_10,4,0.30000000004656613,True,1.0,0.0,raw_diff|mean1(mp=1),normal_quantile,1
fault_13,28,2.7000000000116415,True,3.0,0.20000000001164153,raw_diff|mean1(mp=1),normal_quantile,1
fault_19,10,0.9000000000232831,False,,,raw_diff|mean1(mp=1),normal_quantile,1
fault_2,47,4.599999999976717,True,14.0,1.2999999999883585,raw_diff|mean1(mp=1),normal_quantile,1
fault_3,31,3.0,False,,,raw_diff|mean1(mp=1),normal_quantile,1
fault_16,50,4.900000000023283,True,1.0,0.0,raw_diff|mean1(mp=1),normal_quantile,1
fault_18,24,2.2999999999883585,True,10.0,0.9000000000232831,raw_diff|mean1(mp=1),normal_quantile,1
fault_20,15,1.400000000023283,False,,,raw_diff|mean1(mp=1),normal_quantile,1
fault_7,40,3.900000000023283,True,1.0,0.0,raw_diff|mean1(mp=1),normal_quantile,1
fault_9,8,0.7000000000116415,True,1.0,0.0,raw_diff|mean1(mp=1),normal_quantile,1
fault_0,4,0.29999999998835847,True,1.0,0.0,raw_diff|mean1(mp=1),normal_quantile,1
fault_11,50,4.900000000023283,True,1.0,0.0,raw_diff|mean1(mp=1),normal_quantile,1
fault_14,15,1.3999999999650754,True,1.0,0.0,raw_diff|mean1(mp=1),normal_quantile,1
fault_4,18,1.7000000000116415,True,4.0,0.30000000004656613,raw_diff|mean1(mp=1),normal_quantile,1
fault_6,50,4.900000000023283,True,1.0,0.0,raw_diff|mean1(mp=1),normal_quantile,1
fault_1,50,4.899999999965075,True,1.0,0.0,raw_diff|mean1(mp=1),normal_quantile,2
fault_13,28,2.7000000000116415,True,3.0,0.20000000001164153,raw_diff|mean1(mp=1),normal_quantile,2
fault_2,47,4.599999999976717,True,14.0,1.2999999999883585,raw_diff|mean1(mp=1),normal_quantile,2
fault_4,18,1.7000000000116415,True,4.0,0.30000000004656613,raw_diff|mean1(mp=1),normal_quantile,2
fault_7,40,3.900000000023283,True,1.0,0.0,raw_diff|mean1(mp=1),normal_quantile,2
fault_8,25,2.3999999999650754,True,18.0,1.7000000000116415,raw_diff|mean1(mp=1),normal_quantile,2
fault_10,4,0.30000000004656613,True,1.0,0.0,raw_diff|mean1(mp=1),normal_quantile,2
fault_11,50,4.900000000023283,True,1.0,0.0,raw_diff|mean1(mp=1),normal_quantile,2
fault_15,50,4.900000000023283,True,34.0,3.2999999999883585,raw_diff|mean1(mp=1),normal_quantile,2
fault_3,31,3.0,False,,,raw_diff|mean1(mp=1),normal_quantile,2
fault_9,8,0.7000000000116415,True,1.0,0.0,raw_diff|mean1(mp=1),normal_quantile,2
fault_12,42,4.099999999976717,True,2.0,0.09999999997671694,raw_diff|mean1(mp=1),normal_quantile,2
fault_14,15,1.3999999999650754,True,1.0,0.0,raw_diff|mean1(mp=1),normal_quantile,2
fault_18,24,2.2999999999883585,True,10.0,0.9000000000232831,raw_diff|mean1(mp=1),normal_quantile,2
fault_5,3,0.19999999995343387,True,1.0,0.0,raw_diff|mean1(mp=1),normal_quantile,2
fault_6,50,4.900000000023283,True,1.0,0.0,raw_diff|mean1(mp=1),normal_quantile,2
fault_0,4,0.29999999998835847,True,1.0,0.0,raw_diff|mean1(mp=1),normal_quantile,2
fault_16,50,4.900000000023283,True,1.0,0.0,raw_diff|mean1(mp=1),normal_quantile,2
fault_17,36,3.5,True,1.0,0.0,raw_diff|mean1(mp=1),normal_quantile,2
fault_19,10,0.9000000000232831,False,,,raw_diff|mean1(mp=1),normal_quantile,2
fault_20,15,1.400000000023283,False,,,raw_diff|mean1(mp=1),normal_quantile,2
fault_10,4,0.30000000004656613,True,1.0,0.0,raw_diff|mean1(mp=1),normal_quantile,3
fault_11,50,4.900000000023283,True,1.0,0.0,raw_diff|mean1(mp=1),normal_quantile,3
fault_2,47,4.599999999976717,True,14.0,1.2999999999883585,raw_diff|mean1(mp=1),normal_quantile,3
fault_3,31,3.0,False,,,raw_diff|mean1(mp=1),normal_quantile,3
fault_6,50,4.900000000023283,True,1.0,0.0,raw_diff|mean1(mp=1),normal_quantile,3
fault_8,25,2.3999999999650754,True,18.0,1.7000000000116415,raw_diff|mean1(mp=1),normal_quantile,3
fault_12,42,4.099999999976717,True,2.0,0.09999999997671694,raw_diff|mean1(mp=1),normal_quantile,3
fault_14,15,1.3999999999650754,True,1.0,0.0,raw_diff|mean1(mp=1),normal_quantile,3
fault_16,50,4.900000000023283,True,1.0,0.0,raw_diff|mean1(mp=1),normal_quantile,3
fault_19,10,0.9000000000232831,False,,,raw_diff|mean1(mp=1),normal_quantile,3
fault_9,8,0.7000000000116415,True,1.0,0.0,raw_diff|mean1(mp=1),normal_quantile,3
fault_1,50,4.899999999965075,True,1.0,0.0,raw_diff|mean1(mp=1),normal_quantile,3
fault_15,50,4.900000000023283,True,34.0,3.2999999999883585,raw_diff|mean1(mp=1),normal_quantile,3
fault_17,36,3.5,True,1.0,0.0,raw_diff|mean1(mp=1),normal_quantile,3
fault_4,18,1.7000000000116415,True,4.0,0.30000000004656613,raw_diff|mean1(mp=1),normal_quantile,3
fault_7,40,3.900000000023283,True,1.0,0.0,raw_diff|mean1(mp=1),normal_quantile,3
fault_0,4,0.29999999998835847,True,1.0,0.0,raw_diff|mean1(mp=1),normal_quantile,3
fault_13,28,2.7000000000116415,True,3.0,0.20000000001164153,raw_diff|mean1(mp=1),normal_quantile,3
fault_18,24,2.2999999999883585,True,10.0,0.9000000000232831,raw_diff|mean1(mp=1),normal_quantile,3
fault_20,15,1.400000000023283,False,,,raw_diff|mean1(mp=1),normal_quantile,3
fault_5,3,0.19999999995343387,True,1.0,0.0,raw_diff|mean1(mp=1),normal_quantile,3
fault_0,4,0.29999999998835847,True,1.0,0.0,raw_diff|mean1(mp=1),normal_quantile,4
fault_15,50,4.900000000023283,True,34.0,3.2999999999883585,raw_diff|mean1(mp=1),normal_quantile,4
fault_18,24,2.2999999999883585,True,10.0,0.9000000000232831,raw_diff|mean1(mp=1),normal_quantile,4
fault_3,31,3.0,False,,,raw_diff|mean1(mp=1),normal_quantile,4
fault_5,3,0.19999999995343387,True,1.0,0.0,raw_diff|mean1(mp=1),normal_quantile,4
fault_9,8,0.7000000000116415,True,1.0,0.0,raw_diff|mean1(mp=1),normal_quantile,4
fault_1,50,4.899999999965075,True,1.0,0.0,raw_diff|mean1(mp=1),normal_quantile,4
fault_12,42,4.099999999976717,True,2.0,0.09999999997671694,raw_diff|mean1(mp=1),normal_quantile,4
fault_13,28,2.7000000000116415,True,3.0,0.20000000001164153,raw_diff|mean1(mp=1),normal_quantile,4
fault_14,15,1.3999999999650754,True,1.0,0.0,raw_diff|mean1(mp=1),normal_quantile,4
fault_4,18,1.7000000000116415,True,4.0,0.30000000004656613,raw_diff|mean1(mp=1),normal_quantile,4
fault_11,50,4.900000000023283,True,1.0,0.0,raw_diff|mean1(mp=1),normal_quantile,4
fault_17,36,3.5,True,1.0,0.0,raw_diff|mean1(mp=1),normal_quantile,4
fault_19,10,0.9000000000232831,False,,,raw_diff|mean1(mp=1),normal_quantile,4
fault_20,15,1.400000000023283,False,,,raw_diff|mean1(mp=1),normal_quantile,4
fault_6,50,4.900000000023283,True,1.0,0.0,raw_diff|mean1(mp=1),normal_quantile,4
fault_10,4,0.30000000004656613,True,1.0,0.0,raw_diff|mean1(mp=1),normal_quantile,4
fault_16,50,4.900000000023283,True,1.0,0.0,raw_diff|mean1(mp=1),normal_quantile,4
fault_2,47,4.599999999976717,True,14.0,1.2999999999883585,raw_diff|mean1(mp=1),normal_quantile,4
fault_7,40,3.900000000023283,True,1.0,0.0,raw_diff|mean1(mp=1),normal_quantile,4
fault_8,25,2.3999999999650754,True,18.0,1.7000000000116415,raw_diff|mean1(mp=1),normal_quantile,4
fault_10,4,0.30000000004656613,True,2.0,0.1000000000349246,raw_diff|mean2(mp=2),f1,0
fault_11,50,4.900000000023283,True,2.0,0.1000000000349246,raw_diff|mean2(mp=2),f1,0
fault_13,28,2.7000000000116415,True,3.0,0.20000000001164153,raw_diff|mean2(mp=2),f1,0
fault_18,24,2.2999999999883585,True,10.0,0.9000000000232831,raw_diff|mean2(mp=2),f1,0
fault_4,18,1.7000000000116415,True,5.0,0.40000000002328306,raw_diff|mean2(mp=2),f1,0
fault_6,50,4.900000000023283,True,2.0,0.1000000000349246,raw_diff|mean2(mp=2),f1,0
fault_19,10,0.9000000000232831,False,,,raw_diff|mean2(mp=2),f1,0
fault_2,47,4.599999999976717,True,14.0,1.2999999999883585,raw_diff|mean2(mp=2),f1,0
fault_20,15,1.400000000023283,False,,,raw_diff|mean2(mp=2),f1,0
fault_3,31,3.0,False,,,raw_diff|mean2(mp=2),f1,0
fault_7,40,3.900000000023283,True,2.0,0.1000000000349246,raw_diff|mean2(mp=2),f1,0
fault_14,15,1.3999999999650754,True,2.0,0.09999999997671694,raw_diff|mean2(mp=2),f1,0
fault_15,50,4.900000000023283,True,35.0,3.400000000023283,raw_diff|mean2(mp=2),f1,0
fault_16,50,4.900000000023283,True,2.0,0.1000000000349246,raw_diff|mean2(mp=2),f1,0
fault_17,36,3.5,True,2.0,0.1000000000349246,raw_diff|mean2(mp=2),f1,0
fault_5,3,0.19999999995343387,True,2.0,0.09999999997671694,raw_diff|mean2(mp=2),f1,0
fault_0,4,0.29999999998835847,True,2.0,0.09999999997671694,raw_diff|mean2(mp=2),f1,0
fault_1,50,4.899999999965075,True,2.0,0.09999999997671694,raw_diff|mean2(mp=2),f1,0
fault_12,42,4.099999999976717,True,2.0,0.09999999997671694,raw_diff|mean2(mp=2),f1,0
fault_8,25,2.3999999999650754,True,18.0,1.7000000000116415,raw_diff|mean2(mp=2),f1,0
fault_9,8,0.7000000000116415,True,2.0,0.09999999997671694,raw_diff|mean2(mp=2),f1,0
fault_1,50,4.899999999965075,True,2.0,0.09999999997671694,raw_diff|mean2(mp=2),f1,1
fault_12,42,4.099999999976717,True,2.0,0.09999999997671694,raw_diff|mean2(mp=2),f1,1
fault_15,50,4.900000000023283,True,35.0,3.400000000023283,raw_diff|mean2(mp=2),f1,1
fault_17,36,3.5,True,2.0,0.1000000000349246,raw_diff|mean2(mp=2),f1,1
fault_5,3,0.19999999995343387,True,2.0,0.09999999997671694,raw_diff|mean2(mp=2),f1,1
fault_8,25,2.3999999999650754,True,18.0,1.7000000000116415,raw_diff|mean2(mp=2),f1,1
fault_10,4,0.30000000004656613,True,2.0,0.1000000000349246,raw_diff|mean2(mp=2),f1,1
fault_13,28,2.7000000000116415,True,3.0,0.20000000001164153,raw_diff|mean2(mp=2),f1,1
fault_19,10,0.9000000000232831,False,,,raw_diff|mean2(mp=2),f1,1
fault_2,47,4.599999999976717,True,14.0,1.2999999999883585,raw_diff|mean2(mp=2),f1,1
fault_3,31,3.0,False,,,raw_diff|mean2(mp=2),f1,1
fault_16,50,4.900000000023283,True,2.0,0.1000000000349246,raw_diff|mean2(mp=2),f1,1
fault_18,24,2.2999999999883585,True,10.0,0.9000000000232831,raw_diff|mean2(mp=2),f1,1
fault_20,15,1.400000000023283,False,,,raw_diff|mean2(mp=2),f1,1
fault_7,40,3.900000000023283,True,2.0,0.1000000000349246,raw_diff|mean2(mp=2),f1,1
fault_9,8,0.7000000000116415,True,2.0,0.09999999997671694,raw_diff|mean2(mp=2),f1,1
fault_0,4,0.29999999998835847,True,2.0,0.09999999997671694,raw_diff|mean2(mp=2),f1,1
fault_11,50,4.900000000023283,True,2.0,0.1000000000349246,raw_diff|mean2(mp=2),f1,1
fault_14,15,1.3999999999650754,True,2.0,0.09999999997671694,raw_diff|mean2(mp=2),f1,1
fault_4,18,1.7000000000116415,True,4.0,0.30000000004656613,raw_diff|mean2(mp=2),f1,1
fault_6,50,4.900000000023283,True,2.0,0.1000000000349246,raw_diff|mean2(mp=2),f1,1
fault_1,50,4.899999999965075,True,2.0,0.09999999997671694,raw_diff|mean2(mp=2),f1,2
fault_13,28,2.7000000000116415,True,3.0,0.20000000001164153,raw_diff|mean2(mp=2),f1,2
fault_2,47,4.599999999976717,True,14.0,1.2999999999883585,raw_diff|mean2(mp=2),f1,2
fault_4,18,1.7000000000116415,True,4.0,0.30000000004656613,raw_diff|mean2(mp=2),f1,2
fault_7,40,3.900000000023283,True,2.0,0.1000000000349246,raw_diff|mean2(mp=2),f1,2
fault_8,25,2.3999999999650754,True,18.0,1.7000000000116415,raw_diff|mean2(mp=2),f1,2
fault_10,4,0.30000000004656613,True,2.0,0.1000000000349246,raw_diff|mean2(mp=2),f1,2
fault_11,50,4.900000000023283,True,2.0,0.1000000000349246,raw_diff|mean2(mp=2),f1,2
fault_15,50,4.900000000023283,True,35.0,3.400000000023283,raw_diff|mean2(mp=2),f1,2
fault_3,31,3.0,False,,,raw_diff|mean2(mp=2),f1,2
fault_9,8,0.7000000000116415,True,2.0,0.09999999997671694,raw_diff|mean2(mp=2),f1,2
fault_12,42,4.099999999976717,True,2.0,0.09999999997671694,raw_diff|mean2(mp=2),f1,2
fault_14,15,1.3999999999650754,True,2.0,0.09999999997671694,raw_diff|mean2(mp=2),f1,2
fault_18,24,2.2999999999883585,True,10.0,0.9000000000232831,raw_diff|mean2(mp=2),f1,2
fault_5,3,0.19999999995343387,True,2.0,0.09999999997671694,raw_diff|mean2(mp=2),f1,2
fault_6,50,4.900000000023283,True,2.0,0.1000000000349246,raw_diff|mean2(mp=2),f1,2
fault_0,4,0.29999999998835847,True,2.0,0.09999999997671694,raw_diff|mean2(mp=2),f1,2
fault_16,50,4.900000000023283,True,2.0,0.1000000000349246,raw_diff|mean2(mp=2),f1,2
fault_17,36,3.5,True,2.0,0.1000000000349246,raw_diff|mean2(mp=2),f1,2
fault_19,10,0.9000000000232831,False,,,raw_diff|mean2(mp=2),f1,2
fault_20,15,1.400000000023283,False,,,raw_diff|mean2(mp=2),f1,2
fault_10,4,0.30000000004656613,True,2.0,0.1000000000349246,raw_diff|mean2(mp=2),f1,3
fault_11,50,4.900000000023283,True,2.0,0.1000000000349246,raw_diff|mean2(mp=2),f1,3
fault_2,47,4.599999999976717,True,14.0,1.2999999999883585,raw_diff|mean2(mp=2),f1,3
fault_3,31,3.0,False,,,raw_diff|mean2(mp=2),f1,3
fault_6,50,4.900000000023283,True,2.0,0.1000000000349246,raw_diff|mean2(mp=2),f1,3
fault_8,25,2.3999999999650754,True,18.0,1.7000000000116415,raw_diff|mean2(mp=2),f1,3
fault_12,42,4.099999999976717,True,2.0,0.09999999997671694,raw_diff|mean2(mp=2),f1,3
fault_14,15,1.3999999999650754,True,2.0,0.09999999997671694,raw_diff|mean2(mp=2),f1,3
fault_16,50,4.900000000023283,True,2.0,0.1000000000349246,raw_diff|mean2(mp=2),f1,3
fault_19,10,0.9000000000232831,False,,,raw_diff|mean2(mp=2),f1,3
fault_9,8,0.7000000000116415,True,2.0,0.09999999997671694,raw_diff|mean2(mp=2),f1,3
fault_1,50,4.899999999965075,True,2.0,0.09999999997671694,raw_diff|mean2(mp=2),f1,3
fault_15,50,4.900000000023283,True,34.0,3.2999999999883585,raw_diff|mean2(mp=2),f1,3
fault_17,36,3.5,True,2.0,0.1000000000349246,raw_diff|mean2(mp=2),f1,3
fault_4,18,1.7000000000116415,True,5.0,0.40000000002328306,raw_diff|mean2(mp=2),f1,3
fault_7,40,3.900000000023283,True,2.0,0.1000000000349246,raw_diff|mean2(mp=2),f1,3
fault_0,4,0.29999999998835847,True,2.0,0.09999999997671694,raw_diff|mean2(mp=2),f1,3
fault_13,28,2.7000000000116415,True,3.0,0.20000000001164153,raw_diff|mean2(mp=2),f1,3
fault_18,24,2.2999999999883585,True,10.0,0.9000000000232831,raw_diff|mean2(mp=2),f1,3
fault_20,15,1.400000000023283,False,,,raw_diff|mean2(mp=2),f1,3
fault_5,3,0.19999999995343387,True,2.0,0.09999999997671694,raw_diff|mean2(mp=2),f1,3
fault_0,4,0.29999999998835847,True,2.0,0.09999999997671694,raw_diff|mean2(mp=2),f1,4
fault_15,50,4.900000000023283,True,34.0,3.2999999999883585,raw_diff|mean2(mp=2),f1,4
fault_18,24,2.2999999999883585,True,10.0,0.9000000000232831,raw_diff|mean2(mp=2),f1,4
fault_3,31,3.0,False,,,raw_diff|mean2(mp=2),f1,4
fault_5,3,0.19999999995343387,True,2.0,0.09999999997671694,raw_diff|mean2(mp=2),f1,4
fault_9,8,0.7000000000116415,True,2.0,0.09999999997671694,raw_diff|mean2(mp=2),f1,4
fault_1,50,4.899999999965075,True,2.0,0.09999999997671694,raw_diff|mean2(mp=2),f1,4
fault_12,42,4.099999999976717,True,2.0,0.09999999997671694,raw_diff|mean2(mp=2),f1,4
fault_13,28,2.7000000000116415,True,3.0,0.20000000001164153,raw_diff|mean2(mp=2),f1,4
fault_14,15,1.3999999999650754,True,2.0,0.09999999997671694,raw_diff|mean2(mp=2),f1,4
fault_4,18,1.7000000000116415,True,5.0,0.40000000002328306,raw_diff|mean2(mp=2),f1,4
fault_11,50,4.900000000023283,True,2.0,0.1000000000349246,raw_diff|mean2(mp=2),f1,4
fault_17,36,3.5,True,2.0,0.1000000000349246,raw_diff|mean2(mp=2),f1,4
fault_19,10,0.9000000000232831,False,,,raw_diff|mean2(mp=2),f1,4
fault_20,15,1.400000000023283,False,,,raw_diff|mean2(mp=2),f1,4
fault_6,50,4.900000000023283,True,2.0,0.1000000000349246,raw_diff|mean2(mp=2),f1,4
fault_10,4,0.30000000004656613,True,2.0,0.1000000000349246,raw_diff|mean2(mp=2),f1,4
fault_16,50,4.900000000023283,True,2.0,0.1000000000349246,raw_diff|mean2(mp=2),f1,4
fault_2,47,4.599999999976717,True,14.0,1.2999999999883585,raw_diff|mean2(mp=2),f1,4
fault_7,40,3.900000000023283,True,2.0,0.1000000000349246,raw_diff|mean2(mp=2),f1,4
fault_8,25,2.3999999999650754,True,18.0,1.7000000000116415,raw_diff|mean2(mp=2),f1,4
fault_10,4,0.30000000004656613,True,2.0,0.1000000000349246,raw_diff|mean2(mp=2),normal_quantile,0
fault_11,50,4.900000000023283,True,2.0,0.1000000000349246,raw_diff|mean2(mp=2),normal_quantile,0
fault_13,28,2.7000000000116415,True,3.0,0.20000000001164153,raw_diff|mean2(mp=2),normal_quantile,0
fault_18,24,2.2999999999883585,True,10.0,0.9000000000232831,raw_diff|mean2(mp=2),normal_quantile,0
fault_4,18,1.7000000000116415,True,4.0,0.30000000004656613,raw_diff|mean2(mp=2),normal_quantile,0
fault_6,50,4.900000000023283,True,2.0,0.1000000000349246,raw_diff|mean2(mp=2),normal_quantile,0
fault_19,10,0.9000000000232831,False,,,raw_diff|mean2(mp=2),normal_quantile,0
fault_2,47,4.599999999976717,True,14.0,1.2999999999883585,raw_diff|mean2(mp=2),normal_quantile,0
fault_20,15,1.400000000023283,False,,,raw_diff|mean2(mp=2),normal_quantile,0
fault_3,31,3.0,False,,,raw_diff|mean2(mp=2),normal_quantile,0
fault_7,40,3.900000000023283,True,2.0,0.1000000000349246,raw_diff|mean2(mp=2),normal_quantile,0
fault_14,15,1.3999999999650754,True,2.0,0.09999999997671694,raw_diff|mean2(mp=2),normal_quantile,0
fault_15,50,4.900000000023283,True,34.0,3.2999999999883585,raw_diff|mean2(mp=2),normal_quantile,0
fault_16,50,4.900000000023283,True,2.0,0.1000000000349246,raw_diff|mean2(mp=2),normal_quantile,0
fault_17,36,3.5,True,2.0,0.1000000000349246,raw_diff|mean2(mp=2),normal_quantile,0
fault_5,3,0.19999999995343387,True,2.0,0.09999999997671694,raw_diff|mean2(mp=2),normal_quantile,0
fault_0,4,0.29999999998835847,True,2.0,0.09999999997671694,raw_diff|mean2(mp=2),normal_quantile,0
fault_1,50,4.899999999965075,True,2.0,0.09999999997671694,raw_diff|mean2(mp=2),normal_quantile,0
fault_12,42,4.099999999976717,True,2.0,0.09999999997671694,raw_diff|mean2(mp=2),normal_quantile,0
fault_8,25,2.3999999999650754,True,18.0,1.7000000000116415,raw_diff|mean2(mp=2),normal_quantile,0
fault_9,8,0.7000000000116415,True,2.0,0.09999999997671694,raw_diff|mean2(mp=2),normal_quantile,0
fault_1,50,4.899999999965075,True,2.0,0.09999999997671694,raw_diff|mean2(mp=2),normal_quantile,1
fault_12,42,4.099999999976717,True,2.0,0.09999999997671694,raw_diff|mean2(mp=2),normal_quantile,1
fault_15,50,4.900000000023283,True,34.0,3.2999999999883585,raw_diff|mean2(mp=2),normal_quantile,1
fault_17,36,3.5,True,2.0,0.1000000000349246,raw_diff|mean2(mp=2),normal_quantile,1
fault_5,3,0.19999999995343387,True,2.0,0.09999999997671694,raw_diff|mean2(mp=2),normal_quantile,1
fault_8,25,2.3999999999650754,True,18.0,1.7000000000116415,raw_diff|mean2(mp=2),normal_quantile,1
fault_10,4,0.30000000004656613,True,2.0,0.1000000000349246,raw_diff|mean2(mp=2),normal_quantile,1
fault_13,28,2.7000000000116415,True,3.0,0.20000000001164153,raw_diff|mean2(mp=2),normal_quantile,1
fault_19,10,0.9000000000232831,False,,,raw_diff|mean2(mp=2),normal_quantile,1
fault_2,47,4.599999999976717,True,14.0,1.2999999999883585,raw_diff|mean2(mp=2),normal_quantile,1
fault_3,31,3.0,False,,,raw_diff|mean2(mp=2),normal_quantile,1
fault_16,50,4.900000000023283,True,2.0,0.1000000000349246,raw_diff|mean2(mp=2),normal_quantile,1
fault_18,24,2.2999999999883585,True,10.0,0.9000000000232831,raw_diff|mean2(mp=2),normal_quantile,1
fault_20,15,1.400000000023283,False,,,raw_diff|mean2(mp=2),normal_quantile,1
fault_7,40,3.900000000023283,True,2.0,0.1000000000349246,raw_diff|mean2(mp=2),normal_quantile,1
fault_9,8,0.7000000000116415,True,2.0,0.09999999997671694,raw_diff|mean2(mp=2),normal_quantile,1
fault_0,4,0.29999999998835847,True,2.0,0.09999999997671694,raw_diff|mean2(mp=2),normal_quantile,1
fault_11,50,4.900000000023283,True,2.0,0.1000000000349246,raw_diff|mean2(mp=2),normal_quantile,1
fault_14,15,1.3999999999650754,True,2.0,0.09999999997671694,raw_diff|mean2(mp=2),normal_quantile,1
fault_4,18,1.7000000000116415,True,4.0,0.30000000004656613,raw_diff|mean2(mp=2),normal_quantile,1
fault_6,50,4.900000000023283,True,2.0,0.1000000000349246,raw_diff|mean2(mp=2),normal_quantile,1
fault_1,50,4.899999999965075,True,2.0,0.09999999997671694,raw_diff|mean2(mp=2),normal_quantile,2
fault_13,28,2.7000000000116415,True,3.0,0.20000000001164153,raw_diff|mean2(mp=2),normal_quantile,2
fault_2,47,4.599999999976717,True,14.0,1.2999999999883585,raw_diff|mean2(mp=2),normal_quantile,2
fault_4,18,1.7000000000116415,True,4.0,0.30000000004656613,raw_diff|mean2(mp=2),normal_quantile,2
fault_7,40,3.900000000023283,True,2.0,0.1000000000349246,raw_diff|mean2(mp=2),normal_quantile,2
fault_8,25,2.3999999999650754,True,18.0,1.7000000000116415,raw_diff|mean2(mp=2),normal_quantile,2
fault_10,4,0.30000000004656613,True,2.0,0.1000000000349246,raw_diff|mean2(mp=2),normal_quantile,2
fault_11,50,4.900000000023283,True,2.0,0.1000000000349246,raw_diff|mean2(mp=2),normal_quantile,2
fault_15,50,4.900000000023283,True,34.0,3.2999999999883585,raw_diff|mean2(mp=2),normal_quantile,2
fault_3,31,3.0,False,,,raw_diff|mean2(mp=2),normal_quantile,2
fault_9,8,0.7000000000116415,True,2.0,0.09999999997671694,raw_diff|mean2(mp=2),normal_quantile,2
fault_12,42,4.099999999976717,True,2.0,0.09999999997671694,raw_diff|mean2(mp=2),normal_quantile,2
fault_14,15,1.3999999999650754,True,2.0,0.09999999997671694,raw_diff|mean2(mp=2),normal_quantile,2
fault_18,24,2.2999999999883585,True,10.0,0.9000000000232831,raw_diff|mean2(mp=2),normal_quantile,2
fault_5,3,0.19999999995343387,True,2.0,0.09999999997671694,raw_diff|mean2(mp=2),normal_quantile,2
fault_6,50,4.900000000023283,True,2.0,0.1000000000349246,raw_diff|mean2(mp=2),normal_quantile,2
fault_0,4,0.29999999998835847,True,2.0,0.09999999997671694,raw_diff|mean2(mp=2),normal_quantile,2
fault_16,50,4.900000000023283,True,2.0,0.1000000000349246,raw_diff|mean2(mp=2),normal_quantile,2
fault_17,36,3.5,True,2.0,0.1000000000349246,raw_diff|mean2(mp=2),normal_quantile,2
fault_19,10,0.9000000000232831,False,,,raw_diff|mean2(mp=2),normal_quantile,2
fault_20,15,1.400000000023283,False,,,raw_diff|mean2(mp=2),normal_quantile,2
fault_10,4,0.30000000004656613,True,2.0,0.1000000000349246,raw_diff|mean2(mp=2),normal_quantile,3
fault_11,50,4.900000000023283,True,2.0,0.1000000000349246,raw_diff|mean2(mp=2),normal_quantile,3
fault_2,47,4.599999999976717,True,14.0,1.2999999999883585,raw_diff|mean2(mp=2),normal_quantile,3
fault_3,31,3.0,False,,,raw_diff|mean2(mp=2),normal_quantile,3
fault_6,50,4.900000000023283,True,2.0,0.1000000000349246,raw_diff|mean2(mp=2),normal_quantile,3
fault_8,25,2.3999999999650754,True,18.0,1.7000000000116415,raw_diff|mean2(mp=2),normal_quantile,3
fault_12,42,4.099999999976717,True,2.0,0.09999999997671694,raw_diff|mean2(mp=2),normal_quantile,3
fault_14,15,1.3999999999650754,True,2.0,0.09999999997671694,raw_diff|mean2(mp=2),normal_quantile,3
fault_16,50,4.900000000023283,True,2.0,0.1000000000349246,raw_diff|mean2(mp=2),normal_quantile,3
fault_19,10,0.9000000000232831,False,,,raw_diff|mean2(mp=2),normal_quantile,3
fault_9,8,0.7000000000116415,True,2.0,0.09999999997671694,raw_diff|mean2(mp=2),normal_quantile,3
fault_1,50,4.899999999965075,True,2.0,0.09999999997671694,raw_diff|mean2(mp=2),normal_quantile,3
fault_15,50,4.900000000023283,True,34.0,3.2999999999883585,raw_diff|mean2(mp=2),normal_quantile,3
fault_17,36,3.5,True,2.0,0.1000000000349246,raw_diff|mean2(mp=2),normal_quantile,3
fault_4,18,1.7000000000116415,True,4.0,0.30000000004656613,raw_diff|mean2(mp=2),normal_quantile,3
fault_7,40,3.900000000023283,True,2.0,0.1000000000349246,raw_diff|mean2(mp=2),normal_quantile,3
fault_0,4,0.29999999998835847,True,2.0,0.09999999997671694,raw_diff|mean2(mp=2),normal_quantile,3
fault_13,28,2.7000000000116415,True,3.0,0.20000000001164153,raw_diff|mean2(mp=2),normal_quantile,3
fault_18,24,2.2999999999883585,True,10.0,0.9000000000232831,raw_diff|mean2(mp=2),normal_quantile,3
fault_20,15,1.400000000023283,False,,,raw_diff|mean2(mp=2),normal_quantile,3
fault_5,3,0.19999999995343387,True,2.0,0.09999999997671694,raw_diff|mean2(mp=2),normal_quantile,3
fault_0,4,0.29999999998835847,True,2.0,0.09999999997671694,raw_diff|mean2(mp=2),normal_quantile,4
fault_15,50,4.900000000023283,True,34.0,3.2999999999883585,raw_diff|mean2(mp=2),normal_quantile,4
fault_18,24,2.2999999999883585,True,10.0,0.9000000000232831,raw_diff|mean2(mp=2),normal_quantile,4
fault_3,31,3.0,False,,,raw_diff|mean2(mp=2),normal_quantile,4
fault_5,3,0.19999999995343387,True,2.0,0.09999999997671694,raw_diff|mean2(mp=2),normal_quantile,4
fault_9,8,0.7000000000116415,True,2.0,0.09999999997671694,raw_diff|mean2(mp=2),normal_quantile,4
fault_1,50,4.899999999965075,True,2.0,0.09999999997671694,raw_diff|mean2(mp=2),normal_quantile,4
fault_12,42,4.099999999976717,True,2.0,0.09999999997671694,raw_diff|mean2(mp=2),normal_quantile,4
fault_13,28,2.7000000000116415,True,3.0,0.20000000001164153,raw_diff|mean2(mp=2),normal_quantile,4
fault_14,15,1.3999999999650754,True,2.0,0.09999999997671694,raw_diff|mean2(mp=2),normal_quantile,4
fault_4,18,1.7000000000116415,True,4.0,0.30000000004656613,raw_diff|mean2(mp=2),normal_quantile,4
fault_11,50,4.900000000023283,True,2.0,0.1000000000349246,raw_diff|mean2(mp=2),normal_quantile,4
fault_17,36,3.5,True,2.0,0.1000000000349246,raw_diff|mean2(mp=2),normal_quantile,4
fault_19,10,0.9000000000232831,False,,,raw_diff|mean2(mp=2),normal_quantile,4
fault_20,15,1.400000000023283,False,,,raw_diff|mean2(mp=2),normal_quantile,4
fault_6,50,4.900000000023283,True,2.0,0.1000000000349246,raw_diff|mean2(mp=2),normal_quantile,4
fault_10,4,0.30000000004656613,True,2.0,0.1000000000349246,raw_diff|mean2(mp=2),normal_quantile,4
fault_16,50,4.900000000023283,True,2.0,0.1000000000349246,raw_diff|mean2(mp=2),normal_quantile,4
fault_2,47,4.599999999976717,True,14.0,1.2999999999883585,raw_diff|mean2(mp=2),normal_quantile,4
fault_7,40,3.900000000023283,True,2.0,0.1000000000349246,raw_diff|mean2(mp=2),normal_quantile,4
fault_8,25,2.3999999999650754,True,18.0,1.7000000000116415,raw_diff|mean2(mp=2),normal_quantile,4
fault_10,4,0.30000000004656613,True,3.0,0.20000000001164153,raw_diff|mean3(mp=3),f1,0
fault_11,50,4.900000000023283,True,3.0,0.20000000001164153,raw_diff|mean3(mp=3),f1,0
fault_13,28,2.7000000000116415,True,3.0,0.20000000001164153,raw_diff|mean3(mp=3),f1,0
fault_18,24,2.2999999999883585,True,10.0,0.9000000000232831,raw_diff|mean3(mp=3),f1,0
fault_4,18,1.7000000000116415,True,4.0,0.30000000004656613,raw_diff|mean3(mp=3),f1,0
fault_6,50,4.900000000023283,True,3.0,0.20000000001164153,raw_diff|mean3(mp=3),f1,0
fault_19,10,0.9000000000232831,False,,,raw_diff|mean3(mp=3),f1,0
fault_2,47,4.599999999976717,True,14.0,1.2999999999883585,raw_diff|mean3(mp=3),f1,0
fault_20,15,1.400000000023283,False,,,raw_diff|mean3(mp=3),f1,0
fault_3,31,3.0,False,,,raw_diff|mean3(mp=3),f1,0
fault_7,40,3.900000000023283,True,3.0,0.20000000001164153,raw_diff|mean3(mp=3),f1,0
fault_14,15,1.3999999999650754,True,3.0,0.20000000001164153,raw_diff|mean3(mp=3),f1,0
fault_15,50,4.900000000023283,True,35.0,3.400000000023283,raw_diff|mean3(mp=3),f1,0
fault_16,50,4.900000000023283,True,3.0,0.20000000001164153,raw_diff|mean3(mp=3),f1,0
fault_17,36,3.5,True,3.0,0.20000000001164153,raw_diff|mean3(mp=3),f1,0
fault_5,3,0.19999999995343387,True,3.0,0.19999999995343387,raw_diff|mean3(mp=3),f1,0
fault_0,4,0.29999999998835847,True,3.0,0.20000000001164153,raw_diff|mean3(mp=3),f1,0
fault_1,50,4.899999999965075,True,3.0,0.20000000001164153,raw_diff|mean3(mp=3),f1,0
fault_12,42,4.099999999976717,True,3.0,0.20000000001164153,raw_diff|mean3(mp=3),f1,0
fault_8,25,2.3999999999650754,True,18.0,1.7000000000116415,raw_diff|mean3(mp=3),f1,0
fault_9,8,0.7000000000116415,True,3.0,0.20000000001164153,raw_diff|mean3(mp=3),f1,0
fault_1,50,4.899999999965075,True,3.0,0.20000000001164153,raw_diff|mean3(mp=3),f1,1
fault_12,42,4.099999999976717,True,3.0,0.20000000001164153,raw_diff|mean3(mp=3),f1,1
fault_15,50,4.900000000023283,True,35.0,3.400000000023283,raw_diff|mean3(mp=3),f1,1
fault_17,36,3.5,True,3.0,0.20000000001164153,raw_diff|mean3(mp=3),f1,1
fault_5,3,0.19999999995343387,True,3.0,0.19999999995343387,raw_diff|mean3(mp=3),f1,1
fault_8,25,2.3999999999650754,True,18.0,1.7000000000116415,raw_diff|mean3(mp=3),f1,1
fault_10,4,0.30000000004656613,True,3.0,0.20000000001164153,raw_diff|mean3(mp=3),f1,1
fault_13,28,2.7000000000116415,True,3.0,0.20000000001164153,raw_diff|mean3(mp=3),f1,1
fault_19,10,0.9000000000232831,False,,,raw_diff|mean3(mp=3),f1,1
fault_2,47,4.599999999976717,True,14.0,1.2999999999883585,raw_diff|mean3(mp=3),f1,1
fault_3,31,3.0,False,,,raw_diff|mean3(mp=3),f1,1
fault_16,50,4.900000000023283,True,3.0,0.20000000001164153,raw_diff|mean3(mp=3),f1,1
fault_18,24,2.2999999999883585,True,10.0,0.9000000000232831,raw_diff|mean3(mp=3),f1,1
fault_20,15,1.400000000023283,False,,,raw_diff|mean3(mp=3),f1,1
fault_7,40,3.900000000023283,True,3.0,0.20000000001164153,raw_diff|mean3(mp=3),f1,1
fault_9,8,0.7000000000116415,True,3.0,0.20000000001164153,raw_diff|mean3(mp=3),f1,1
fault_0,4,0.29999999998835847,True,3.0,0.20000000001164153,raw_diff|mean3(mp=3),f1,1
fault_11,50,4.900000000023283,True,3.0,0.20000000001164153,raw_diff|mean3(mp=3),f1,1
fault_14,15,1.3999999999650754,True,3.0,0.20000000001164153,raw_diff|mean3(mp=3),f1,1
fault_4,18,1.7000000000116415,True,4.0,0.30000000004656613,raw_diff|mean3(mp=3),f1,1
fault_6,50,4.900000000023283,True,3.0,0.20000000001164153,raw_diff|mean3(mp=3),f1,1
fault_1,50,4.899999999965075,True,3.0,0.20000000001164153,raw_diff|mean3(mp=3),f1,2
fault_13,28,2.7000000000116415,True,3.0,0.20000000001164153,raw_diff|mean3(mp=3),f1,2
fault_2,47,4.599999999976717,True,14.0,1.2999999999883585,raw_diff|mean3(mp=3),f1,2
fault_4,18,1.7000000000116415,True,4.0,0.30000000004656613,raw_diff|mean3(mp=3),f1,2
fault_7,40,3.900000000023283,True,3.0,0.20000000001164153,raw_diff|mean3(mp=3),f1,2
fault_8,25,2.3999999999650754,True,18.0,1.7000000000116415,raw_diff|mean3(mp=3),f1,2
fault_10,4,0.30000000004656613,True,3.0,0.20000000001164153,raw_diff|mean3(mp=3),f1,2
fault_11,50,4.900000000023283,True,3.0,0.20000000001164153,raw_diff|mean3(mp=3),f1,2
fault_15,50,4.900000000023283,True,35.0,3.400000000023283,raw_diff|mean3(mp=3),f1,2
fault_3,31,3.0,False,,,raw_diff|mean3(mp=3),f1,2
fault_9,8,0.7000000000116415,True,3.0,0.20000000001164153,raw_diff|mean3(mp=3),f1,2
fault_12,42,4.099999999976717,True,3.0,0.20000000001164153,raw_diff|mean3(mp=3),f1,2
fault_14,15,1.3999999999650754,True,3.0,0.20000000001164153,raw_diff|mean3(mp=3),f1,2
fault_18,24,2.2999999999883585,True,10.0,0.9000000000232831,raw_diff|mean3(mp=3),f1,2
fault_5,3,0.19999999995343387,True,3.0,0.19999999995343387,raw_diff|mean3(mp=3),f1,2
fault_6,50,4.900000000023283,True,3.0,0.20000000001164153,raw_diff|mean3(mp=3),f1,2
fault_0,4,0.29999999998835847,True,3.0,0.20000000001164153,raw_diff|mean3(mp=3),f1,2
fault_16,50,4.900000000023283,True,3.0,0.20000000001164153,raw_diff|mean3(mp=3),f1,2
fault_17,36,3.5,True,3.0,0.20000000001164153,raw_diff|mean3(mp=3),f1,2
fault_19,10,0.9000000000232831,False,,,raw_diff|mean3(mp=3),f1,2
fault_20,15,1.400000000023283,False,,,raw_diff|mean3(mp=3),f1,2
fault_10,4,0.30000000004656613,True,3.0,0.20000000001164153,raw_diff|mean3(mp=3),f1,3
fault_11,50,4.900000000023283,True,3.0,0.20000000001164153,raw_diff|mean3(mp=3),f1,3
fault_2,47,4.599999999976717,True,14.0,1.2999999999883585,raw_diff|mean3(mp=3),f1,3
fault_3,31,3.0,False,,,raw_diff|mean3(mp=3),f1,3
fault_6,50,4.900000000023283,True,3.0,0.20000000001164153,raw_diff|mean3(mp=3),f1,3
fault_8,25,2.3999999999650754,True,18.0,1.7000000000116415,raw_diff|mean3(mp=3),f1,3
fault_12,42,4.099999999976717,True,3.0,0.20000000001164153,raw_diff|mean3(mp=3),f1,3
fault_14,15,1.3999999999650754,True,3.0,0.20000000001164153,raw_diff|mean3(mp=3),f1,3
fault_16,50,4.900000000023283,True,3.0,0.20000000001164153,raw_diff|mean3(mp=3),f1,3
fault_19,10,0.9000000000232831,False,,,raw_diff|mean3(mp=3),f1,3
fault_9,8,0.7000000000116415,True,3.0,0.20000000001164153,raw_diff|mean3(mp=3),f1,3
fault_1,50,4.899999999965075,True,3.0,0.20000000001164153,raw_diff|mean3(mp=3),f1,3
fault_15,50,4.900000000023283,True,35.0,3.400000000023283,raw_diff|mean3(mp=3),f1,3
fault_17,36,3.5,True,3.0,0.20000000001164153,raw_diff|mean3(mp=3),f1,3
fault_4,18,1.7000000000116415,True,5.0,0.40000000002328306,raw_diff|mean3(mp=3),f1,3
fault_7,40,3.900000000023283,True,3.0,0.20000000001164153,raw_diff|mean3(mp=3),f1,3
fault_0,4,0.29999999998835847,True,3.0,0.20000000001164153,raw_diff|mean3(mp=3),f1,3
fault_13,28,2.7000000000116415,True,3.0,0.20000000001164153,raw_diff|mean3(mp=3),f1,3
fault_18,24,2.2999999999883585,True,10.0,0.9000000000232831,raw_diff|mean3(mp=3),f1,3
fault_20,15,1.400000000023283,False,,,raw_diff|mean3(mp=3),f1,3
fault_5,3,0.19999999995343387,True,3.0,0.19999999995343387,raw_diff|mean3(mp=3),f1,3
fault_0,4,0.29999999998835847,True,3.0,0.20000000001164153,raw_diff|mean3(mp=3),f1,4
fault_15,50,4.900000000023283,True,35.0,3.400000000023283,raw_diff|mean3(mp=3),f1,4
fault_18,24,2.2999999999883585,True,10.0,0.9000000000232831,raw_diff|mean3(mp=3),f1,4
fault_3,31,3.0,False,,,raw_diff|mean3(mp=3),f1,4
fault_5,3,0.19999999995343387,True,3.0,0.19999999995343387,raw_diff|mean3(mp=3),f1,4
fault_9,8,0.7000000000116415,True,3.0,0.20000000001164153,raw_diff|mean3(mp=3),f1,4
fault_1,50,4.899999999965075,True,3.0,0.20000000001164153,raw_diff|mean3(mp=3),f1,4
fault_12,42,4.099999999976717,True,3.0,0.20000000001164153,raw_diff|mean3(mp=3),f1,4
fault_13,28,2.7000000000116415,True,3.0,0.20000000001164153,raw_diff|mean3(mp=3),f1,4
fault_14,15,1.3999999999650754,True,3.0,0.20000000001164153,raw_diff|mean3(mp=3),f1,4
fault_4,18,1.7000000000116415,True,4.0,0.30000000004656613,raw_diff|mean3(mp=3),f1,4
fault_11,50,4.900000000023283,True,3.0,0.20000000001164153,raw_diff|mean3(mp=3),f1,4
fault_17,36,3.5,True,3.0,0.20000000001164153,raw_diff|mean3(mp=3),f1,4
fault_19,10,0.9000000000232831,False,,,raw_diff|mean3(mp=3),f1,4
fault_20,15,1.400000000023283,False,,,raw_diff|mean3(mp=3),f1,4
fault_6,50,4.900000000023283,True,3.0,0.20000000001164153,raw_diff|mean3(mp=3),f1,4
fault_10,4,0.30000000004656613,True,3.0,0.20000000001164153,raw_diff|mean3(mp=3),f1,4
fault_16,50,4.900000000023283,True,3.0,0.20000000001164153,raw_diff|mean3(mp=3),f1,4
fault_2,47,4.599999999976717,True,14.0,1.2999999999883585,raw_diff|mean3(mp=3),f1,4
fault_7,40,3.900000000023283,True,3.0,0.20000000001164153,raw_diff|mean3(mp=3),f1,4
fault_8,25,2.3999999999650754,True,18.0,1.7000000000116415,raw_diff|mean3(mp=3),f1,4
fault_10,4,0.30000000004656613,True,3.0,0.20000000001164153,raw_diff|mean3(mp=3),normal_quantile,0
fault_11,50,4.900000000023283,True,3.0,0.20000000001164153,raw_diff|mean3(mp=3),normal_quantile,0
fault_13,28,2.7000000000116415,True,3.0,0.20000000001164153,raw_diff|mean3(mp=3),normal_quantile,0
fault_18,24,2.2999999999883585,True,10.0,0.9000000000232831,raw_diff|mean3(mp=3),normal_quantile,0
fault_4,18,1.7000000000116415,True,4.0,0.30000000004656613,raw_diff|mean3(mp=3),normal_quantile,0
fault_6,50,4.900000000023283,True,3.0,0.20000000001164153,raw_diff|mean3(mp=3),normal_quantile,0
fault_19,10,0.9000000000232831,False,,,raw_diff|mean3(mp=3),normal_quantile,0
fault_2,47,4.599999999976717,True,14.0,1.2999999999883585,raw_diff|mean3(mp=3),normal_quantile,0
fault_20,15,1.400000000023283,False,,,raw_diff|mean3(mp=3),normal_quantile,0
fault_3,31,3.0,False,,,raw_diff|mean3(mp=3),normal_quantile,0
fault_7,40,3.900000000023283,True,3.0,0.20000000001164153,raw_diff|mean3(mp=3),normal_quantile,0
fault_14,15,1.3999999999650754,True,3.0,0.20000000001164153,raw_diff|mean3(mp=3),normal_quantile,0
fault_15,50,4.900000000023283,True,35.0,3.400000000023283,raw_diff|mean3(mp=3),normal_quantile,0
fault_16,50,4.900000000023283,True,3.0,0.20000000001164153,raw_diff|mean3(mp=3),normal_quantile,0
fault_17,36,3.5,True,3.0,0.20000000001164153,raw_diff|mean3(mp=3),normal_quantile,0
fault_5,3,0.19999999995343387,True,3.0,0.19999999995343387,raw_diff|mean3(mp=3),normal_quantile,0
fault_0,4,0.29999999998835847,True,3.0,0.20000000001164153,raw_diff|mean3(mp=3),normal_quantile,0
fault_1,50,4.899999999965075,True,3.0,0.20000000001164153,raw_diff|mean3(mp=3),normal_quantile,0
fault_12,42,4.099999999976717,True,3.0,0.20000000001164153,raw_diff|mean3(mp=3),normal_quantile,0
fault_8,25,2.3999999999650754,True,18.0,1.7000000000116415,raw_diff|mean3(mp=3),normal_quantile,0
fault_9,8,0.7000000000116415,True,3.0,0.20000000001164153,raw_diff|mean3(mp=3),normal_quantile,0
fault_1,50,4.899999999965075,True,3.0,0.20000000001164153,raw_diff|mean3(mp=3),normal_quantile,1
fault_12,42,4.099999999976717,True,3.0,0.20000000001164153,raw_diff|mean3(mp=3),normal_quantile,1
fault_15,50,4.900000000023283,True,35.0,3.400000000023283,raw_diff|mean3(mp=3),normal_quantile,1
fault_17,36,3.5,True,3.0,0.20000000001164153,raw_diff|mean3(mp=3),normal_quantile,1
fault_5,3,0.19999999995343387,True,3.0,0.19999999995343387,raw_diff|mean3(mp=3),normal_quantile,1
fault_8,25,2.3999999999650754,True,18.0,1.7000000000116415,raw_diff|mean3(mp=3),normal_quantile,1
fault_10,4,0.30000000004656613,True,3.0,0.20000000001164153,raw_diff|mean3(mp=3),normal_quantile,1
fault_13,28,2.7000000000116415,True,3.0,0.20000000001164153,raw_diff|mean3(mp=3),normal_quantile,1
fault_19,10,0.9000000000232831,False,,,raw_diff|mean3(mp=3),normal_quantile,1
fault_2,47,4.599999999976717,True,14.0,1.2999999999883585,raw_diff|mean3(mp=3),normal_quantile,1
fault_3,31,3.0,False,,,raw_diff|mean3(mp=3),normal_quantile,1
fault_16,50,4.900000000023283,True,3.0,0.20000000001164153,raw_diff|mean3(mp=3),normal_quantile,1
fault_18,24,2.2999999999883585,True,10.0,0.9000000000232831,raw_diff|mean3(mp=3),normal_quantile,1
fault_20,15,1.400000000023283,False,,,raw_diff|mean3(mp=3),normal_quantile,1
fault_7,40,3.900000000023283,True,3.0,0.20000000001164153,raw_diff|mean3(mp=3),normal_quantile,1
fault_9,8,0.7000000000116415,True,3.0,0.20000000001164153,raw_diff|mean3(mp=3),normal_quantile,1
fault_0,4,0.29999999998835847,True,3.0,0.20000000001164153,raw_diff|mean3(mp=3),normal_quantile,1
fault_11,50,4.900000000023283,True,3.0,0.20000000001164153,raw_diff|mean3(mp=3),normal_quantile,1
fault_14,15,1.3999999999650754,True,3.0,0.20000000001164153,raw_diff|mean3(mp=3),normal_quantile,1
fault_4,18,1.7000000000116415,True,5.0,0.40000000002328306,raw_diff|mean3(mp=3),normal_quantile,1
fault_6,50,4.900000000023283,True,3.0,0.20000000001164153,raw_diff|mean3(mp=3),normal_quantile,1
fault_1,50,4.899999999965075,True,3.0,0.20000000001164153,raw_diff|mean3(mp=3),normal_quantile,2
fault_13,28,2.7000000000116415,True,3.0,0.20000000001164153,raw_diff|mean3(mp=3),normal_quantile,2
fault_2,47,4.599999999976717,True,14.0,1.2999999999883585,raw_diff|mean3(mp=3),normal_quantile,2
fault_4,18,1.7000000000116415,True,4.0,0.30000000004656613,raw_diff|mean3(mp=3),normal_quantile,2
fault_7,40,3.900000000023283,True,3.0,0.20000000001164153,raw_diff|mean3(mp=3),normal_quantile,2
fault_8,25,2.3999999999650754,True,18.0,1.7000000000116415,raw_diff|mean3(mp=3),normal_quantile,2
fault_10,4,0.30000000004656613,True,3.0,0.20000000001164153,raw_diff|mean3(mp=3),normal_quantile,2
fault_11,50,4.900000000023283,True,3.0,0.20000000001164153,raw_diff|mean3(mp=3),normal_quantile,2
fault_15,50,4.900000000023283,True,35.0,3.400000000023283,raw_diff|mean3(mp=3),normal_quantile,2
fault_3,31,3.0,False,,,raw_diff|mean3(mp=3),normal_quantile,2
fault_9,8,0.7000000000116415,True,3.0,0.20000000001164153,raw_diff|mean3(mp=3),normal_quantile,2
fault_12,42,4.099999999976717,True,3.0,0.20000000001164153,raw_diff|mean3(mp=3),normal_quantile,2
fault_14,15,1.3999999999650754,True,3.0,0.20000000001164153,raw_diff|mean3(mp=3),normal_quantile,2
fault_18,24,2.2999999999883585,True,10.0,0.9000000000232831,raw_diff|mean3(mp=3),normal_quantile,2
fault_5,3,0.19999999995343387,True,3.0,0.19999999995343387,raw_diff|mean3(mp=3),normal_quantile,2
fault_6,50,4.900000000023283,True,3.0,0.20000000001164153,raw_diff|mean3(mp=3),normal_quantile,2
fault_0,4,0.29999999998835847,True,3.0,0.20000000001164153,raw_diff|mean3(mp=3),normal_quantile,2
fault_16,50,4.900000000023283,True,3.0,0.20000000001164153,raw_diff|mean3(mp=3),normal_quantile,2
fault_17,36,3.5,True,3.0,0.20000000001164153,raw_diff|mean3(mp=3),normal_quantile,2
fault_19,10,0.9000000000232831,False,,,raw_diff|mean3(mp=3),normal_quantile,2
fault_20,15,1.400000000023283,False,,,raw_diff|mean3(mp=3),normal_quantile,2
fault_10,4,0.30000000004656613,True,3.0,0.20000000001164153,raw_diff|mean3(mp=3),normal_quantile,3
fault_11,50,4.900000000023283,True,3.0,0.20000000001164153,raw_diff|mean3(mp=3),normal_quantile,3
fault_2,47,4.599999999976717,True,14.0,1.2999999999883585,raw_diff|mean3(mp=3),normal_quantile,3
fault_3,31,3.0,False,,,raw_diff|mean3(mp=3),normal_quantile,3
fault_6,50,4.900000000023283,True,3.0,0.20000000001164153,raw_diff|mean3(mp=3),normal_quantile,3
fault_8,25,2.3999999999650754,True,18.0,1.7000000000116415,raw_diff|mean3(mp=3),normal_quantile,3
fault_12,42,4.099999999976717,True,3.0,0.20000000001164153,raw_diff|mean3(mp=3),normal_quantile,3
fault_14,15,1.3999999999650754,True,3.0,0.20000000001164153,raw_diff|mean3(mp=3),normal_quantile,3
fault_16,50,4.900000000023283,True,3.0,0.20000000001164153,raw_diff|mean3(mp=3),normal_quantile,3
fault_19,10,0.9000000000232831,False,,,raw_diff|mean3(mp=3),normal_quantile,3
fault_9,8,0.7000000000116415,True,3.0,0.20000000001164153,raw_diff|mean3(mp=3),normal_quantile,3
fault_1,50,4.899999999965075,True,3.0,0.20000000001164153,raw_diff|mean3(mp=3),normal_quantile,3
fault_15,50,4.900000000023283,True,35.0,3.400000000023283,raw_diff|mean3(mp=3),normal_quantile,3
fault_17,36,3.5,True,3.0,0.20000000001164153,raw_diff|mean3(mp=3),normal_quantile,3
fault_4,18,1.7000000000116415,True,5.0,0.40000000002328306,raw_diff|mean3(mp=3),normal_quantile,3
fault_7,40,3.900000000023283,True,3.0,0.20000000001164153,raw_diff|mean3(mp=3),normal_quantile,3
fault_0,4,0.29999999998835847,True,3.0,0.20000000001164153,raw_diff|mean3(mp=3),normal_quantile,3
fault_13,28,2.7000000000116415,True,3.0,0.20000000001164153,raw_diff|mean3(mp=3),normal_quantile,3
fault_18,24,2.2999999999883585,True,10.0,0.9000000000232831,raw_diff|mean3(mp=3),normal_quantile,3
fault_20,15,1.400000000023283,False,,,raw_diff|mean3(mp=3),normal_quantile,3
fault_5,3,0.19999999995343387,True,3.0,0.19999999995343387,raw_diff|mean3(mp=3),normal_quantile,3
fault_0,4,0.29999999998835847,True,3.0,0.20000000001164153,raw_diff|mean3(mp=3),normal_quantile,4
fault_15,50,4.900000000023283,True,34.0,3.2999999999883585,raw_diff|mean3(mp=3),normal_quantile,4
fault_18,24,2.2999999999883585,True,10.0,0.9000000000232831,raw_diff|mean3(mp=3),normal_quantile,4
fault_3,31,3.0,False,,,raw_diff|mean3(mp=3),normal_quantile,4
fault_5,3,0.19999999995343387,True,3.0,0.19999999995343387,raw_diff|mean3(mp=3),normal_quantile,4
fault_9,8,0.7000000000116415,True,3.0,0.20000000001164153,raw_diff|mean3(mp=3),normal_quantile,4
fault_1,50,4.899999999965075,True,3.0,0.20000000001164153,raw_diff|mean3(mp=3),normal_quantile,4
fault_12,42,4.099999999976717,True,3.0,0.20000000001164153,raw_diff|mean3(mp=3),normal_quantile,4
fault_13,28,2.7000000000116415,True,3.0,0.20000000001164153,raw_diff|mean3(mp=3),normal_quantile,4
fault_14,15,1.3999999999650754,True,3.0,0.20000000001164153,raw_diff|mean3(mp=3),normal_quantile,4
fault_4,18,1.7000000000116415,True,4.0,0.30000000004656613,raw_diff|mean3(mp=3),normal_quantile,4
fault_11,50,4.900000000023283,True,3.0,0.20000000001164153,raw_diff|mean3(mp=3),normal_quantile,4
fault_17,36,3.5,True,3.0,0.20000000001164153,raw_diff|mean3(mp=3),normal_quantile,4
fault_19,10,0.9000000000232831,False,,,raw_diff|mean3(mp=3),normal_quantile,4
fault_20,15,1.400000000023283,False,,,raw_diff|mean3(mp=3),normal_quantile,4
fault_6,50,4.900000000023283,True,3.0,0.20000000001164153,raw_diff|mean3(mp=3),normal_quantile,4
fault_10,4,0.30000000004656613,True,3.0,0.20000000001164153,raw_diff|mean3(mp=3),normal_quantile,4
fault_16,50,4.900000000023283,True,3.0,0.20000000001164153,raw_diff|mean3(mp=3),normal_quantile,4
fault_2,47,4.599999999976717,True,14.0,1.2999999999883585,raw_diff|mean3(mp=3),normal_quantile,4
fault_7,40,3.900000000023283,True,3.0,0.20000000001164153,raw_diff|mean3(mp=3),normal_quantile,4
fault_8,25,2.3999999999650754,True,18.0,1.7000000000116415,raw_diff|mean3(mp=3),normal_quantile,4
fault_10,4,0.30000000004656613,False,,,raw_diff|mean5(mp=5),f1,0
fault_11,50,4.900000000023283,True,5.0,0.40000000002328306,raw_diff|mean5(mp=5),f1,0
fault_13,28,2.7000000000116415,True,5.0,0.40000000002328306,raw_diff|mean5(mp=5),f1,0
fault_18,24,2.2999999999883585,True,10.0,0.9000000000232831,raw_diff|mean5(mp=5),f1,0
fault_4,18,1.7000000000116415,True,5.0,0.40000000002328306,raw_diff|mean5(mp=5),f1,0
fault_6,50,4.900000000023283,True,5.0,0.40000000002328306,raw_diff|mean5(mp=5),f1,0
fault_19,10,0.9000000000232831,False,,,raw_diff|mean5(mp=5),f1,0
fault_2,47,4.599999999976717,True,14.0,1.2999999999883585,raw_diff|mean5(mp=5),f1,0
fault_20,15,1.400000000023283,False,,,raw_diff|mean5(mp=5),f1,0
fault_3,31,3.0,False,,,raw_diff|mean5(mp=5),f1,0
fault_7,40,3.900000000023283,True,5.0,0.40000000002328306,raw_diff|mean5(mp=5),f1,0
fault_14,15,1.3999999999650754,True,5.0,0.3999999999650754,raw_diff|mean5(mp=5),f1,0
fault_15,50,4.900000000023283,True,35.0,3.400000000023283,raw_diff|mean5(mp=5),f1,0
fault_16,50,4.900000000023283,True,5.0,0.40000000002328306,raw_diff|mean5(mp=5),f1,0
fault_17,36,3.5,True,5.0,0.40000000002328306,raw_diff|mean5(mp=5),f1,0
fault_5,3,0.19999999995343387,False,,,raw_diff|mean5(mp=5),f1,0
fault_0,4,0.29999999998835847,False,,,raw_diff|mean5(mp=5),f1,0
fault_1,50,4.899999999965075,True,5.0,0.3999999999650754,raw_diff|mean5(mp=5),f1,0
fault_12,42,4.099999999976717,True,5.0,0.40000000002328306,raw_diff|mean5(mp=5),f1,0
fault_8,25,2.3999999999650754,True,18.0,1.7000000000116415,raw_diff|mean5(mp=5),f1,0
fault_9,8,0.7000000000116415,True,5.0,0.3999999999650754,raw_diff|mean5(mp=5),f1,0
fault_1,50,4.899999999965075,True,5.0,0.3999999999650754,raw_diff|mean5(mp=5),f1,1
fault_12,42,4.099999999976717,True,5.0,0.40000000002328306,raw_diff|mean5(mp=5),f1,1
fault_15,50,4.900000000023283,True,35.0,3.400000000023283,raw_diff|mean5(mp=5),f1,1
fault_17,36,3.5,True,5.0,0.40000000002328306,raw_diff|mean5(mp=5),f1,1
fault_5,3,0.19999999995343387,False,,,raw_diff|mean5(mp=5),f1,1
fault_8,25,2.3999999999650754,True,18.0,1.7000000000116415,raw_diff|mean5(mp=5),f1,1
fault_10,4,0.30000000004656613,False,,,raw_diff|mean5(mp=5),f1,1
fault_13,28,2.7000000000116415,True,5.0,0.40000000002328306,raw_diff|mean5(mp=5),f1,1
fault_19,10,0.9000000000232831,False,,,raw_diff|mean5(mp=5),f1,1
fault_2,47,4.599999999976717,True,14.0,1.2999999999883585,raw_diff|mean5(mp=5),f1,1
fault_3,31,3.0,False,,,raw_diff|mean5(mp=5),f1,1
fault_16,50,4.900000000023283,True,5.0,0.40000000002328306,raw_diff|mean5(mp=5),f1,1
fault_18,24,2.2999999999883585,True,10.0,0.9000000000232831,raw_diff|mean5(mp=5),f1,1
fault_20,15,1.400000000023283,False,,,raw_diff|mean5(mp=5),f1,1
fault_7,40,3.900000000023283,True,5.0,0.40000000002328306,raw_diff|mean5(mp=5),f1,1
fault_9,8,0.7000000000116415,True,5.0,0.3999999999650754,raw_diff|mean5(mp=5),f1,1
fault_0,4,0.29999999998835847,False,,,raw_diff|mean5(mp=5),f1,1
fault_11,50,4.900000000023283,True,5.0,0.40000000002328306,raw_diff|mean5(mp=5),f1,1
fault_14,15,1.3999999999650754,True,5.0,0.3999999999650754,raw_diff|mean5(mp=5),f1,1
fault_4,18,1.7000000000116415,True,5.0,0.40000000002328306,raw_diff|mean5(mp=5),f1,1
fault_6,50,4.900000000023283,True,5.0,0.40000000002328306,raw_diff|mean5(mp=5),f1,1
fault_1,50,4.899999999965075,True,5.0,0.3999999999650754,raw_diff|mean5(mp=5),f1,2
fault_13,28,2.7000000000116415,True,5.0,0.40000000002328306,raw_diff|mean5(mp=5),f1,2
fault_2,47,4.599999999976717,True,14.0,1.2999999999883585,raw_diff|mean5(mp=5),f1,2
fault_4,18,1.7000000000116415,True,5.0,0.40000000002328306,raw_diff|mean5(mp=5),f1,2
fault_7,40,3.900000000023283,True,5.0,0.40000000002328306,raw_diff|mean5(mp=5),f1,2
fault_8,25,2.3999999999650754,True,18.0,1.7000000000116415,raw_diff|mean5(mp=5),f1,2
fault_10,4,0.30000000004656613,False,,,raw_diff|mean5(mp=5),f1,2
fault_11,50,4.900000000023283,True,5.0,0.40000000002328306,raw_diff|mean5(mp=5),f1,2
fault_15,50,4.900000000023283,True,35.0,3.400000000023283,raw_diff|mean5(mp=5),f1,2
fault_3,31,3.0,False,,,raw_diff|mean5(mp=5),f1,2
fault_9,8,0.7000000000116415,True,5.0,0.3999999999650754,raw_diff|mean5(mp=5),f1,2
fault_12,42,4.099999999976717,True,5.0,0.40000000002328306,raw_diff|mean5(mp=5),f1,2
fault_14,15,1.3999999999650754,True,5.0,0.3999999999650754,raw_diff|mean5(mp=5),f1,2
fault_18,24,2.2999999999883585,True,10.0,0.9000000000232831,raw_diff|mean5(mp=5),f1,2
fault_5,3,0.19999999995343387,False,,,raw_diff|mean5(mp=5),f1,2
fault_6,50,4.900000000023283,True,5.0,0.40000000002328306,raw_diff|mean5(mp=5),f1,2
fault_0,4,0.29999999998835847,False,,,raw_diff|mean5(mp=5),f1,2
fault_16,50,4.900000000023283,True,5.0,0.40000000002328306,raw_diff|mean5(mp=5),f1,2
fault_17,36,3.5,True,5.0,0.40000000002328306,raw_diff|mean5(mp=5),f1,2
fault_19,10,0.9000000000232831,False,,,raw_diff|mean5(mp=5),f1,2
fault_20,15,1.400000000023283,False,,,raw_diff|mean5(mp=5),f1,2
fault_10,4,0.30000000004656613,False,,,raw_diff|mean5(mp=5),f1,3
fault_11,50,4.900000000023283,True,5.0,0.40000000002328306,raw_diff|mean5(mp=5),f1,3
fault_2,47,4.599999999976717,True,14.0,1.2999999999883585,raw_diff|mean5(mp=5),f1,3
fault_3,31,3.0,False,,,raw_diff|mean5(mp=5),f1,3
fault_6,50,4.900000000023283,True,5.0,0.40000000002328306,raw_diff|mean5(mp=5),f1,3
fault_8,25,2.3999999999650754,True,18.0,1.7000000000116415,raw_diff|mean5(mp=5),f1,3
fault_12,42,4.099999999976717,True,5.0,0.40000000002328306,raw_diff|mean5(mp=5),f1,3
fault_14,15,1.3999999999650754,True,5.0,0.3999999999650754,raw_diff|mean5(mp=5),f1,3
fault_16,50,4.900000000023283,True,5.0,0.40000000002328306,raw_diff|mean5(mp=5),f1,3
fault_19,10,0.9000000000232831,False,,,raw_diff|mean5(mp=5),f1,3
fault_9,8,0.7000000000116415,True,5.0,0.3999999999650754,raw_diff|mean5(mp=5),f1,3
fault_1,50,4.899999999965075,True,5.0,0.3999999999650754,raw_diff|mean5(mp=5),f1,3
fault_15,50,4.900000000023283,True,35.0,3.400000000023283,raw_diff|mean5(mp=5),f1,3
fault_17,36,3.5,True,5.0,0.40000000002328306,raw_diff|mean5(mp=5),f1,3
fault_4,18,1.7000000000116415,True,5.0,0.40000000002328306,raw_diff|mean5(mp=5),f1,3
fault_7,40,3.900000000023283,True,5.0,0.40000000002328306,raw_diff|mean5(mp=5),f1,3
fault_0,4,0.29999999998835847,False,,,raw_diff|mean5(mp=5),f1,3
fault_13,28,2.7000000000116415,True,5.0,0.40000000002328306,raw_diff|mean5(mp=5),f1,3
fault_18,24,2.2999999999883585,True,10.0,0.9000000000232831,raw_diff|mean5(mp=5),f1,3
fault_20,15,1.400000000023283,False,,,raw_diff|mean5(mp=5),f1,3
fault_5,3,0.19999999995343387,False,,,raw_diff|mean5(mp=5),f1,3
fault_0,4,0.29999999998835847,False,,,raw_diff|mean5(mp=5),f1,4
fault_15,50,4.900000000023283,True,35.0,3.400000000023283,raw_diff|mean5(mp=5),f1,4
fault_18,24,2.2999999999883585,True,10.0,0.9000000000232831,raw_diff|mean5(mp=5),f1,4
fault_3,31,3.0,False,,,raw_diff|mean5(mp=5),f1,4
fault_5,3,0.19999999995343387,False,,,raw_diff|mean5(mp=5),f1,4
fault_9,8,0.7000000000116415,True,5.0,0.3999999999650754,raw_diff|mean5(mp=5),f1,4
fault_1,50,4.899999999965075,True,5.0,0.3999999999650754,raw_diff|mean5(mp=5),f1,4
fault_12,42,4.099999999976717,True,5.0,0.40000000002328306,raw_diff|mean5(mp=5),f1,4
fault_13,28,2.7000000000116415,True,5.0,0.40000000002328306,raw_diff|mean5(mp=5),f1,4
fault_14,15,1.3999999999650754,True,5.0,0.3999999999650754,raw_diff|mean5(mp=5),f1,4
fault_4,18,1.7000000000116415,True,5.0,0.40000000002328306,raw_diff|mean5(mp=5),f1,4
fault_11,50,4.900000000023283,True,5.0,0.40000000002328306,raw_diff|mean5(mp=5),f1,4
fault_17,36,3.5,True,5.0,0.40000000002328306,raw_diff|mean5(mp=5),f1,4
fault_19,10,0.9000000000232831,False,,,raw_diff|mean5(mp=5),f1,4
fault_20,15,1.400000000023283,False,,,raw_diff|mean5(mp=5),f1,4
fault_6,50,4.900000000023283,True,5.0,0.40000000002328306,raw_diff|mean5(mp=5),f1,4
fault_10,4,0.30000000004656613,False,,,raw_diff|mean5(mp=5),f1,4
fault_16,50,4.900000000023283,True,5.0,0.40000000002328306,raw_diff|mean5(mp=5),f1,4
fault_2,47,4.599999999976717,True,14.0,1.2999999999883585,raw_diff|mean5(mp=5),f1,4
fault_7,40,3.900000000023283,True,5.0,0.40000000002328306,raw_diff|mean5(mp=5),f1,4
fault_8,25,2.3999999999650754,True,18.0,1.7000000000116415,raw_diff|mean5(mp=5),f1,4
fault_10,4,0.30000000004656613,False,,,raw_diff|mean5(mp=5),normal_quantile,0
fault_11,50,4.900000000023283,True,5.0,0.40000000002328306,raw_diff|mean5(mp=5),normal_quantile,0
fault_13,28,2.7000000000116415,True,5.0,0.40000000002328306,raw_diff|mean5(mp=5),normal_quantile,0
fault_18,24,2.2999999999883585,True,10.0,0.9000000000232831,raw_diff|mean5(mp=5),normal_quantile,0
fault_4,18,1.7000000000116415,True,5.0,0.40000000002328306,raw_diff|mean5(mp=5),normal_quantile,0
fault_6,50,4.900000000023283,True,5.0,0.40000000002328306,raw_diff|mean5(mp=5),normal_quantile,0
fault_19,10,0.9000000000232831,False,,,raw_diff|mean5(mp=5),normal_quantile,0
fault_2,47,4.599999999976717,True,14.0,1.2999999999883585,raw_diff|mean5(mp=5),normal_quantile,0
fault_20,15,1.400000000023283,False,,,raw_diff|mean5(mp=5),normal_quantile,0
fault_3,31,3.0,False,,,raw_diff|mean5(mp=5),normal_quantile,0
fault_7,40,3.900000000023283,True,5.0,0.40000000002328306,raw_diff|mean5(mp=5),normal_quantile,0
fault_14,15,1.3999999999650754,True,5.0,0.3999999999650754,raw_diff|mean5(mp=5),normal_quantile,0
fault_15,50,4.900000000023283,True,35.0,3.400000000023283,raw_diff|mean5(mp=5),normal_quantile,0
fault_16,50,4.900000000023283,True,5.0,0.40000000002328306,raw_diff|mean5(mp=5),normal_quantile,0
fault_17,36,3.5,True,5.0,0.40000000002328306,raw_diff|mean5(mp=5),normal_quantile,0
fault_5,3,0.19999999995343387,False,,,raw_diff|mean5(mp=5),normal_quantile,0
fault_0,4,0.29999999998835847,False,,,raw_diff|mean5(mp=5),normal_quantile,0
fault_1,50,4.899999999965075,True,5.0,0.3999999999650754,raw_diff|mean5(mp=5),normal_quantile,0
fault_12,42,4.099999999976717,True,5.0,0.40000000002328306,raw_diff|mean5(mp=5),normal_quantile,0
fault_8,25,2.3999999999650754,True,18.0,1.7000000000116415,raw_diff|mean5(mp=5),normal_quantile,0
fault_9,8,0.7000000000116415,True,5.0,0.3999999999650754,raw_diff|mean5(mp=5),normal_quantile,0
fault_1,50,4.899999999965075,True,5.0,0.3999999999650754,raw_diff|mean5(mp=5),normal_quantile,1
fault_12,42,4.099999999976717,True,5.0,0.40000000002328306,raw_diff|mean5(mp=5),normal_quantile,1
fault_15,50,4.900000000023283,True,35.0,3.400000000023283,raw_diff|mean5(mp=5),normal_quantile,1
fault_17,36,3.5,True,5.0,0.40000000002328306,raw_diff|mean5(mp=5),normal_quantile,1
fault_5,3,0.19999999995343387,False,,,raw_diff|mean5(mp=5),normal_quantile,1
fault_8,25,2.3999999999650754,True,18.0,1.7000000000116415,raw_diff|mean5(mp=5),normal_quantile,1
fault_10,4,0.30000000004656613,False,,,raw_diff|mean5(mp=5),normal_quantile,1
fault_13,28,2.7000000000116415,True,5.0,0.40000000002328306,raw_diff|mean5(mp=5),normal_quantile,1
fault_19,10,0.9000000000232831,False,,,raw_diff|mean5(mp=5),normal_quantile,1
fault_2,47,4.599999999976717,True,14.0,1.2999999999883585,raw_diff|mean5(mp=5),normal_quantile,1
fault_3,31,3.0,False,,,raw_diff|mean5(mp=5),normal_quantile,1
fault_16,50,4.900000000023283,True,5.0,0.40000000002328306,raw_diff|mean5(mp=5),normal_quantile,1
fault_18,24,2.2999999999883585,True,10.0,0.9000000000232831,raw_diff|mean5(mp=5),normal_quantile,1
fault_20,15,1.400000000023283,False,,,raw_diff|mean5(mp=5),normal_quantile,1
fault_7,40,3.900000000023283,True,5.0,0.40000000002328306,raw_diff|mean5(mp=5),normal_quantile,1
fault_9,8,0.7000000000116415,True,5.0,0.3999999999650754,raw_diff|mean5(mp=5),normal_quantile,1
fault_0,4,0.29999999998835847,False,,,raw_diff|mean5(mp=5),normal_quantile,1
fault_11,50,4.900000000023283,True,5.0,0.40000000002328306,raw_diff|mean5(mp=5),normal_quantile,1
fault_14,15,1.3999999999650754,True,5.0,0.3999999999650754,raw_diff|mean5(mp=5),normal_quantile,1
fault_4,18,1.7000000000116415,True,5.0,0.40000000002328306,raw_diff|mean5(mp=5),normal_quantile,1
fault_6,50,4.900000000023283,True,5.0,0.40000000002328306,raw_diff|mean5(mp=5),normal_quantile,1
fault_1,50,4.899999999965075,True,5.0,0.3999999999650754,raw_diff|mean5(mp=5),normal_quantile,2
fault_13,28,2.7000000000116415,True,5.0,0.40000000002328306,raw_diff|mean5(mp=5),normal_quantile,2
fault_2,47,4.599999999976717,True,14.0,1.2999999999883585,raw_diff|mean5(mp=5),normal_quantile,2
fault_4,18,1.7000000000116415,True,5.0,0.40000000002328306,raw_diff|mean5(mp=5),normal_quantile,2
fault_7,40,3.900000000023283,True,5.0,0.40000000002328306,raw_diff|mean5(mp=5),normal_quantile,2
fault_8,25,2.3999999999650754,True,18.0,1.7000000000116415,raw_diff|mean5(mp=5),normal_quantile,2
fault_10,4,0.30000000004656613,False,,,raw_diff|mean5(mp=5),normal_quantile,2
fault_11,50,4.900000000023283,True,5.0,0.40000000002328306,raw_diff|mean5(mp=5),normal_quantile,2
fault_15,50,4.900000000023283,True,35.0,3.400000000023283,raw_diff|mean5(mp=5),normal_quantile,2
fault_3,31,3.0,False,,,raw_diff|mean5(mp=5),normal_quantile,2
fault_9,8,0.7000000000116415,True,5.0,0.3999999999650754,raw_diff|mean5(mp=5),normal_quantile,2
fault_12,42,4.099999999976717,True,5.0,0.40000000002328306,raw_diff|mean5(mp=5),normal_quantile,2
fault_14,15,1.3999999999650754,True,5.0,0.3999999999650754,raw_diff|mean5(mp=5),normal_quantile,2
fault_18,24,2.2999999999883585,True,10.0,0.9000000000232831,raw_diff|mean5(mp=5),normal_quantile,2
fault_5,3,0.19999999995343387,False,,,raw_diff|mean5(mp=5),normal_quantile,2
fault_6,50,4.900000000023283,True,5.0,0.40000000002328306,raw_diff|mean5(mp=5),normal_quantile,2
fault_0,4,0.29999999998835847,False,,,raw_diff|mean5(mp=5),normal_quantile,2
fault_16,50,4.900000000023283,True,5.0,0.40000000002328306,raw_diff|mean5(mp=5),normal_quantile,2
fault_17,36,3.5,True,5.0,0.40000000002328306,raw_diff|mean5(mp=5),normal_quantile,2
fault_19,10,0.9000000000232831,False,,,raw_diff|mean5(mp=5),normal_quantile,2
fault_20,15,1.400000000023283,False,,,raw_diff|mean5(mp=5),normal_quantile,2
fault_10,4,0.30000000004656613,False,,,raw_diff|mean5(mp=5),normal_quantile,3
fault_11,50,4.900000000023283,True,5.0,0.40000000002328306,raw_diff|mean5(mp=5),normal_quantile,3
fault_2,47,4.599999999976717,True,14.0,1.2999999999883585,raw_diff|mean5(mp=5),normal_quantile,3
fault_3,31,3.0,False,,,raw_diff|mean5(mp=5),normal_quantile,3
fault_6,50,4.900000000023283,True,5.0,0.40000000002328306,raw_diff|mean5(mp=5),normal_quantile,3
fault_8,25,2.3999999999650754,True,18.0,1.7000000000116415,raw_diff|mean5(mp=5),normal_quantile,3
fault_12,42,4.099999999976717,True,5.0,0.40000000002328306,raw_diff|mean5(mp=5),normal_quantile,3
fault_14,15,1.3999999999650754,True,5.0,0.3999999999650754,raw_diff|mean5(mp=5),normal_quantile,3
fault_16,50,4.900000000023283,True,5.0,0.40000000002328306,raw_diff|mean5(mp=5),normal_quantile,3
fault_19,10,0.9000000000232831,False,,,raw_diff|mean5(mp=5),normal_quantile,3
fault_9,8,0.7000000000116415,True,5.0,0.3999999999650754,raw_diff|mean5(mp=5),normal_quantile,3
fault_1,50,4.899999999965075,True,5.0,0.3999999999650754,raw_diff|mean5(mp=5),normal_quantile,3
fault_15,50,4.900000000023283,True,35.0,3.400000000023283,raw_diff|mean5(mp=5),normal_quantile,3
fault_17,36,3.5,True,5.0,0.40000000002328306,raw_diff|mean5(mp=5),normal_quantile,3
fault_4,18,1.7000000000116415,True,5.0,0.40000000002328306,raw_diff|mean5(mp=5),normal_quantile,3
fault_7,40,3.900000000023283,True,5.0,0.40000000002328306,raw_diff|mean5(mp=5),normal_quantile,3
fault_0,4,0.29999999998835847,False,,,raw_diff|mean5(mp=5),normal_quantile,3
fault_13,28,2.7000000000116415,True,5.0,0.40000000002328306,raw_diff|mean5(mp=5),normal_quantile,3
fault_18,24,2.2999999999883585,True,10.0,0.9000000000232831,raw_diff|mean5(mp=5),normal_quantile,3
fault_20,15,1.400000000023283,False,,,raw_diff|mean5(mp=5),normal_quantile,3
fault_5,3,0.19999999995343387,False,,,raw_diff|mean5(mp=5),normal_quantile,3
fault_0,4,0.29999999998835847,False,,,raw_diff|mean5(mp=5),normal_quantile,4
fault_15,50,4.900000000023283,True,35.0,3.400000000023283,raw_diff|mean5(mp=5),normal_quantile,4
fault_18,24,2.2999999999883585,True,10.0,0.9000000000232831,raw_diff|mean5(mp=5),normal_quantile,4
fault_3,31,3.0,False,,,raw_diff|mean5(mp=5),normal_quantile,4
fault_5,3,0.19999999995343387,False,,,raw_diff|mean5(mp=5),normal_quantile,4
fault_9,8,0.7000000000116415,True,5.0,0.3999999999650754,raw_diff|mean5(mp=5),normal_quantile,4
fault_1,50,4.899999999965075,True,5.0,0.3999999999650754,raw_diff|mean5(mp=5),normal_quantile,4
fault_12,42,4.099999999976717,True,5.0,0.40000000002328306,raw_diff|mean5(mp=5),normal_quantile,4
fault_13,28,2.7000000000116415,True,5.0,0.40000000002328306,raw_diff|mean5(mp=5),normal_quantile,4
fault_14,15,1.3999999999650754,True,5.0,0.3999999999650754,raw_diff|mean5(mp=5),normal_quantile,4
fault_4,18,1.7000000000116415,True,5.0,0.40000000002328306,raw_diff|mean5(mp=5),normal_quantile,4
fault_11,50,4.900000000023283,True,5.0,0.40000000002328306,raw_diff|mean5(mp=5),normal_quantile,4
fault_17,36,3.5,True,5.0,0.40000000002328306,raw_diff|mean5(mp=5),normal_quantile,4
fault_19,10,0.9000000000232831,False,,,raw_diff|mean5(mp=5),normal_quantile,4
fault_20,15,1.400000000023283,False,,,raw_diff|mean5(mp=5),normal_quantile,4
fault_6,50,4.900000000023283,True,5.0,0.40000000002328306,raw_diff|mean5(mp=5),normal_quantile,4
fault_10,4,0.30000000004656613,False,,,raw_diff|mean5(mp=5),normal_quantile,4
fault_16,50,4.900000000023283,True,5.0,0.40000000002328306,raw_diff|mean5(mp=5),normal_quantile,4
fault_2,47,4.599999999976717,True,14.0,1.2999999999883585,raw_diff|mean5(mp=5),normal_quantile,4
fault_7,40,3.900000000023283,True,5.0,0.40000000002328306,raw_diff|mean5(mp=5),normal_quantile,4
fault_8,25,2.3999999999650754,True,18.0,1.7000000000116415,raw_diff|mean5(mp=5),normal_quantile,4
fault_10,4,0.30000000004656613,False,,,raw_diff|mean10(mp=10),f1,0
fault_11,50,4.900000000023283,True,10.0,0.9000000000232831,raw_diff|mean10(mp=10),f1,0
fault_13,28,2.7000000000116415,True,10.0,0.9000000000232831,raw_diff|mean10(mp=10),f1,0
fault_18,24,2.2999999999883585,True,10.0,0.9000000000232831,raw_diff|mean10(mp=10),f1,0
fault_4,18,1.7000000000116415,True,10.0,0.9000000000232831,raw_diff|mean10(mp=10),f1,0
fault_6,50,4.900000000023283,True,10.0,0.9000000000232831,raw_diff|mean10(mp=10),f1,0
fault_19,10,0.9000000000232831,False,,,raw_diff|mean10(mp=10),f1,0
fault_2,47,4.599999999976717,True,14.0,1.2999999999883585,raw_diff|mean10(mp=10),f1,0
fault_20,15,1.400000000023283,False,,,raw_diff|mean10(mp=10),f1,0
fault_3,31,3.0,False,,,raw_diff|mean10(mp=10),f1,0
fault_7,40,3.900000000023283,True,10.0,0.9000000000232831,raw_diff|mean10(mp=10),f1,0
fault_14,15,1.3999999999650754,True,10.0,0.8999999999650754,raw_diff|mean10(mp=10),f1,0
fault_15,50,4.900000000023283,True,35.0,3.400000000023283,raw_diff|mean10(mp=10),f1,0
fault_16,50,4.900000000023283,True,10.0,0.9000000000232831,raw_diff|mean10(mp=10),f1,0
fault_17,36,3.5,True,10.0,0.9000000000232831,raw_diff|mean10(mp=10),f1,0
fault_5,3,0.19999999995343387,False,,,raw_diff|mean10(mp=10),f1,0
fault_0,4,0.29999999998835847,False,,,raw_diff|mean10(mp=10),f1,0
fault_1,50,4.899999999965075,True,10.0,0.8999999999650754,raw_diff|mean10(mp=10),f1,0
fault_12,42,4.099999999976717,True,10.0,0.9000000000232831,raw_diff|mean10(mp=10),f1,0
fault_8,25,2.3999999999650754,True,18.0,1.7000000000116415,raw_diff|mean10(mp=10),f1,0
fault_9,8,0.7000000000116415,False,,,raw_diff|mean10(mp=10),f1,0
fault_1,50,4.899999999965075,True,10.0,0.8999999999650754,raw_diff|mean10(mp=10),f1,1
fault_12,42,4.099999999976717,True,10.0,0.9000000000232831,raw_diff|mean10(mp=10),f1,1
fault_15,50,4.900000000023283,True,35.0,3.400000000023283,raw_diff|mean10(mp=10),f1,1
fault_17,36,3.5,True,10.0,0.9000000000232831,raw_diff|mean10(mp=10),f1,1
fault_5,3,0.19999999995343387,False,,,raw_diff|mean10(mp=10),f1,1
fault_8,25,2.3999999999650754,True,18.0,1.7000000000116415,raw_diff|mean10(mp=10),f1,1
fault_10,4,0.30000000004656613,False,,,raw_diff|mean10(mp=10),f1,1
fault_13,28,2.7000000000116415,True,10.0,0.9000000000232831,raw_diff|mean10(mp=10),f1,1
fault_19,10,0.9000000000232831,False,,,raw_diff|mean10(mp=10),f1,1
fault_2,47,4.599999999976717,True,14.0,1.2999999999883585,raw_diff|mean10(mp=10),f1,1
fault_3,31,3.0,False,,,raw_diff|mean10(mp=10),f1,1
fault_16,50,4.900000000023283,True,10.0,0.9000000000232831,raw_diff|mean10(mp=10),f1,1
fault_18,24,2.2999999999883585,True,10.0,0.9000000000232831,raw_diff|mean10(mp=10),f1,1
fault_20,15,1.400000000023283,False,,,raw_diff|mean10(mp=10),f1,1
fault_7,40,3.900000000023283,True,10.0,0.9000000000232831,raw_diff|mean10(mp=10),f1,1
fault_9,8,0.7000000000116415,False,,,raw_diff|mean10(mp=10),f1,1
fault_0,4,0.29999999998835847,False,,,raw_diff|mean10(mp=10),f1,1
fault_11,50,4.900000000023283,True,10.0,0.9000000000232831,raw_diff|mean10(mp=10),f1,1
fault_14,15,1.3999999999650754,True,10.0,0.8999999999650754,raw_diff|mean10(mp=10),f1,1
fault_4,18,1.7000000000116415,True,10.0,0.9000000000232831,raw_diff|mean10(mp=10),f1,1
fault_6,50,4.900000000023283,True,10.0,0.9000000000232831,raw_diff|mean10(mp=10),f1,1
fault_1,50,4.899999999965075,True,10.0,0.8999999999650754,raw_diff|mean10(mp=10),f1,2
fault_13,28,2.7000000000116415,True,10.0,0.9000000000232831,raw_diff|mean10(mp=10),f1,2
fault_2,47,4.599999999976717,True,14.0,1.2999999999883585,raw_diff|mean10(mp=10),f1,2
fault_4,18,1.7000000000116415,True,10.0,0.9000000000232831,raw_diff|mean10(mp=10),f1,2
fault_7,40,3.900000000023283,True,10.0,0.9000000000232831,raw_diff|mean10(mp=10),f1,2
fault_8,25,2.3999999999650754,True,18.0,1.7000000000116415,raw_diff|mean10(mp=10),f1,2
fault_10,4,0.30000000004656613,False,,,raw_diff|mean10(mp=10),f1,2
fault_11,50,4.900000000023283,True,10.0,0.9000000000232831,raw_diff|mean10(mp=10),f1,2
fault_15,50,4.900000000023283,True,35.0,3.400000000023283,raw_diff|mean10(mp=10),f1,2
fault_3,31,3.0,False,,,raw_diff|mean10(mp=10),f1,2
fault_9,8,0.7000000000116415,False,,,raw_diff|mean10(mp=10),f1,2
fault_12,42,4.099999999976717,True,10.0,0.9000000000232831,raw_diff|mean10(mp=10),f1,2
fault_14,15,1.3999999999650754,True,10.0,0.8999999999650754,raw_diff|mean10(mp=10),f1,2
fault_18,24,2.2999999999883585,True,10.0,0.9000000000232831,raw_diff|mean10(mp=10),f1,2
fault_5,3,0.19999999995343387,False,,,raw_diff|mean10(mp=10),f1,2
fault_6,50,4.900000000023283,True,10.0,0.9000000000232831,raw_diff|mean10(mp=10),f1,2
fault_0,4,0.29999999998835847,False,,,raw_diff|mean10(mp=10),f1,2
fault_16,50,4.900000000023283,True,10.0,0.9000000000232831,raw_diff|mean10(mp=10),f1,2
fault_17,36,3.5,True,10.0,0.9000000000232831,raw_diff|mean10(mp=10),f1,2
fault_19,10,0.9000000000232831,False,,,raw_diff|mean10(mp=10),f1,2
fault_20,15,1.400000000023283,False,,,raw_diff|mean10(mp=10),f1,2
fault_10,4,0.30000000004656613,False,,,raw_diff|mean10(mp=10),f1,3
fault_11,50,4.900000000023283,True,10.0,0.9000000000232831,raw_diff|mean10(mp=10),f1,3
fault_2,47,4.599999999976717,True,14.0,1.2999999999883585,raw_diff|mean10(mp=10),f1,3
fault_3,31,3.0,False,,,raw_diff|mean10(mp=10),f1,3
fault_6,50,4.900000000023283,True,10.0,0.9000000000232831,raw_diff|mean10(mp=10),f1,3
fault_8,25,2.3999999999650754,True,18.0,1.7000000000116415,raw_diff|mean10(mp=10),f1,3
fault_12,42,4.099999999976717,True,10.0,0.9000000000232831,raw_diff|mean10(mp=10),f1,3
fault_14,15,1.3999999999650754,True,10.0,0.8999999999650754,raw_diff|mean10(mp=10),f1,3
fault_16,50,4.900000000023283,True,10.0,0.9000000000232831,raw_diff|mean10(mp=10),f1,3
fault_19,10,0.9000000000232831,False,,,raw_diff|mean10(mp=10),f1,3
fault_9,8,0.7000000000116415,False,,,raw_diff|mean10(mp=10),f1,3
fault_1,50,4.899999999965075,True,10.0,0.8999999999650754,raw_diff|mean10(mp=10),f1,3
fault_15,50,4.900000000023283,True,36.0,3.5,raw_diff|mean10(mp=10),f1,3
fault_17,36,3.5,True,10.0,0.9000000000232831,raw_diff|mean10(mp=10),f1,3
fault_4,18,1.7000000000116415,True,10.0,0.9000000000232831,raw_diff|mean10(mp=10),f1,3
fault_7,40,3.900000000023283,True,10.0,0.9000000000232831,raw_diff|mean10(mp=10),f1,3
fault_0,4,0.29999999998835847,False,,,raw_diff|mean10(mp=10),f1,3
fault_13,28,2.7000000000116415,True,10.0,0.9000000000232831,raw_diff|mean10(mp=10),f1,3
fault_18,24,2.2999999999883585,True,10.0,0.9000000000232831,raw_diff|mean10(mp=10),f1,3
fault_20,15,1.400000000023283,False,,,raw_diff|mean10(mp=10),f1,3
fault_5,3,0.19999999995343387,False,,,raw_diff|mean10(mp=10),f1,3
fault_0,4,0.29999999998835847,False,,,raw_diff|mean10(mp=10),f1,4
fault_15,50,4.900000000023283,True,35.0,3.400000000023283,raw_diff|mean10(mp=10),f1,4
fault_18,24,2.2999999999883585,True,10.0,0.9000000000232831,raw_diff|mean10(mp=10),f1,4
fault_3,31,3.0,False,,,raw_diff|mean10(mp=10),f1,4
fault_5,3,0.19999999995343387,False,,,raw_diff|mean10(mp=10),f1,4
fault_9,8,0.7000000000116415,False,,,raw_diff|mean10(mp=10),f1,4
fault_1,50,4.899999999965075,True,10.0,0.8999999999650754,raw_diff|mean10(mp=10),f1,4
fault_12,42,4.099999999976717,True,10.0,0.9000000000232831,raw_diff|mean10(mp=10),f1,4
fault_13,28,2.7000000000116415,True,10.0,0.9000000000232831,raw_diff|mean10(mp=10),f1,4
fault_14,15,1.3999999999650754,True,10.0,0.8999999999650754,raw_diff|mean10(mp=10),f1,4
fault_4,18,1.7000000000116415,True,10.0,0.9000000000232831,raw_diff|mean10(mp=10),f1,4
fault_11,50,4.900000000023283,True,10.0,0.9000000000232831,raw_diff|mean10(mp=10),f1,4
fault_17,36,3.5,True,10.0,0.9000000000232831,raw_diff|mean10(mp=10),f1,4
fault_19,10,0.9000000000232831,False,,,raw_diff|mean10(mp=10),f1,4
fault_20,15,1.400000000023283,False,,,raw_diff|mean10(mp=10),f1,4
fault_6,50,4.900000000023283,True,10.0,0.9000000000232831,raw_diff|mean10(mp=10),f1,4
fault_10,4,0.30000000004656613,False,,,raw_diff|mean10(mp=10),f1,4
fault_16,50,4.900000000023283,True,10.0,0.9000000000232831,raw_diff|mean10(mp=10),f1,4
fault_2,47,4.599999999976717,True,15.0,1.3999999999650754,raw_diff|mean10(mp=10),f1,4
fault_7,40,3.900000000023283,True,10.0,0.9000000000232831,raw_diff|mean10(mp=10),f1,4
fault_8,25,2.3999999999650754,True,18.0,1.7000000000116415,raw_diff|mean10(mp=10),f1,4
fault_10,4,0.30000000004656613,False,,,raw_diff|mean10(mp=10),normal_quantile,0
fault_11,50,4.900000000023283,True,10.0,0.9000000000232831,raw_diff|mean10(mp=10),normal_quantile,0
fault_13,28,2.7000000000116415,True,10.0,0.9000000000232831,raw_diff|mean10(mp=10),normal_quantile,0
fault_18,24,2.2999999999883585,True,10.0,0.9000000000232831,raw_diff|mean10(mp=10),normal_quantile,0
fault_4,18,1.7000000000116415,True,10.0,0.9000000000232831,raw_diff|mean10(mp=10),normal_quantile,0
fault_6,50,4.900000000023283,True,10.0,0.9000000000232831,raw_diff|mean10(mp=10),normal_quantile,0
fault_19,10,0.9000000000232831,False,,,raw_diff|mean10(mp=10),normal_quantile,0
fault_2,47,4.599999999976717,True,14.0,1.2999999999883585,raw_diff|mean10(mp=10),normal_quantile,0
fault_20,15,1.400000000023283,False,,,raw_diff|mean10(mp=10),normal_quantile,0
fault_3,31,3.0,False,,,raw_diff|mean10(mp=10),normal_quantile,0
fault_7,40,3.900000000023283,True,10.0,0.9000000000232831,raw_diff|mean10(mp=10),normal_quantile,0
fault_14,15,1.3999999999650754,True,10.0,0.8999999999650754,raw_diff|mean10(mp=10),normal_quantile,0
fault_15,50,4.900000000023283,True,35.0,3.400000000023283,raw_diff|mean10(mp=10),normal_quantile,0
fault_16,50,4.900000000023283,True,10.0,0.9000000000232831,raw_diff|mean10(mp=10),normal_quantile,0
fault_17,36,3.5,True,10.0,0.9000000000232831,raw_diff|mean10(mp=10),normal_quantile,0
fault_5,3,0.19999999995343387,False,,,raw_diff|mean10(mp=10),normal_quantile,0
fault_0,4,0.29999999998835847,False,,,raw_diff|mean10(mp=10),normal_quantile,0
fault_1,50,4.899999999965075,True,10.0,0.8999999999650754,raw_diff|mean10(mp=10),normal_quantile,0
fault_12,42,4.099999999976717,True,10.0,0.9000000000232831,raw_diff|mean10(mp=10),normal_quantile,0
fault_8,25,2.3999999999650754,True,18.0,1.7000000000116415,raw_diff|mean10(mp=10),normal_quantile,0
fault_9,8,0.7000000000116415,False,,,raw_diff|mean10(mp=10),normal_quantile,0
fault_1,50,4.899999999965075,True,10.0,0.8999999999650754,raw_diff|mean10(mp=10),normal_quantile,1
fault_12,42,4.099999999976717,True,10.0,0.9000000000232831,raw_diff|mean10(mp=10),normal_quantile,1
fault_15,50,4.900000000023283,True,35.0,3.400000000023283,raw_diff|mean10(mp=10),normal_quantile,1
fault_17,36,3.5,True,10.0,0.9000000000232831,raw_diff|mean10(mp=10),normal_quantile,1
fault_5,3,0.19999999995343387,False,,,raw_diff|mean10(mp=10),normal_quantile,1
fault_8,25,2.3999999999650754,True,18.0,1.7000000000116415,raw_diff|mean10(mp=10),normal_quantile,1
fault_10,4,0.30000000004656613,False,,,raw_diff|mean10(mp=10),normal_quantile,1
fault_13,28,2.7000000000116415,True,10.0,0.9000000000232831,raw_diff|mean10(mp=10),normal_quantile,1
fault_19,10,0.9000000000232831,False,,,raw_diff|mean10(mp=10),normal_quantile,1
fault_2,47,4.599999999976717,True,14.0,1.2999999999883585,raw_diff|mean10(mp=10),normal_quantile,1
fault_3,31,3.0,False,,,raw_diff|mean10(mp=10),normal_quantile,1
fault_16,50,4.900000000023283,True,10.0,0.9000000000232831,raw_diff|mean10(mp=10),normal_quantile,1
fault_18,24,2.2999999999883585,True,10.0,0.9000000000232831,raw_diff|mean10(mp=10),normal_quantile,1
fault_20,15,1.400000000023283,False,,,raw_diff|mean10(mp=10),normal_quantile,1
fault_7,40,3.900000000023283,True,10.0,0.9000000000232831,raw_diff|mean10(mp=10),normal_quantile,1
fault_9,8,0.7000000000116415,False,,,raw_diff|mean10(mp=10),normal_quantile,1
fault_0,4,0.29999999998835847,False,,,raw_diff|mean10(mp=10),normal_quantile,1
fault_11,50,4.900000000023283,True,10.0,0.9000000000232831,raw_diff|mean10(mp=10),normal_quantile,1
fault_14,15,1.3999999999650754,True,10.0,0.8999999999650754,raw_diff|mean10(mp=10),normal_quantile,1
fault_4,18,1.7000000000116415,True,10.0,0.9000000000232831,raw_diff|mean10(mp=10),normal_quantile,1
fault_6,50,4.900000000023283,True,10.0,0.9000000000232831,raw_diff|mean10(mp=10),normal_quantile,1
fault_1,50,4.899999999965075,True,10.0,0.8999999999650754,raw_diff|mean10(mp=10),normal_quantile,2
fault_13,28,2.7000000000116415,True,10.0,0.9000000000232831,raw_diff|mean10(mp=10),normal_quantile,2
fault_2,47,4.599999999976717,True,14.0,1.2999999999883585,raw_diff|mean10(mp=10),normal_quantile,2
fault_4,18,1.7000000000116415,True,10.0,0.9000000000232831,raw_diff|mean10(mp=10),normal_quantile,2
fault_7,40,3.900000000023283,True,10.0,0.9000000000232831,raw_diff|mean10(mp=10),normal_quantile,2
fault_8,25,2.3999999999650754,True,18.0,1.7000000000116415,raw_diff|mean10(mp=10),normal_quantile,2
fault_10,4,0.30000000004656613,False,,,raw_diff|mean10(mp=10),normal_quantile,2
fault_11,50,4.900000000023283,True,10.0,0.9000000000232831,raw_diff|mean10(mp=10),normal_quantile,2
fault_15,50,4.900000000023283,True,35.0,3.400000000023283,raw_diff|mean10(mp=10),normal_quantile,2
fault_3,31,3.0,False,,,raw_diff|mean10(mp=10),normal_quantile,2
fault_9,8,0.7000000000116415,False,,,raw_diff|mean10(mp=10),normal_quantile,2
fault_12,42,4.099999999976717,True,10.0,0.9000000000232831,raw_diff|mean10(mp=10),normal_quantile,2
fault_14,15,1.3999999999650754,True,10.0,0.8999999999650754,raw_diff|mean10(mp=10),normal_quantile,2
fault_18,24,2.2999999999883585,True,10.0,0.9000000000232831,raw_diff|mean10(mp=10),normal_quantile,2
fault_5,3,0.19999999995343387,False,,,raw_diff|mean10(mp=10),normal_quantile,2
fault_6,50,4.900000000023283,True,10.0,0.9000000000232831,raw_diff|mean10(mp=10),normal_quantile,2
fault_0,4,0.29999999998835847,False,,,raw_diff|mean10(mp=10),normal_quantile,2
fault_16,50,4.900000000023283,True,10.0,0.9000000000232831,raw_diff|mean10(mp=10),normal_quantile,2
fault_17,36,3.5,True,10.0,0.9000000000232831,raw_diff|mean10(mp=10),normal_quantile,2
fault_19,10,0.9000000000232831,False,,,raw_diff|mean10(mp=10),normal_quantile,2
fault_20,15,1.400000000023283,False,,,raw_diff|mean10(mp=10),normal_quantile,2
fault_10,4,0.30000000004656613,False,,,raw_diff|mean10(mp=10),normal_quantile,3
fault_11,50,4.900000000023283,True,10.0,0.9000000000232831,raw_diff|mean10(mp=10),normal_quantile,3
fault_2,47,4.599999999976717,True,14.0,1.2999999999883585,raw_diff|mean10(mp=10),normal_quantile,3
fault_3,31,3.0,False,,,raw_diff|mean10(mp=10),normal_quantile,3
fault_6,50,4.900000000023283,True,10.0,0.9000000000232831,raw_diff|mean10(mp=10),normal_quantile,3
fault_8,25,2.3999999999650754,True,18.0,1.7000000000116415,raw_diff|mean10(mp=10),normal_quantile,3
fault_12,42,4.099999999976717,True,10.0,0.9000000000232831,raw_diff|mean10(mp=10),normal_quantile,3
fault_14,15,1.3999999999650754,True,10.0,0.8999999999650754,raw_diff|mean10(mp=10),normal_quantile,3
fault_16,50,4.900000000023283,True,10.0,0.9000000000232831,raw_diff|mean10(mp=10),normal_quantile,3
fault_19,10,0.9000000000232831,False,,,raw_diff|mean10(mp=10),normal_quantile,3
fault_9,8,0.7000000000116415,False,,,raw_diff|mean10(mp=10),normal_quantile,3
fault_1,50,4.899999999965075,True,10.0,0.8999999999650754,raw_diff|mean10(mp=10),normal_quantile,3
fault_15,50,4.900000000023283,True,35.0,3.400000000023283,raw_diff|mean10(mp=10),normal_quantile,3
fault_17,36,3.5,True,10.0,0.9000000000232831,raw_diff|mean10(mp=10),normal_quantile,3
fault_4,18,1.7000000000116415,True,10.0,0.9000000000232831,raw_diff|mean10(mp=10),normal_quantile,3
fault_7,40,3.900000000023283,True,10.0,0.9000000000232831,raw_diff|mean10(mp=10),normal_quantile,3
fault_0,4,0.29999999998835847,False,,,raw_diff|mean10(mp=10),normal_quantile,3
fault_13,28,2.7000000000116415,True,10.0,0.9000000000232831,raw_diff|mean10(mp=10),normal_quantile,3
fault_18,24,2.2999999999883585,True,10.0,0.9000000000232831,raw_diff|mean10(mp=10),normal_quantile,3
fault_20,15,1.400000000023283,False,,,raw_diff|mean10(mp=10),normal_quantile,3
fault_5,3,0.19999999995343387,False,,,raw_diff|mean10(mp=10),normal_quantile,3
fault_0,4,0.29999999998835847,False,,,raw_diff|mean10(mp=10),normal_quantile,4
fault_15,50,4.900000000023283,True,35.0,3.400000000023283,raw_diff|mean10(mp=10),normal_quantile,4
fault_18,24,2.2999999999883585,True,10.0,0.9000000000232831,raw_diff|mean10(mp=10),normal_quantile,4
fault_3,31,3.0,False,,,raw_diff|mean10(mp=10),normal_quantile,4
fault_5,3,0.19999999995343387,False,,,raw_diff|mean10(mp=10),normal_quantile,4
fault_9,8,0.7000000000116415,False,,,raw_diff|mean10(mp=10),normal_quantile,4
fault_1,50,4.899999999965075,True,10.0,0.8999999999650754,raw_diff|mean10(mp=10),normal_quantile,4
fault_12,42,4.099999999976717,True,10.0,0.9000000000232831,raw_diff|mean10(mp=10),normal_quantile,4
fault_13,28,2.7000000000116415,True,10.0,0.9000000000232831,raw_diff|mean10(mp=10),normal_quantile,4
fault_14,15,1.3999999999650754,True,10.0,0.8999999999650754,raw_diff|mean10(mp=10),normal_quantile,4
fault_4,18,1.7000000000116415,True,10.0,0.9000000000232831,raw_diff|mean10(mp=10),normal_quantile,4
fault_11,50,4.900000000023283,True,10.0,0.9000000000232831,raw_diff|mean10(mp=10),normal_quantile,4
fault_17,36,3.5,True,10.0,0.9000000000232831,raw_diff|mean10(mp=10),normal_quantile,4
fault_19,10,0.9000000000232831,False,,,raw_diff|mean10(mp=10),normal_quantile,4
fault_20,15,1.400000000023283,False,,,raw_diff|mean10(mp=10),normal_quantile,4
fault_6,50,4.900000000023283,True,10.0,0.9000000000232831,raw_diff|mean10(mp=10),normal_quantile,4
fault_10,4,0.30000000004656613,False,,,raw_diff|mean10(mp=10),normal_quantile,4
fault_16,50,4.900000000023283,True,10.0,0.9000000000232831,raw_diff|mean10(mp=10),normal_quantile,4
fault_2,47,4.599999999976717,True,14.0,1.2999999999883585,raw_diff|mean10(mp=10),normal_quantile,4
fault_7,40,3.900000000023283,True,10.0,0.9000000000232831,raw_diff|mean10(mp=10),normal_quantile,4
fault_8,25,2.3999999999650754,True,18.0,1.7000000000116415,raw_diff|mean10(mp=10),normal_quantile,4
